Skill ID,Skill Name,Skill Type,Info URL
ES67DFA2E1A6147D3C6D,10-Hour OSHA Construction Card,Certification,https://lightcast.io/open-skills/skills/ES67DFA2E1A6147D3C6D
ES1A2BE4BB97545058AD,10-Hour OSHA General Industry Card,Certification,https://lightcast.io/open-skills/skills/ES1A2BE4BB97545058AD
ES769C0970B9C7902C9D,100-Ton Master Captain's License,Certification,https://lightcast.io/open-skills/skills/ES769C0970B9C7902C9D
ES5B35DE2ED675A8EFC3,1st Class Power Engineer Certificate,Certification,https://lightcast.io/open-skills/skills/ES5B35DE2ED675A8EFC3
ES28DF79DFF7EF9EACDE,200-Ton Master Captain's License,Certification,https://lightcast.io/open-skills/skills/ES28DF79DFF7EF9EACDE
ES6864C564270AACA4CB,25-Ton Master Captain's License,Certification,https://lightcast.io/open-skills/skills/ES6864C564270AACA4CB
ES8BDBBAA6AB10DE1E58,2nd Class Power Engineer Certificate,Certification,https://lightcast.io/open-skills/skills/ES8BDBBAA6AB10DE1E58
ES490FB5A97C181C8CA0,30-Hour MIOSHA Safety Certification,Certification,https://lightcast.io/open-skills/skills/ES490FB5A97C181C8CA0
ES7AE78C7222D7FAB9C1,30-Hour OSHA Construction Card,Certification,https://lightcast.io/open-skills/skills/ES7AE78C7222D7FAB9C1
ES17426C347D7CB45DE3,30-Hour OSHA General Industry Card,Certification,https://lightcast.io/open-skills/skills/ES17426C347D7CB45DE3
ESF779A5C0C5C3D9EF42,3A Pesticide Applicator License,Certification,https://lightcast.io/open-skills/skills/ESF779A5C0C5C3D9EF42
ESCB9BDF09B45480E584,3B Pesticide Applicator License,Certification,https://lightcast.io/open-skills/skills/ESCB9BDF09B45480E584
KS1201C66L7TG167P9ZN,3COM Certified IP Telephony NBX Expert,Certification,https://lightcast.io/open-skills/skills/KS1201C66L7TG167P9ZN
KS1201D70SNS03FL6WB1,3COM Certified IP Telephony VCX Expert,Certification,https://lightcast.io/open-skills/skills/KS1201D70SNS03FL6WB1
ES7FDFD39CA61932DD5E,3Com Certified Wireless Specialist,Certification,https://lightcast.io/open-skills/skills/ES7FDFD39CA61932DD5E
ES9771616561B7608AA9,3G Welding Certification,Certification,https://lightcast.io/open-skills/skills/ES9771616561B7608AA9
ESD70589D5AAE4184491,3M Certified,Certification,https://lightcast.io/open-skills/skills/ESD70589D5AAE4184491
ES518A2699C147D0BF6A,3rd Class Power Engineer Certificate,Certification,https://lightcast.io/open-skills/skills/ES518A2699C147D0BF6A
ES43948E62B6A4A0CFA3,4G Welding Certification,Certification,https://lightcast.io/open-skills/skills/ES43948E62B6A4A0CFA3
ES7B87A710947DFADEC7,4th Class Power Engineer Certificate,Certification,https://lightcast.io/open-skills/skills/ES7B87A710947DFADEC7
ES8458362835461810F2,50-Ton Master Captain's License,Certification,https://lightcast.io/open-skills/skills/ES8458362835461810F2
ES755634A365420CB7D9,500-Ton Master Captain's License,Certification,https://lightcast.io/open-skills/skills/ES755634A365420CB7D9
ESE509A51EFCA605C729,5S Methodology Certification,Certification,https://lightcast.io/open-skills/skills/ESE509A51EFCA605C729
ES22B0F9DBB949E3C282,5th Class Power Engineer Certificate,Certification,https://lightcast.io/open-skills/skills/ES22B0F9DBB949E3C282
ES8C1C07DF92D164F349,6G Welding Certification,Certification,https://lightcast.io/open-skills/skills/ES8C1C07DF92D164F349
ES667D2761AD0B442134,AAADM Certification,Certification,https://lightcast.io/open-skills/skills/ES667D2761AD0B442134
ESF9102E8689E49F24BD,AAAE Accredited Airport Executive (AAE),Certification,https://lightcast.io/open-skills/skills/ESF9102E8689E49F24BD
ES735CA35661609A3481,AAAE Airport Certified Employee (ACE),Certification,https://lightcast.io/open-skills/skills/ES735CA35661609A3481
ESE91DBD732C13FF6D5B,AAAE Airport Rescue Fire Fighter (ARFF),Certification,https://lightcast.io/open-skills/skills/ESE91DBD732C13FF6D5B
ESA88F4EFA27D3C1942B,AAAE Airport Security Coordinator Certification (ASC),Certification,https://lightcast.io/open-skills/skills/ESA88F4EFA27D3C1942B
ESD820D30F3650D20392,AAAE Certified Member (CM),Certification,https://lightcast.io/open-skills/skills/ESD820D30F3650D20392
ES24175DF8D4A7CF0198,AAUS Scientific Diver Certification,Certification,https://lightcast.io/open-skills/skills/ES24175DF8D4A7CF0198
ESC7E591512254F65117,ABC Manager License,Certification,https://lightcast.io/open-skills/skills/ESC7E591512254F65117
ES891E42534D8C44D443,ABKA Certification,Certification,https://lightcast.io/open-skills/skills/ES891E42534D8C44D443
ESC0EDB00DB2D73D7D8D,ABO-NCLE Certified,Certification,https://lightcast.io/open-skills/skills/ESC0EDB00DB2D73D7D8D
KS1203971GHQ0WT3QL4C,ACA Instructor Certificate,Certification,https://lightcast.io/open-skills/skills/KS1203971GHQ0WT3QL4C
KS120456MSP4Z4754XJB,ACCP Certified,Certification,https://lightcast.io/open-skills/skills/KS120456MSP4Z4754XJB
ESDFDE92DDCA772625B4,ACI Aggregate Testing Technician,Certification,https://lightcast.io/open-skills/skills/ESDFDE92DDCA772625B4
ESA7B5CE41D00AE94816,ACI Concrete Field Testing Technician,Certification,https://lightcast.io/open-skills/skills/ESA7B5CE41D00AE94816
ES5B1B6CEADDBDAD351B,ACI Concrete Laboratory Testing Technician,Certification,https://lightcast.io/open-skills/skills/ES5B1B6CEADDBDAD351B
KS122KR6MSB5C55Q4L5V,ACI Concrete Strength Testing Technician,Certification,https://lightcast.io/open-skills/skills/KS122KR6MSB5C55Q4L5V
ES305A80F4C937573685,ACLS For Experienced Providers (ACLS-EP),Certification,https://lightcast.io/open-skills/skills/ES305A80F4C937573685
ES570487B4124BEB6FA0,ACLS Instructor Certification,Certification,https://lightcast.io/open-skills/skills/ES570487B4124BEB6FA0
ES71708B787604103988,ACMA Certified Composites Technician (CCT),Certification,https://lightcast.io/open-skills/skills/ES71708B787604103988
ES62AF4B196968FCE2FF,ACTION Certified Personal Trainer,Certification,https://lightcast.io/open-skills/skills/ES62AF4B196968FCE2FF
ESCDC4AA8C79723E8776,ADP Certified Payroll Specialist,Certification,https://lightcast.io/open-skills/skills/ESCDC4AA8C79723E8776
ES1E313B07A690C0CDD5,ADTRAN Certification,Certification,https://lightcast.io/open-skills/skills/ES1E313B07A690C0CDD5
ES5CE1585BED121F379B,AFAA Group Fitness Instructor Certification,Certification,https://lightcast.io/open-skills/skills/ES5CE1585BED121F379B
ES1AF63CF97BF8BC121D,AFAA Indoor Cycling Certification,Certification,https://lightcast.io/open-skills/skills/ES1AF63CF97BF8BC121D
ES5D262AF930B552E897,AFAA Kickboxing Certification,Certification,https://lightcast.io/open-skills/skills/ES5D262AF930B552E897
ES875498DF88EA4808C1,AFAA Personal Fitness Trainer Certification,Certification,https://lightcast.io/open-skills/skills/ES875498DF88EA4808C1
ES11E21EC495A3444D52,AFIP Certified,Certification,https://lightcast.io/open-skills/skills/ES11E21EC495A3444D52
ES950F4270FE82019060,AHIP Certified,Certification,https://lightcast.io/open-skills/skills/ES950F4270FE82019060
KS121J46GJX1DS6J2RR5,AIRS Certified Diversity Recruiter (CDR),Certification,https://lightcast.io/open-skills/skills/KS121J46GJX1DS6J2RR5
KS120D06QPFCLR4K20K6,ALA Lighting Specialist Certification,Certification,https://lightcast.io/open-skills/skills/KS120D06QPFCLR4K20K6
KS120GX6ZR3PQRWT4HZ5,ANCC Certified,Certification,https://lightcast.io/open-skills/skills/KS120GX6ZR3PQRWT4HZ5
ES6F9392EC4F071E254D,APCO Public Safety Telecommunicator Certification,Certification,https://lightcast.io/open-skills/skills/ES6F9392EC4F071E254D
KS120JQ5XRT24Y2TYJH4,API 570 Piping Inspector Certification,Certification,https://lightcast.io/open-skills/skills/KS120JQ5XRT24Y2TYJH4
ESE924C695428FBDD749,API 653 Aboveground Storage Tank Inspector Certification,Certification,https://lightcast.io/open-skills/skills/ESE924C695428FBDD749
KS122KF6P32HVKQ22H3F,APICS Certified Supply Chain Professional,Certification,https://lightcast.io/open-skills/skills/KS122KF6P32HVKQ22H3F
ESBA183CB62E8A9DD4A9,ARC Specialist Certification,Certification,https://lightcast.io/open-skills/skills/ESBA183CB62E8A9DD4A9
ES840EC4F6CB22D16AF2,ARRT Bone Densitometry (BD) Certification,Certification,https://lightcast.io/open-skills/skills/ES840EC4F6CB22D16AF2
ESEB7B6C0AD64DA73AA8,ARRT Breast Sonography (BS) Certification,Certification,https://lightcast.io/open-skills/skills/ESEB7B6C0AD64DA73AA8
ESBC068CD6E436A3241D,ARRT Cardiac Interventional Radiography (CI) Certification,Certification,https://lightcast.io/open-skills/skills/ESBC068CD6E436A3241D
ESB7C1795620C491FC5D,ARRT Computed Tomography (CT) Certification,Certification,https://lightcast.io/open-skills/skills/ESB7C1795620C491FC5D
ESE4F17AAB9EA880CB6F,ARRT Magnetic Resonance Imaging (MR) Certification,Certification,https://lightcast.io/open-skills/skills/ESE4F17AAB9EA880CB6F
ES3B246D3F51650F1280,ARRT Mammography (M) Certification,Certification,https://lightcast.io/open-skills/skills/ES3B246D3F51650F1280
ES36C26E0CD76C7FDFB6,ARRT Nuclear Medicine Technology (N) Certification,Certification,https://lightcast.io/open-skills/skills/ES36C26E0CD76C7FDFB6
ES557E62E781922217A0,ARRT Radiation Therapy (T) Certification,Certification,https://lightcast.io/open-skills/skills/ES557E62E781922217A0
ES7D89D807DCC849E666,ARRT Radiography (R) Certification,Certification,https://lightcast.io/open-skills/skills/ES7D89D807DCC849E666
ESB470CDBB8E6188E1CD,ARRT Sonography (S) Certification,Certification,https://lightcast.io/open-skills/skills/ESB470CDBB8E6188E1CD
ESBFE11A773C3D65A9BC,ARRT Vascular Interventional Radiography (VI) Certification,Certification,https://lightcast.io/open-skills/skills/ESBFE11A773C3D65A9BC
ESBA1DD40ADAB758825A,ARRT Vascular Sonography (VS) Certification,Certification,https://lightcast.io/open-skills/skills/ESBA1DD40ADAB758825A
ES79DA0EB56EA1B68469,ASCM Supply Chain Procurement Certificate,Certification,https://lightcast.io/open-skills/skills/ES79DA0EB56EA1B68469
ES239541A0DA618631E5,ASE Advanced Engine Performance Certification,Certification,https://lightcast.io/open-skills/skills/ES239541A0DA618631E5
ES6A32C5E73B401844DF,ASE Auto Maintenance And Light Repair Certification,Certification,https://lightcast.io/open-skills/skills/ES6A32C5E73B401844DF
ESDEBFEDDA6E4F067BA4,ASE Automobile Service Consultant,Certification,https://lightcast.io/open-skills/skills/ESDEBFEDDA6E4F067BA4
ES5653BEA3D536EEAF9D,ASE Medium-Heavy Truck Certification,Certification,https://lightcast.io/open-skills/skills/ES5653BEA3D536EEAF9D
ES1AF5FD7C6CC3537D49,ASE Parts Specialist,Certification,https://lightcast.io/open-skills/skills/ES1AF5FD7C6CC3537D49
KS120P55ZL8G3G62ZZ5R,ASNT Non-Destructive Tester,Certification,https://lightcast.io/open-skills/skills/KS120P55ZL8G3G62ZZ5R
ESC4A99F2D4B16C74904,ASQ Certified Manager Of Quality/Organizational Excellence (CMQ/OE),Certification,https://lightcast.io/open-skills/skills/ESC4A99F2D4B16C74904
KS120PZ67ZB2XW1DY35G,ASSR Certified,Certification,https://lightcast.io/open-skills/skills/KS120PZ67ZB2XW1DY35G
KS121RM60CTV4VXVY7R2,AVIXA Certified Technology Specialist,Certification,https://lightcast.io/open-skills/skills/KS121RM60CTV4VXVY7R2
ES5B093CD735026356AA,AWS Certified Advanced Networking Specialty,Certification,https://lightcast.io/open-skills/skills/ES5B093CD735026356AA
ESE9D9E0EAAFED58FE7F,AWS Certified Big Data Specialty,Certification,https://lightcast.io/open-skills/skills/ESE9D9E0EAAFED58FE7F
ESCA261D1D1DC8A1623D,AWS Certified Cloud Practitioner,Certification,https://lightcast.io/open-skills/skills/ESCA261D1D1DC8A1623D
ES8B87DCFE13A4717BE1,AWS Certified DevOps Engineer,Certification,https://lightcast.io/open-skills/skills/ES8B87DCFE13A4717BE1
ES798281B621D67C2728,AWS Certified Developer,Certification,https://lightcast.io/open-skills/skills/ES798281B621D67C2728
ES59A32D2113C9D8482E,AWS Certified Machine Learning Specialty,Certification,https://lightcast.io/open-skills/skills/ES59A32D2113C9D8482E
ES8BE2666F02E442ED93,AWS Certified Security Specialty,Certification,https://lightcast.io/open-skills/skills/ES8BE2666F02E442ED93
ES47E53AE0C2065DA872,AWS Certified Solutions Architect,Certification,https://lightcast.io/open-skills/skills/ES47E53AE0C2065DA872
ESDADAA6F2B49D44BA23,AWS Certified Solutions Architect Associate,Certification,https://lightcast.io/open-skills/skills/ESDADAA6F2B49D44BA23
ESF0EC212A748B43EF90,AWS Certified Solutions Architect Professional,Certification,https://lightcast.io/open-skills/skills/ESF0EC212A748B43EF90
ESBD4FA4DB8AEE666CD0,AWS Certified SysOps Administrator,Certification,https://lightcast.io/open-skills/skills/ESBD4FA4DB8AEE666CD0
KS1203R6JNPHW1YQCWKY,Accessibility Inspector/Plans Examination,Certification,https://lightcast.io/open-skills/skills/KS1203R6JNPHW1YQCWKY
ESF49845DFEEDFABC086,Accounts Receivable Certification,Certification,https://lightcast.io/open-skills/skills/ESF49845DFEEDFABC086
KS7G6LP6HLWCP8RF5XCS,Accreditation Of Public Relations,Certification,https://lightcast.io/open-skills/skills/KS7G6LP6HLWCP8RF5XCS
ES469751C6A727C2F8B3,Accredited ACH Professional,Certification,https://lightcast.io/open-skills/skills/ES469751C6A727C2F8B3
KS1202J6J50CNM79GKTL,Accredited Adviser In Insurance,Certification,https://lightcast.io/open-skills/skills/KS1202J6J50CNM79GKTL
ESA96FBECC0AA343B1D5,Accredited Asset Management Specialist,Certification,https://lightcast.io/open-skills/skills/ESA96FBECC0AA343B1D5
KS120465Y516C49NMQNB,Accredited Auctioneer Real Estate,Certification,https://lightcast.io/open-skills/skills/KS120465Y516C49NMQNB
KS1204669404FWCXHWW0,Accredited Business Accountant,Certification,https://lightcast.io/open-skills/skills/KS1204669404FWCXHWW0
KS120466KVRW2LW1WLT3,Accredited Business Communicator,Certification,https://lightcast.io/open-skills/skills/KS120466KVRW2LW1WLT3
ES611BF4AB596065DBF6,Accredited Buyer's Representative (ABR),Certification,https://lightcast.io/open-skills/skills/ES611BF4AB596065DBF6
ESF71F61201873705F72,Accredited Case Manager (ACM),Certification,https://lightcast.io/open-skills/skills/ESF71F61201873705F72
ESD7B2ACF6AA69CF0214,Accredited Community Manager,Certification,https://lightcast.io/open-skills/skills/ESD7B2ACF6AA69CF0214
ES1B0E8D24D18F751531,Accredited Cruise Counselor,Certification,https://lightcast.io/open-skills/skills/ES1B0E8D24D18F751531
KS120806TZP1RB7QRG63,Accredited Domestic Partnership Advisor,Certification,https://lightcast.io/open-skills/skills/KS120806TZP1RB7QRG63
KS120466RN83VFPYP34F,Accredited Estate Planner,Certification,https://lightcast.io/open-skills/skills/KS120466RN83VFPYP34F
KS1204673GQ5MFR73PVX,Accredited Financial Counselor,Certification,https://lightcast.io/open-skills/skills/KS1204673GQ5MFR73PVX
KS1204676WXML2HYNBW5,Accredited Financial Examiner,Certification,https://lightcast.io/open-skills/skills/KS1204676WXML2HYNBW5
KS120475X6C3N66Y2H41,Accredited Health Care Fraud Investigator,Certification,https://lightcast.io/open-skills/skills/KS120475X6C3N66Y2H41
ES35AF3C13D706C40473,Accredited In Business Valuation (ABV),Certification,https://lightcast.io/open-skills/skills/ES35AF3C13D706C40473
KS120475XPTMPZ22GZRR,Accredited Insurance Examiner,Certification,https://lightcast.io/open-skills/skills/KS120475XPTMPZ22GZRR
KS1204767QP36X4FB1CF,Accredited Investing,Certification,https://lightcast.io/open-skills/skills/KS1204767QP36X4FB1CF
KS7G3GJ6S6GTGCKR9MWN,Accredited Investment Fiduciary,Certification,https://lightcast.io/open-skills/skills/KS7G3GJ6S6GTGCKR9MWN
ES5780C0129C64ED5AF4,Accredited Jewelry Professional,Certification,https://lightcast.io/open-skills/skills/ES5780C0129C64ED5AF4
KS120476LHSKZKJK9KZX,Accredited Mortgage Professional,Certification,https://lightcast.io/open-skills/skills/KS120476LHSKZKJK9KZX
ES897C0D0D6979755FBE,Accredited Payables Manager,Certification,https://lightcast.io/open-skills/skills/ES897C0D0D6979755FBE
KS1204864K3XYPGQTRNF,Accredited Purchasing Practitioner,Certification,https://lightcast.io/open-skills/skills/KS1204864K3XYPGQTRNF
ES58604B65ED6059F981,Accredited Residential Manager,Certification,https://lightcast.io/open-skills/skills/ES58604B65ED6059F981
KS1204868HYX5F842T3R,Accredited Sales Professional,Certification,https://lightcast.io/open-skills/skills/KS1204868HYX5F842T3R
ESA80D1E1770C2A4894C,Accredited Speaker,Certification,https://lightcast.io/open-skills/skills/ESA80D1E1770C2A4894C
ES695806A3C8CB569374,Accredited Staging Professional,Certification,https://lightcast.io/open-skills/skills/ES695806A3C8CB569374
KS120NX6RXL8N8JXW41D,Accredited Systems Engineer,Certification,https://lightcast.io/open-skills/skills/KS120NX6RXL8N8JXW41D
KS12048798VTG50T4VDL,Accredited Tax Advisor,Certification,https://lightcast.io/open-skills/skills/KS12048798VTG50T4VDL
KS1204969YVBJP6HSRNR,Accredited Tax Preparer,Certification,https://lightcast.io/open-skills/skills/KS1204969YVBJP6HSRNR
ESFC4ED185C1BD75C2BA,Accredited Veterans Service Officer,Certification,https://lightcast.io/open-skills/skills/ESFC4ED185C1BD75C2BA
ES600B61EBAE32590547,Accredited Veterinarian,Certification,https://lightcast.io/open-skills/skills/ES600B61EBAE32590547
ESF6F6255A690F109928,Accredited Wealth Management Advisor,Certification,https://lightcast.io/open-skills/skills/ESF6F6255A690F109928
ES34BCC691E4EC73D978,Act 120 Certified,Certification,https://lightcast.io/open-skills/skills/ES34BCC691E4EC73D978
ESFD37356160EAFAD0F6,Act 253 Certified,Certification,https://lightcast.io/open-skills/skills/ESFD37356160EAFAD0F6
ESC02203B4D2E40B8478,Action Selling Certification,Certification,https://lightcast.io/open-skills/skills/ESC02203B4D2E40B8478
KS1205S5X1C6K4B8ZDR0,Activity Assistant Certified,Certification,https://lightcast.io/open-skills/skills/KS1205S5X1C6K4B8ZDR0
KS1205T64BM5XHBNBVM4,Activity Consultant Certified,Certification,https://lightcast.io/open-skills/skills/KS1205T64BM5XHBNBVM4
KS1205T6PD97TDM76N97,Activity Director Certification,Certification,https://lightcast.io/open-skills/skills/KS1205T6PD97TDM76N97
KS1205T6Y5F2D4R31SBZ,Activity Director Provisionally Certified,Certification,https://lightcast.io/open-skills/skills/KS1205T6Y5F2D4R31SBZ
ESD42A315A324C2D0783,Actuarial Exams,Certification,https://lightcast.io/open-skills/skills/ESD42A315A324C2D0783
ES5125246ABF947D6D2C,Acupuncture License,Certification,https://lightcast.io/open-skills/skills/ES5125246ABF947D6D2C
KS1204Z5VZMYFTBT4D6Y,Acute Care Nurse Practitioner (ACNP),Certification,https://lightcast.io/open-skills/skills/KS1204Z5VZMYFTBT4D6Y
ES83C89322D9BFB6A24D,Acute/Critical Care Nursing Certification (CCRN) - Adult,Certification,https://lightcast.io/open-skills/skills/ES83C89322D9BFB6A24D
ES60A1154CD097B44995,Acute/Critical Care Nursing Certification (CCRN) - Neonatal,Certification,https://lightcast.io/open-skills/skills/ES60A1154CD097B44995
ES2962FC46ECE60719B0,Acute/Critical Care Nursing Certification (CCRN) - Pediatric,Certification,https://lightcast.io/open-skills/skills/ES2962FC46ECE60719B0
ES1E74848ADE817AF5F5,Adaptec Certified Storage Professional,Certification,https://lightcast.io/open-skills/skills/ES1E74848ADE817AF5F5
ESA37B5F06F4DFC5892E,Adjunct Faculty Certification,Certification,https://lightcast.io/open-skills/skills/ESA37B5F06F4DFC5892E
ESE65AF7411D2FF9549F,Adjuster License,Certification,https://lightcast.io/open-skills/skills/ESE65AF7411D2FF9549F
ES930C8B9F7B9C337A77,Administrative Assistant Certification,Certification,https://lightcast.io/open-skills/skills/ES930C8B9F7B9C337A77
ESA2D9905346F7E41061,Administrative Services Credential,Certification,https://lightcast.io/open-skills/skills/ESA2D9905346F7E41061
ES36B0BCD7EC251335EC,Adobe After Effects Certification,Certification,https://lightcast.io/open-skills/skills/ES36B0BCD7EC251335EC
ESE835D272A5C6334457,Adobe Captivate Certification,Certification,https://lightcast.io/open-skills/skills/ESE835D272A5C6334457
ES7D6B3679D16FE85D90,Adobe Certification,Certification,https://lightcast.io/open-skills/skills/ES7D6B3679D16FE85D90
KS1206Z70PDSR1MDLB9K,Adobe Certified Associate,Certification,https://lightcast.io/open-skills/skills/KS1206Z70PDSR1MDLB9K
KS1206Z71XBZT4JZFGKS,Adobe Certified Coldfusion Mx Developer,Certification,https://lightcast.io/open-skills/skills/KS1206Z71XBZT4JZFGKS
KS1204K73R9F4MWRZ30H,Adobe Certified Expert,Certification,https://lightcast.io/open-skills/skills/KS1204K73R9F4MWRZ30H
KS1206Z73NQ19KGC4KTW,Adobe Certified Instructor,Certification,https://lightcast.io/open-skills/skills/KS1206Z73NQ19KGC4KTW
ES392F6604BDC96CD12B,Adobe Certified Master,Certification,https://lightcast.io/open-skills/skills/ES392F6604BDC96CD12B
ES96DCD9428C627D1866,Adobe Certified Professional,Certification,https://lightcast.io/open-skills/skills/ES96DCD9428C627D1866
ESFFF260D0C9391473CA,Adobe Dreamweaver Certification,Certification,https://lightcast.io/open-skills/skills/ESFFF260D0C9391473CA
ESFAF1F79F885722E3B2,Adobe Illustrator Certification,Certification,https://lightcast.io/open-skills/skills/ESFAF1F79F885722E3B2
ES4BA8229D79D6E09CC7,Adobe InDesign Certification,Certification,https://lightcast.io/open-skills/skills/ES4BA8229D79D6E09CC7
ES165714132AE204E8EA,Adobe Photoshop Certification,Certification,https://lightcast.io/open-skills/skills/ES165714132AE204E8EA
ESBF8AA88F9D25A0E5DB,Adobe Premiere Pro Certification,Certification,https://lightcast.io/open-skills/skills/ESBF8AA88F9D25A0E5DB
ESA00FE6B1F8827A2A72,Adult Acute Care Nurse Practitioner (ACNPC),Certification,https://lightcast.io/open-skills/skills/ESA00FE6B1F8827A2A72
ES4C0FB880BF04B395A8,Adult Health Clinical Nurse Specialist (ACNS-BC),Certification,https://lightcast.io/open-skills/skills/ES4C0FB880BF04B395A8
KS120886XBVT51K8B6DC,Adult Nurse Practitioner (ANP-BC),Certification,https://lightcast.io/open-skills/skills/KS120886XBVT51K8B6DC
ESE0E6A07A06919F03BC,Adult/Gerontology Acute Care Clinical Nurse Specialist (ACCNS-AG),Certification,https://lightcast.io/open-skills/skills/ESE0E6A07A06919F03BC
ES6B174EA941EBDB8C84,Adult/Gerontology Acute Care Nurse Practitioner (AGACNP-BC),Certification,https://lightcast.io/open-skills/skills/ES6B174EA941EBDB8C84
ES46853A1EB30B79DBC3,Adult/Gerontology Clinical Nurse Specialist (AGCNS-BC),Certification,https://lightcast.io/open-skills/skills/ES46853A1EB30B79DBC3
ES67BEDD5662979FEC84,Adult/Gerontology Primary Care Nurse Practitioner (AGPCNP-BC),Certification,https://lightcast.io/open-skills/skills/ES67BEDD5662979FEC84
KS1204P70NMPGP19TTBF,Advance Certified Hardware And Networking Engineer (ACHNP),Certification,https://lightcast.io/open-skills/skills/KS1204P70NMPGP19TTBF
KS1202Z6MNYWY1QSLLCN,Advanced Burn Life Support,Certification,https://lightcast.io/open-skills/skills/KS1202Z6MNYWY1QSLLCN
ES6FA950C3EB870D4CD7,Advanced Cardiac Life Support Instructor (ACLS-I),Certification,https://lightcast.io/open-skills/skills/ES6FA950C3EB870D4CD7
ESC228806386F8683F67,Advanced Cardiac Sonographer (ACS),Certification,https://lightcast.io/open-skills/skills/ESC228806386F8683F67
KS1204Y6GTHQ6T5BDJ64,Advanced Cardiovascular Life Support (ACLS) Certification,Certification,https://lightcast.io/open-skills/skills/KS1204Y6GTHQ6T5BDJ64
KS1208B6N254LN1TTFT0,Advanced Certified Engineer,Certification,https://lightcast.io/open-skills/skills/KS1208B6N254LN1TTFT0
KS1204M78CPS6GNWJ2Y9,Advanced Certified Fundraising Executive (ACFRE),Certification,https://lightcast.io/open-skills/skills/KS1204M78CPS6GNWJ2Y9
KS1204Q5YCS54DRNWRS5,Advanced Certified Hospice And Palliative Nurse (ACHPN),Certification,https://lightcast.io/open-skills/skills/KS1204Q5YCS54DRNWRS5
KS1204W6L94PHFWYW52D,Advanced Certified Internet Recruiter (ACIR),Certification,https://lightcast.io/open-skills/skills/KS1204W6L94PHFWYW52D
KS1205276GGYJSJNGFM5,Advanced Certified Patient Account Representative (ACPAR),Certification,https://lightcast.io/open-skills/skills/KS1205276GGYJSJNGFM5
ES54CEB55799EE5D7AA7,Advanced Certified Scrum Master,Certification,https://lightcast.io/open-skills/skills/ES54CEB55799EE5D7AA7
KS1206B5WJ61082MG6J1,Advanced Diploma In Computer Hardware And Networking (ADCHN),Certification,https://lightcast.io/open-skills/skills/KS1206B5WJ61082MG6J1
KS1208H5Y5QSMQS2TSFC,Advanced Emergency Medical Technician (AEMT),Certification,https://lightcast.io/open-skills/skills/KS1208H5Y5QSMQS2TSFC
ES8A3C6519F9C08E6D2C,Advanced Emergency Medical Technician - Critical Care (AEMT-CC),Certification,https://lightcast.io/open-skills/skills/ES8A3C6519F9C08E6D2C
ESE8C81505C608ABD363,Advanced Forensic Nursing (AFN-BC),Certification,https://lightcast.io/open-skills/skills/ESE8C81505C608ABD363
ES396D4D2949D74026C8,Advanced Genetics Nursing (AGN-BC),Certification,https://lightcast.io/open-skills/skills/ES396D4D2949D74026C8
KS7G53D6PY5Q04Q7PCYG,Advanced Ground Instructor,Certification,https://lightcast.io/open-skills/skills/KS7G53D6PY5Q04Q7PCYG
ES2201CDF9C3511FD870,Advanced HIV/AIDS Certified Registered Nurse (AACRN),Certification,https://lightcast.io/open-skills/skills/ES2201CDF9C3511FD870
KS120BR73MWQ724QZC12,Advanced Hazmat Life Support,Certification,https://lightcast.io/open-skills/skills/KS120BR73MWQ724QZC12
ES9DE9D4E7E42075D4C7,Advanced Holistic Nurse (AHN-BC),Certification,https://lightcast.io/open-skills/skills/ES9DE9D4E7E42075D4C7
ES8A7EE4EBFA1496624C,Advanced Level Test Analyst (CTAL-TA),Certification,https://lightcast.io/open-skills/skills/ES8A7EE4EBFA1496624C
ES5DCA200E8F68BE4F21,Advanced Level Test Manager (CTAL-TM),Certification,https://lightcast.io/open-skills/skills/ES5DCA200E8F68BE4F21
KS1208J5ZG20G358ZW26,Advanced Life Support,Certification,https://lightcast.io/open-skills/skills/KS1208J5ZG20G358ZW26
KS7G2RR5YNNS0Q4SKCQK,Advanced Management Program,Certification,https://lightcast.io/open-skills/skills/KS7G2RR5YNNS0Q4SKCQK
KS120JF6HL81CR6HT1TF,Advanced Oncology Certified Clinical Nurse Specialist (AOCNS),Certification,https://lightcast.io/open-skills/skills/KS120JF6HL81CR6HT1TF
ESEA20676EF43887E97B,Advanced Oncology Certified Nurse (AOCN),Certification,https://lightcast.io/open-skills/skills/ESEA20676EF43887E97B
KS1208J721GBDSBCLV06,Advanced Oncology Certified Nurse Practitioner (AOCNP),Certification,https://lightcast.io/open-skills/skills/KS1208J721GBDSBCLV06
KS1208J743DVX9FS89JY,Advanced Open Water Diving,Certification,https://lightcast.io/open-skills/skills/KS1208J743DVX9FS89JY
ES7883CF989CD5E84470,Advanced POST Certificate,Certification,https://lightcast.io/open-skills/skills/ES7883CF989CD5E84470
KS1208M61M3DDD3SRWM2,Advanced Paralegal Certification,Certification,https://lightcast.io/open-skills/skills/KS1208M61M3DDD3SRWM2
KS1208N5XY75HNS0XXBZ,Advanced Pediatric Life Support,Certification,https://lightcast.io/open-skills/skills/KS1208N5XY75HNS0XXBZ
ESEF2316A0AE91A534A4,Advanced Practice Holistic Nurse (APHN-BC),Certification,https://lightcast.io/open-skills/skills/ESEF2316A0AE91A534A4
ESBF222C046918EC8586,Advanced Practice Nurse Prescriber,Certification,https://lightcast.io/open-skills/skills/ESBF222C046918EC8586
KS1208P61TF7XJQ9PPYL,Advanced Practice Registered Nurse,Certification,https://lightcast.io/open-skills/skills/KS1208P61TF7XJQ9PPYL
KS1208Q62QY4J2Z1JZ40,Advanced Public Health Nursing (PHNA-BC),Certification,https://lightcast.io/open-skills/skills/KS1208Q62QY4J2Z1JZ40
KS120QD5ZZRSX6H83WJJ,Advanced Trauma Care For Nurses,Certification,https://lightcast.io/open-skills/skills/KS120QD5ZZRSX6H83WJJ
KS1208R6QX0BF90X13L8,Advanced Trauma Life Support (ATLS),Certification,https://lightcast.io/open-skills/skills/KS1208R6QX0BF90X13L8
ES2A8E70CDD2CDFA8535,Aerial Lift Certification,Certification,https://lightcast.io/open-skills/skills/ES2A8E70CDD2CDFA8535
ES41D53835DD3A2B9D42,Aerobics Certification,Certification,https://lightcast.io/open-skills/skills/ES41D53835DD3A2B9D42
ES6136E16D1D13E494BB,Aerohive Certified Wireless Administrator (ACWA),Certification,https://lightcast.io/open-skills/skills/ES6136E16D1D13E494BB
ES7E8EEF0BBDBA064FE6,Affordable Housing Manager Certification,Certification,https://lightcast.io/open-skills/skills/ES7E8EEF0BBDBA064FE6
ESABBB2020884BBA2F7D,Agile Certification,Certification,https://lightcast.io/open-skills/skills/ESABBB2020884BBA2F7D
ES6AFC3AF5FCC7CEF066,Air Brake Certification,Certification,https://lightcast.io/open-skills/skills/ES6AFC3AF5FCC7CEF066
KS120C66GNTY8P3S70PR,Air Conditioning Service Certification,Certification,https://lightcast.io/open-skills/skills/KS120C66GNTY8P3S70PR
KS120C76MSGF10FLG0ZD,Air Distribution Service Technician,Certification,https://lightcast.io/open-skills/skills/KS120C76MSGF10FLG0ZD
ES8F068E243B4693BE6A,Air Operations Area (AOA) Badge,Certification,https://lightcast.io/open-skills/skills/ES8F068E243B4693BE6A
ESFD877C792097A69728,Airframe & Powerplant (A&P) Certificate,Certification,https://lightcast.io/open-skills/skills/ESFD877C792097A69728
KS120CN6KM9GW4T9Y498,Airline Transport Pilot Licence,Certification,https://lightcast.io/open-skills/skills/KS120CN6KM9GW4T9Y498
KS120CP6QSCPVNZTLVKZ,Airplane Single Engine Land Certificate (ASEL),Certification,https://lightcast.io/open-skills/skills/KS120CP6QSCPVNZTLVKZ
ES9B319DB160241593E9,Airport Security Clearance,Certification,https://lightcast.io/open-skills/skills/ES9B319DB160241593E9
ES78B34918F6E78A996A,Airway Management Certification,Certification,https://lightcast.io/open-skills/skills/ES78B34918F6E78A996A
KS120CS6KBDW339T03MK,Airworthiness Certificate,Certification,https://lightcast.io/open-skills/skills/KS120CS6KBDW339T03MK
KS440HT67P4R2W1NS2J8,Alcohol Certification,Certification,https://lightcast.io/open-skills/skills/KS440HT67P4R2W1NS2J8
ES1605E82BFCB4CF2B37,Alcohol Server Certification,Certification,https://lightcast.io/open-skills/skills/ES1605E82BFCB4CF2B37
KS120CV77T7CC8X1J8B0,All India Senior School Certificate Examination,Certification,https://lightcast.io/open-skills/skills/KS120CV77T7CC8X1J8B0
ES505DCA29F8BA12ADB2,All Terrain Vehicle (ATV) Certification,Certification,https://lightcast.io/open-skills/skills/ES505DCA29F8BA12ADB2
ESD5FF6A1DF5AD22B924,All-Lines Adjuster License,Certification,https://lightcast.io/open-skills/skills/ESD5FF6A1DF5AD22B924
ES9E01D7034BECE05E56,Allen Bradley Certification,Certification,https://lightcast.io/open-skills/skills/ES9E01D7034BECE05E56
KS120CQ6H1LL9WGQDSXS,Alliance Of Information And Referral Systems (AIRS) Certified,Certification,https://lightcast.io/open-skills/skills/KS120CQ6H1LL9WGQDSXS
ES8F05676661CCB50BF4,Allied Health Certification,Certification,https://lightcast.io/open-skills/skills/ES8F05676661CCB50BF4
KS120DM6TW2Z7XQF8F79,Allied Health Instructor,Certification,https://lightcast.io/open-skills/skills/KS120DM6TW2Z7XQF8F79
KS120DY6F4LNR62CKZGV,Alternative Teacher Certification,Certification,https://lightcast.io/open-skills/skills/KS120DY6F4LNR62CKZGV
ES7BB85413C472045EA7,Altiris Certification,Certification,https://lightcast.io/open-skills/skills/ES7BB85413C472045EA7
ESEA6C52211939EB5649,Amateur Extra Class Radio License,Certification,https://lightcast.io/open-skills/skills/ESEA6C52211939EB5649
ESDF3BBE4AE45002693F,Amateur Radio License,Certification,https://lightcast.io/open-skills/skills/ESDF3BBE4AE45002693F
ESE709322E59ABDDECA5,Ambulatory Care Nursing (AMB-BC),Certification,https://lightcast.io/open-skills/skills/ESE709322E59ABDDECA5
ES755F0B19D14E198EE6,American Academy Of HIV Medicine (AAHIVM) Certification,Certification,https://lightcast.io/open-skills/skills/ES755F0B19D14E198EE6
ES67B58FFE2B09A8A98E,American Association For Laboratory Animal Science (AALAS) Certification,Certification,https://lightcast.io/open-skills/skills/ES67B58FFE2B09A8A98E
KS1202J793HLS1833J4J,American Association Of Nurse Practitioners (AANP) Certified,Certification,https://lightcast.io/open-skills/skills/KS1202J793HLS1833J4J
KS7G4W85VZBMVFHNKMSD,American Association Of Pharmaceutical Scientists,Certification,https://lightcast.io/open-skills/skills/KS7G4W85VZBMVFHNKMSD
ESCBC7AE046220BE6A36,American Board Of Audiology Certification,Certification,https://lightcast.io/open-skills/skills/ESCBC7AE046220BE6A36
ESF053095DBF1CD913E3,American Board Of Bioanalysis (ABB) Certification,Certification,https://lightcast.io/open-skills/skills/ESF053095DBF1CD913E3
ESC700763AD6DEE68ABA,American Board Of Dermatology (ABD) Certification,Certification,https://lightcast.io/open-skills/skills/ESC700763AD6DEE68ABA
KS1202Z6TM7TS40P8G2Z,American Board Of Medical Laboratory Immunology (ABMLI) Certification,Certification,https://lightcast.io/open-skills/skills/KS1202Z6TM7TS40P8G2Z
KS120305VTS9KQX9R6ZV,American Board Of Medical Microbiology (ABMM) Certification,Certification,https://lightcast.io/open-skills/skills/KS120305VTS9KQX9R6ZV
ES123680977CD4C268BB,American Board Of Medicolegal Death Investigators (ABMDI) Certification,Certification,https://lightcast.io/open-skills/skills/ES123680977CD4C268BB
ES52ABA48EBB5668A645,American Board Of Neurophysiologic Monitoring (ABNM) Certification,Certification,https://lightcast.io/open-skills/skills/ES52ABA48EBB5668A645
ESCFAB154AE46285112B,American Board Of Opticianry (ABO) Certified,Certification,https://lightcast.io/open-skills/skills/ESCFAB154AE46285112B
KS7G6HG6X91N7R0S5F0K,American Board Of Optometry (ABO) Certification,Certification,https://lightcast.io/open-skills/skills/KS7G6HG6X91N7R0S5F0K
ESE99BE1E3A98A8545EE,American Board Of Pathology Certification,Certification,https://lightcast.io/open-skills/skills/ESE99BE1E3A98A8545EE
ESD1B3BAC322668EC23E,American Board Of Physical Medicine And Rehabilitation (ABPMR) Certification,Certification,https://lightcast.io/open-skills/skills/ESD1B3BAC322668EC23E
ESEDD9C67227A47737AE,American Board Of Physical Therapy Specialties (ABPTS) Certified,Certification,https://lightcast.io/open-skills/skills/ESEDD9C67227A47737AE
ES1AD41C0B6AF5049EB3,American Board Of Prosthodontics (ABP) Certification,Certification,https://lightcast.io/open-skills/skills/ES1AD41C0B6AF5049EB3
ESF333E18B3555E864CC,American Board Of Surgery (ABS) Certification,Certification,https://lightcast.io/open-skills/skills/ESF333E18B3555E864CC
ESC0D1B6FEB56B48F324,American Chemical Society (ACS) Certified,Certification,https://lightcast.io/open-skills/skills/ESC0D1B6FEB56B48F324
ES5AB53BDDB4BB747454,American College Of Sports Medicine (ACSM) Certification,Certification,https://lightcast.io/open-skills/skills/ES5AB53BDDB4BB747454
ESE244DF16CB1994D28C,American Concrete Institute (ACI) Certification,Certification,https://lightcast.io/open-skills/skills/ESE244DF16CB1994D28C
KS7G2J661VD4NV16L004,American Culinary Federation Certification,Certification,https://lightcast.io/open-skills/skills/KS7G2J661VD4NV16L004
ESB54844A5D34FBFB074,American Institute Of Certified Planners (AICP) Certification,Certification,https://lightcast.io/open-skills/skills/ESB54844A5D34FBFB074
ESA146DA22182F17562C,American Institute of Baking (AIB) Certification,Certification,https://lightcast.io/open-skills/skills/ESA146DA22182F17562C
KS7G4BW6NRPZRT7199CQ,American Medical Billing Association,Certification,https://lightcast.io/open-skills/skills/KS7G4BW6NRPZRT7199CQ
KS7G7XF6JGTFZSVY2Y8P,American Medical Technologists (AMT) Certification,Certification,https://lightcast.io/open-skills/skills/KS7G7XF6JGTFZSVY2Y8P
KS120JF6759LNTWHHL55,American Osteopathic Board Of Nuclear Medicine (AOBNM) Certification,Certification,https://lightcast.io/open-skills/skills/KS120JF6759LNTWHHL55
ES7F97E9877302B032AE,American Production And Inventory Control Society (APICS) Certification,Certification,https://lightcast.io/open-skills/skills/ES7F97E9877302B032AE
ESE87855A59477705B61,American Red Cross (ARC) Certification,Certification,https://lightcast.io/open-skills/skills/ESE87855A59477705B61
ES6EC5EEFBFAE7A66B84,American Red Cross AED Certification,Certification,https://lightcast.io/open-skills/skills/ES6EC5EEFBFAE7A66B84
ES9E4256672E7EDCE784,American Red Cross Babysitting Certification,Certification,https://lightcast.io/open-skills/skills/ES9E4256672E7EDCE784
ES37B201C98D6CF70872,American Red Cross CPR Certification,Certification,https://lightcast.io/open-skills/skills/ES37B201C98D6CF70872
ESAA8FE69CC7C7871A24,American Red Cross First Aid Certification,Certification,https://lightcast.io/open-skills/skills/ESAA8FE69CC7C7871A24
ES426F14E5FBCD1E075C,American Red Cross Instructor Certification,Certification,https://lightcast.io/open-skills/skills/ES426F14E5FBCD1E075C
ES893D4C141A9F3E77C0,American Red Cross Lifeguard Certification,Certification,https://lightcast.io/open-skills/skills/ES893D4C141A9F3E77C0
ESA06C8891BC7EACF0FF,American Registry For Diagnostic Medical Sonography (ARDMS) Certification,Certification,https://lightcast.io/open-skills/skills/ESA06C8891BC7EACF0FF
ES29AF5C51EDEFFEC0E3,American Registry Of Magnetic Resonance Imaging Technologists (ARMRIT) Certification,Certification,https://lightcast.io/open-skills/skills/ES29AF5C51EDEFFEC0E3
KS120NC6PM1D5R2XWWJ3,American Registry Of Radiologic Technologists (ARRT) Certified,Certification,https://lightcast.io/open-skills/skills/KS120NC6PM1D5R2XWWJ3
ES7220921788CDAD952C,American Society For Clinical Pathology (ASCP) Certification,Certification,https://lightcast.io/open-skills/skills/ES7220921788CDAD952C
KS120P86XDXZJT3B7KVJ,American Society For Quality (ASQ) Certified,Certification,https://lightcast.io/open-skills/skills/KS120P86XDXZJT3B7KVJ
ES1E27239D9F5728C4C2,American Society of Mechanical Engineers (ASME) Certified,Certification,https://lightcast.io/open-skills/skills/ES1E27239D9F5728C4C2
ESF094DC55B1A26006D7,American Society of Pension Professionals and Actuaries,Certification,https://lightcast.io/open-skills/skills/ESF094DC55B1A26006D7
ES3C9B1A8CB575EC70CF,American Traffic Safety Services Association (ATSSA) Certificate,Certification,https://lightcast.io/open-skills/skills/ES3C9B1A8CB575EC70CF
ESE8AA8E5AAACE1E9948,American Translators Association (ATA) Certification,Certification,https://lightcast.io/open-skills/skills/ESE8AA8E5AAACE1E9948
ES3680E82F324A6DA309,American Welding Society Certification,Certification,https://lightcast.io/open-skills/skills/ES3680E82F324A6DA309
ES8BF498F6B613185A1A,Android Certified Application Developer,Certification,https://lightcast.io/open-skills/skills/ES8BF498F6B613185A1A
ES4D554AB7636A0664CA,Anesthesia License,Certification,https://lightcast.io/open-skills/skills/ES4D554AB7636A0664CA
ES10AB158A45339D05C2,Animal Euthanasia Certification,Certification,https://lightcast.io/open-skills/skills/ES10AB158A45339D05C2
ESB96E8F85B26A2FAF7C,Annuity License,Certification,https://lightcast.io/open-skills/skills/ESB96E8F85B26A2FAF7C
KS120JP75YD75WRLNQK1,Apheresis Technician,Certification,https://lightcast.io/open-skills/skills/KS120JP75YD75WRLNQK1
KS120K55ZRV2VGG3D834,Apple Certified,Certification,https://lightcast.io/open-skills/skills/KS120K55ZRV2VGG3D834
ES5A100185B99CDD1C9B,Apple Certified Associate,Certification,https://lightcast.io/open-skills/skills/ES5A100185B99CDD1C9B
KS120K56CSSL9BKJHDRY,Apple Certified Desktop Technician,Certification,https://lightcast.io/open-skills/skills/KS120K56CSSL9BKJHDRY
KS1204N699Y986BXBZ3S,Apple Certified Help Desk Specialist,Certification,https://lightcast.io/open-skills/skills/KS1204N699Y986BXBZ3S
KS1204Y76MCKXL6W07QC,Apple Certified Macintosh Technician,Certification,https://lightcast.io/open-skills/skills/KS1204Y76MCKXL6W07QC
KS120536YVC0JQMYV9QF,Apple Certified Portable Technician,Certification,https://lightcast.io/open-skills/skills/KS120536YVC0JQMYV9QF
KS120K56WGL00VX0Q34C,Apple Certified Pro,Certification,https://lightcast.io/open-skills/skills/KS120K56WGL00VX0Q34C
ESA190113ECA7AC37795,Apple Certified Pro - Aperture,Certification,https://lightcast.io/open-skills/skills/ESA190113ECA7AC37795
ES6B64D05350107AC15A,Apple Certified Pro - Color,Certification,https://lightcast.io/open-skills/skills/ES6B64D05350107AC15A
ESD9F8E269DB748E031F,Apple Certified Pro - DVD Studio Pro,Certification,https://lightcast.io/open-skills/skills/ESD9F8E269DB748E031F
ESBB2B4EEAC35FF28119,Apple Certified Pro - Final Cut Express,Certification,https://lightcast.io/open-skills/skills/ESBB2B4EEAC35FF28119
ES99DA77793D718C4EB2,Apple Certified Pro - Final Cut Pro,Certification,https://lightcast.io/open-skills/skills/ES99DA77793D718C4EB2
ESC8018D961AAE3B8A8B,Apple Certified Pro - Final Cut Server,Certification,https://lightcast.io/open-skills/skills/ESC8018D961AAE3B8A8B
ES9C6594BEADADAF7111,Apple Certified Pro - Final Cut Studio Motion Graphics,Certification,https://lightcast.io/open-skills/skills/ES9C6594BEADADAF7111
ES54F61C78ABFA5A1921,Apple Certified Pro - Logic Pro,Certification,https://lightcast.io/open-skills/skills/ES54F61C78ABFA5A1921
ES28215F0C1495B9DF53,Apple Certified Pro - Motion,Certification,https://lightcast.io/open-skills/skills/ES28215F0C1495B9DF53
ES7AC837F925FC878123,Apple Certified Pro - Soundtrack Pro,Certification,https://lightcast.io/open-skills/skills/ES7AC837F925FC878123
ES4DE343E1FDEF139E22,Apple Certified Server Engineer,Certification,https://lightcast.io/open-skills/skills/ES4DE343E1FDEF139E22
KS1205C5WDR15D913447,Apple Certified Support Professional,Certification,https://lightcast.io/open-skills/skills/KS1205C5WDR15D913447
KS120K5770NHWWFNSL1W,Apple Certified System Administrator,Certification,https://lightcast.io/open-skills/skills/KS120K5770NHWWFNSL1W
KS1205D6B2L6Q8L106WJ,Apple Certified Technical Coordinator,Certification,https://lightcast.io/open-skills/skills/KS1205D6B2L6Q8L106WJ
ESC3F5BB5FDF2344FC8E,Apple Certified Technician,Certification,https://lightcast.io/open-skills/skills/ESC3F5BB5FDF2344FC8E
KS120K76HMNMRF2CT8WP,Apple Certified Trainer,Certification,https://lightcast.io/open-skills/skills/KS120K76HMNMRF2CT8WP
ES180EB2837FE0760CCF,Apple Service Certification,Certification,https://lightcast.io/open-skills/skills/ES180EB2837FE0760CCF
KS120LK6VT398K111WP1,Applied Structural Drying,Certification,https://lightcast.io/open-skills/skills/KS120LK6VT398K111WP1
ES31A681F1B69861EC12,Apprentice Mate (Steersman) Of Towing Vessels,Certification,https://lightcast.io/open-skills/skills/ES31A681F1B69861EC12
KS120F76DSHH6JJRLZJV,Approved Medication Assistive Personnel (AMAP) Certification,Certification,https://lightcast.io/open-skills/skills/KS120F76DSHH6JJRLZJV
KS120LM6SBJ44HBTJBZJ,Approved Social Worker,Certification,https://lightcast.io/open-skills/skills/KS120LM6SBJ44HBTJBZJ
KS7G1Z871L99HZ1HWV2L,Aquatic Facility Operator (AFO) Certification,Certification,https://lightcast.io/open-skills/skills/KS7G1Z871L99HZ1HWV2L
ESB196D79B89B30B7ABA,ArcGIS Desktop Professional Certification,Certification,https://lightcast.io/open-skills/skills/ESB196D79B89B30B7ABA
ES2AC32D2AE0D48772CD,Archer IRM Certification,Certification,https://lightcast.io/open-skills/skills/ES2AC32D2AE0D48772CD
KS120MF69FM0TX9MR97C,Architect Registration Examination,Certification,https://lightcast.io/open-skills/skills/KS120MF69FM0TX9MR97C
ESE0C3CABD01B300642A,Architecture License,Certification,https://lightcast.io/open-skills/skills/ESE0C3CABD01B300642A
ES4D39D02E7977124FCB,Armed Forces Qualification Test (AFQT),Certification,https://lightcast.io/open-skills/skills/ES4D39D02E7977124FCB
ESA0BDE4BB32D4D224B1,Armed Services Vocational Aptitude Battery (ASVAB),Certification,https://lightcast.io/open-skills/skills/ESA0BDE4BB32D4D224B1
ESFD41E1192D6A5315A6,Armorer Certification,Certification,https://lightcast.io/open-skills/skills/ESFD41E1192D6A5315A6
ES20C6C7E14445C12643,Art Endorsement,Certification,https://lightcast.io/open-skills/skills/ES20C6C7E14445C12643
ES50DD9810A846DBC389,Aruba Certified Campus Access Associate (ACA),Certification,https://lightcast.io/open-skills/skills/ES50DD9810A846DBC389
ES4028DE654BE68D44C1,Aruba Certified Campus Access Professional (ACP),Certification,https://lightcast.io/open-skills/skills/ES4028DE654BE68D44C1
ES4AEAA2995E961ED1BB,Aruba Certified ClearPass Associate (ACCA),Certification,https://lightcast.io/open-skills/skills/ES4AEAA2995E961ED1BB
ES26672CC6121BE2DEF1,Aruba Certified ClearPass Expert (ACCX),Certification,https://lightcast.io/open-skills/skills/ES26672CC6121BE2DEF1
ES3FFBE22FF966A9E88A,Aruba Certified ClearPass Professional (ACCP),Certification,https://lightcast.io/open-skills/skills/ES3FFBE22FF966A9E88A
ES4F3464DA1EF0A74017,Aruba Certified Design Associate (ACDA),Certification,https://lightcast.io/open-skills/skills/ES4F3464DA1EF0A74017
ES48763EFB7162943D26,Aruba Certified Design Expert (ACDX),Certification,https://lightcast.io/open-skills/skills/ES48763EFB7162943D26
ES7F1153639936DA8B7A,Aruba Certified Design Professional (ACDP),Certification,https://lightcast.io/open-skills/skills/ES7F1153639936DA8B7A
ES7FF25ECF2212426EA5,Aruba Certified Edge Associate (ACEA),Certification,https://lightcast.io/open-skills/skills/ES7FF25ECF2212426EA5
ES28E41CF3DD7275A626,Aruba Certified Edge Expert (ACEX),Certification,https://lightcast.io/open-skills/skills/ES28E41CF3DD7275A626
ES30D34B226BC96EFC59,Aruba Certified Edge Professional (ACEP),Certification,https://lightcast.io/open-skills/skills/ES30D34B226BC96EFC59
ESB8823A29A9A0A0EEE6,Aruba Certified Mobility Associate (ACMA),Certification,https://lightcast.io/open-skills/skills/ESB8823A29A9A0A0EEE6
ES6F031C5BBDAFF30213,Aruba Certified Mobility Expert (ACMX),Certification,https://lightcast.io/open-skills/skills/ES6F031C5BBDAFF30213
ES2DC17C6ACEC5017B95,Aruba Certified Mobility Professional (ACMP),Certification,https://lightcast.io/open-skills/skills/ES2DC17C6ACEC5017B95
ES7B46D016B6572408CC,Aruba Certified Network Security Associate (ACA),Certification,https://lightcast.io/open-skills/skills/ES7B46D016B6572408CC
ES873FE8FDFB05776AD1,Aruba Certified Network Security Expert (ACX),Certification,https://lightcast.io/open-skills/skills/ES873FE8FDFB05776AD1
ES3D3082E2E84BDDD553,Aruba Certified Network Security Professional (ACP),Certification,https://lightcast.io/open-skills/skills/ES3D3082E2E84BDDD553
ESE5F3CD64255C1BBEB4,Aruba Certified SD-WAN Deployment Expert (ACSDX),Certification,https://lightcast.io/open-skills/skills/ESE5F3CD64255C1BBEB4
ESCB0B66EEE9FF476DEC,Aruba Certified SD-WAN Deployment Professional (ACSDP),Certification,https://lightcast.io/open-skills/skills/ESCB0B66EEE9FF476DEC
ES8A7384FE77D5C64673,Aruba Certified Switching Associate (ACSA),Certification,https://lightcast.io/open-skills/skills/ES8A7384FE77D5C64673
ES2C532A8EFA6616AA5C,Aruba Certified Switching Expert (ACSX),Certification,https://lightcast.io/open-skills/skills/ES2C532A8EFA6616AA5C
ES6369C2D654CDF3BC6F,Aruba Certified Switching Professional (ACSP),Certification,https://lightcast.io/open-skills/skills/ES6369C2D654CDF3BC6F
ES838A2A0B596DF49DF4,Aruba Data Center Network Specialist (ADCNS),Certification,https://lightcast.io/open-skills/skills/ES838A2A0B596DF49DF4
ESD4E55A2EE525805E8E,Aruba Product Specialist - SD Branch (APS),Certification,https://lightcast.io/open-skills/skills/ESD4E55A2EE525805E8E
ES82B81B56749A1F1BE3,Aruba Product Specialist Central (APS),Certification,https://lightcast.io/open-skills/skills/ES82B81B56749A1F1BE3
ES6F8C486789059ACBD1,Asbestos Abatement Supervisor License/Certification,Certification,https://lightcast.io/open-skills/skills/ES6F8C486789059ACBD1
ES11E361223E129E4EB0,Asbestos Abatement Worker License/Certification,Certification,https://lightcast.io/open-skills/skills/ES11E361223E129E4EB0
ESC523A3E290EEA91A5F,Asbestos Inspector License/Certification,Certification,https://lightcast.io/open-skills/skills/ESC523A3E290EEA91A5F
ES4145F86E5C4FA05CBA,Asbestos License/Certification,Certification,https://lightcast.io/open-skills/skills/ES4145F86E5C4FA05CBA
ES4E82D2A326BE49268A,Asbestos Management Planner License/Certification,Certification,https://lightcast.io/open-skills/skills/ES4E82D2A326BE49268A
ESCAF8EA2EF57C1A1E15,Asbestos Project Designer License/Certification,Certification,https://lightcast.io/open-skills/skills/ESCAF8EA2EF57C1A1E15
ES2F9AAE5AC85103EFBF,Asset Management Certification,Certification,https://lightcast.io/open-skills/skills/ES2F9AAE5AC85103EFBF
KS120PP6XN5TKN1JS256,Assistant Laboratory Animal Technician,Certification,https://lightcast.io/open-skills/skills/KS120PP6XN5TKN1JS256
ES6361D72EC19FDA1147,Assisted Housing Manager Certification (AHM),Certification,https://lightcast.io/open-skills/skills/ES6361D72EC19FDA1147
ES6AF81729C45A79F412,Assistive Technology Professional (ATP) Certification,Certification,https://lightcast.io/open-skills/skills/ES6AF81729C45A79F412
ESDEECEE0A4A2A0720E8,Associate Android Developer Certification,Certification,https://lightcast.io/open-skills/skills/ESDEECEE0A4A2A0720E8
KS120PR6C8H8MSL40RFN,Associate Business Continuity Planner,Certification,https://lightcast.io/open-skills/skills/KS120PR6C8H8MSL40RFN
KS1202P76W801YV9LCVY,Associate Business Continuity Professional (ABCP),Certification,https://lightcast.io/open-skills/skills/KS1202P76W801YV9LCVY
KS120PR6DL80P24DWM7R,Associate Certified Coach,Certification,https://lightcast.io/open-skills/skills/KS120PR6DL80P24DWM7R
KS120PS5YP9Q3X0LG60L,Associate Certified Electronics Technician,Certification,https://lightcast.io/open-skills/skills/KS120PS5YP9Q3X0LG60L
KS120PS6Z6C4LHM70D74,Associate Certified Entomologist,Certification,https://lightcast.io/open-skills/skills/KS120PS6Z6C4LHM70D74
KS120PV6CTM2RBLMJZCL,Associate Computing Professional,Certification,https://lightcast.io/open-skills/skills/KS120PV6CTM2RBLMJZCL
KS120PV6KSXXPYNY711Q,Associate Constructor Certification,Certification,https://lightcast.io/open-skills/skills/KS120PV6KSXXPYNY711Q
KS120PV78QVWFBBQT08J,Associate Ergonomics Professional,Certification,https://lightcast.io/open-skills/skills/KS120PV78QVWFBBQT08J
KS1209Y70YM2C6K9NP1V,Associate In Fidelity And Surety Bonding (AFSB),Certification,https://lightcast.io/open-skills/skills/KS1209Y70YM2C6K9NP1V
KS120BX6JMSNP0CR02BK,Associate In Insurance Accounting And Finance,Certification,https://lightcast.io/open-skills/skills/KS120BX6JMSNP0CR02BK
ES5D8AEB96ADF41D9381,Associate In Risk Management (ARM),Certification,https://lightcast.io/open-skills/skills/ES5D8AEB96ADF41D9381
KS120P26TN7K17XKY5T6,Associate In Surplus Lines Insurance,Certification,https://lightcast.io/open-skills/skills/KS120P26TN7K17XKY5T6
KS120BW73KS30DP5V339,Associate Insurance Agency Administration,Certification,https://lightcast.io/open-skills/skills/KS120BW73KS30DP5V339
KS120BX78K2DLRFQ4CL8,Associate Insurance Data Management,Certification,https://lightcast.io/open-skills/skills/KS120BX78K2DLRFQ4CL8
KS120CX6MR9H60YK4TG6,Associate Kitchen And Bath Designer,Certification,https://lightcast.io/open-skills/skills/KS120CX6MR9H60YK4TG6
ES725A5F6EFBB40631E9,Associate Member of the Chartered Institute of Personnel and Development,Certification,https://lightcast.io/open-skills/skills/ES725A5F6EFBB40631E9
ESED3A83BDE146E763BD,Associate Of The Casualty Actuarial Society (ACAS),Certification,https://lightcast.io/open-skills/skills/ESED3A83BDE146E763BD
ES5962DBC082C556B8E8,Associate Of The Society Of Actuaries,Certification,https://lightcast.io/open-skills/skills/ES5962DBC082C556B8E8
ES273CB96B2F7DDC17B8,Associate Professional In Talent Development,Certification,https://lightcast.io/open-skills/skills/ES273CB96B2F7DDC17B8
KS120PX6DZMJ1MGFBLB3,Associate Reinsurance Administration,Certification,https://lightcast.io/open-skills/skills/KS120PX6DZMJ1MGFBLB3
KS120PX70J5V9PGGCY96,Associate Safety Professional,Certification,https://lightcast.io/open-skills/skills/KS120PX70J5V9PGGCY96
KS120PX7474TKPWKDRZ7,Associate Value Specialist,Certification,https://lightcast.io/open-skills/skills/KS120PX7474TKPWKDRZ7
ES7E5725DED380DBF6C5,Associate Wildlife Biologist (AWB),Certification,https://lightcast.io/open-skills/skills/ES7E5725DED380DBF6C5
KS7G0XX60RZH6Q3LFL5G,Associates In Rural Development,Certification,https://lightcast.io/open-skills/skills/KS7G0XX60RZH6Q3LFL5G
ESC5D4222D51E1693D50,Association Management Specialist (AMS),Certification,https://lightcast.io/open-skills/skills/ESC5D4222D51E1693D50
KS7G29W5ZT5Q4HZJZ1J1,Association Of Chartered Certified Accountants,Certification,https://lightcast.io/open-skills/skills/KS7G29W5ZT5Q4HZJZ1J1
ES3A0A6E543B35157581,Association Of Educational Therapists (AET) Certified,Certification,https://lightcast.io/open-skills/skills/ES3A0A6E543B35157581
ES7F21650F9F4B427DDC,Association Of Proposal Management Professionals (APMP) Certification,Certification,https://lightcast.io/open-skills/skills/ES7F21650F9F4B427DDC
ES1FD7AED8644C08EF82,Association of Accounting Technicians,Certification,https://lightcast.io/open-skills/skills/ES1FD7AED8644C08EF82
ESADDC1006D0CA7F15A7,Athletics And Fitness Association Of America (AFAA) Certification,Certification,https://lightcast.io/open-skills/skills/ESADDC1006D0CA7F15A7
ESC6F7A3CDC9140C59AC,Audiology Assistant Certification (C-AA),Certification,https://lightcast.io/open-skills/skills/ESC6F7A3CDC9140C59AC
ESC885832BE6492A0A13,Audiology License,Certification,https://lightcast.io/open-skills/skills/ESC885832BE6492A0A13
ES9D1FD1E29B2E5DD53E,Audiovisual Certification,Certification,https://lightcast.io/open-skills/skills/ES9D1FD1E29B2E5DD53E
ES8B2EB95F54E479A6DA,Auditing Inpatient Coding,Certification,https://lightcast.io/open-skills/skills/ES8B2EB95F54E479A6DA
ESE2EC989FCC9828E01D,Auditing Outpatient Coding,Certification,https://lightcast.io/open-skills/skills/ESE2EC989FCC9828E01D
ES88078E8278C5834068,Australian Health Practitioner Registration Agency,Certification,https://lightcast.io/open-skills/skills/ES88078E8278C5834068
ESC20C40DA46622330BD,Autodesk 3ds MAX Certified User,Certification,https://lightcast.io/open-skills/skills/ESC20C40DA46622330BD
ESEEBE1D5FC5A69A8F14,Autodesk 3ds Max Certification,Certification,https://lightcast.io/open-skills/skills/ESEEBE1D5FC5A69A8F14
KS120SB6GT9XC999P8NY,Autodesk AutoCAD Certification,Certification,https://lightcast.io/open-skills/skills/KS120SB6GT9XC999P8NY
ES82F0C231DFFEE07897,Autodesk AutoCAD Certified User,Certification,https://lightcast.io/open-skills/skills/ES82F0C231DFFEE07897
ES498C071C338B67033D,Autodesk Certified Associate In CAD For Mechanical Design,Certification,https://lightcast.io/open-skills/skills/ES498C071C338B67033D
ES7663D2845C2A21FBB8,Autodesk Certified Associate In CAM For 2.5 Axis Milling,Certification,https://lightcast.io/open-skills/skills/ES7663D2845C2A21FBB8
ESDEFF1F35FFBEC3E376,Autodesk Certified Expert,Certification,https://lightcast.io/open-skills/skills/ESDEFF1F35FFBEC3E376
ES441E03C9401599F160,Autodesk Certified Expert In Generative Design For Manufacturing,Certification,https://lightcast.io/open-skills/skills/ES441E03C9401599F160
ES255B35B6E86B6289BF,Autodesk Certified Professional,Certification,https://lightcast.io/open-skills/skills/ES255B35B6E86B6289BF
ES95F3FAFAB26250E86E,Autodesk Certified Professional In AutoCAD For Design And Drafting,Certification,https://lightcast.io/open-skills/skills/ES95F3FAFAB26250E86E
ES6866724F2C16FCBDE8,Autodesk Certified Professional In Civil 3D For Infrastructure Design,Certification,https://lightcast.io/open-skills/skills/ES6866724F2C16FCBDE8
ESF37D4032A8BF1AD410,Autodesk Certified Professional In Design For Manufacturing,Certification,https://lightcast.io/open-skills/skills/ESF37D4032A8BF1AD410
ES9877814EB3FE7A90E7,Autodesk Certified Professional In Inventor For Mechanical Design,Certification,https://lightcast.io/open-skills/skills/ES9877814EB3FE7A90E7
ES69D9131A831832DF26,Autodesk Certified Professional In Revit For Architectural Design,Certification,https://lightcast.io/open-skills/skills/ES69D9131A831832DF26
ES12F8A170267AA3FCCA,Autodesk Certified Professional In Revit For Electrical Design,Certification,https://lightcast.io/open-skills/skills/ES12F8A170267AA3FCCA
ES37195AAEB33F0E5E90,Autodesk Certified Professional In Revit For Mechanical Design,Certification,https://lightcast.io/open-skills/skills/ES37195AAEB33F0E5E90
ESBE3E5537AE23007AB9,Autodesk Certified Professional In Revit For Structural Design,Certification,https://lightcast.io/open-skills/skills/ESBE3E5537AE23007AB9
ESE4E5B8F144CBEC4D8C,Autodesk Fusion 360 Certified User,Certification,https://lightcast.io/open-skills/skills/ESE4E5B8F144CBEC4D8C
ESF6CAABDC279CF17954,Autodesk Inventor Certified User,Certification,https://lightcast.io/open-skills/skills/ESF6CAABDC279CF17954
ES87C48A21F0018D2855,Autodesk Maya Certified User,Certification,https://lightcast.io/open-skills/skills/ES87C48A21F0018D2855
ES6343FB2DD184B49C1D,Autodesk Revit Certified User For Architecture,Certification,https://lightcast.io/open-skills/skills/ES6343FB2DD184B49C1D
ES1739E711F273660D7B,Automated External Defibrillator (AED) Certification,Certification,https://lightcast.io/open-skills/skills/ES1739E711F273660D7B
KS120T55WVQPWSTZQNYM,Automobile Advanced Engine Performance Specialist,Certification,https://lightcast.io/open-skills/skills/KS120T55WVQPWSTZQNYM
KS120T76ZF95J0B03QC2,Automobile Parts Specialist Certification,Certification,https://lightcast.io/open-skills/skills/KS120T76ZF95J0B03QC2
ES5C52453A6763B5A5C7,Automotive Industry Action Group (AIAG) Certified,Certification,https://lightcast.io/open-skills/skills/ES5C52453A6763B5A5C7
ES76F4F346AF35AE855A,Automotive Service Excellence (ASE) Certification,Certification,https://lightcast.io/open-skills/skills/ES76F4F346AF35AE855A
KS120TL5X6LDJCT117J7,Avaya Certified Associate,Certification,https://lightcast.io/open-skills/skills/KS120TL5X6LDJCT117J7
KS1203B63LK2YHX68G6Y,Avaya Certified Associate Communication Networking (ACACN),Certification,https://lightcast.io/open-skills/skills/KS1203B63LK2YHX68G6Y
KS120TL60P5VJDW8X4B9,Avaya Certified Expert,Certification,https://lightcast.io/open-skills/skills/KS120TL60P5VJDW8X4B9
KS120TL6FB79JVBYBKSG,Avaya Certified Specialist,Certification,https://lightcast.io/open-skills/skills/KS120TL6FB79JVBYBKSG
KS120TT6S2J4046JY08W,Aviation Medical Examiner (AME),Certification,https://lightcast.io/open-skills/skills/KS120TT6S2J4046JY08W
ES62D70D689F111F2CDD,Avid Certified Support Representative (ACSR),Certification,https://lightcast.io/open-skills/skills/ES62D70D689F111F2CDD
ES5EED281ACC2256F57E,BICSI Certification,Certification,https://lightcast.io/open-skills/skills/ES5EED281ACC2256F57E
ES6094BB0CCA0C1F2646,BICSI Data Center Design Consultant (DCDC),Certification,https://lightcast.io/open-skills/skills/ES6094BB0CCA0C1F2646
ES440541A75646CEB137,BICSI Installer 1 (INST1),Certification,https://lightcast.io/open-skills/skills/ES440541A75646CEB137
ESBAA02AEFC3620A30F9,BICSI Installer 2 - Copper (INSTC),Certification,https://lightcast.io/open-skills/skills/ESBAA02AEFC3620A30F9
ESB24CF9E877D066B6CD,BICSI Installer 2 - Optical Fiber (INSTF),Certification,https://lightcast.io/open-skills/skills/ESB24CF9E877D066B6CD
ESE06AADA7A0B3F2383B,BICSI Outside Plant Designer (OSP),Certification,https://lightcast.io/open-skills/skills/ESE06AADA7A0B3F2383B
KS128DJ6NN4HSDFF7LC4,BICSI Registered Communications Distribution Designer (RCDD),Certification,https://lightcast.io/open-skills/skills/KS128DJ6NN4HSDFF7LC4
ES80AEFF994A080BA165,BICSI Registered Telecommunications Project Manager (RTPM),Certification,https://lightcast.io/open-skills/skills/ES80AEFF994A080BA165
ESF8C7D0F0160FA106D1,BICSI Technician (TECH),Certification,https://lightcast.io/open-skills/skills/ESF8C7D0F0160FA106D1
ESE79C4241C562103C7B,Bachelor Of Science In Business,Certification,https://lightcast.io/open-skills/skills/ESE79C4241C562103C7B
ES8FAA0FC3F41309727E,Bachelor Of Science In Business Administration,Certification,https://lightcast.io/open-skills/skills/ES8FAA0FC3F41309727E
ES5AB08A87BFFF0136CA,Bachelor Of Science in Nursing (BSN),Certification,https://lightcast.io/open-skills/skills/ES5AB08A87BFFF0136CA
KS120VT71DBHPC3R7N2G,Backflow Prevention Assembly Tester,Certification,https://lightcast.io/open-skills/skills/KS120VT71DBHPC3R7N2G
ES30F49DCEFDEEF82566,Barber License,Certification,https://lightcast.io/open-skills/skills/ES30F49DCEFDEEF82566
ES87550CFEFE01669CBD,Barista Certification,Certification,https://lightcast.io/open-skills/skills/ES87550CFEFE01669CBD
ESF7B5500BEADE0CF0A9,Bartending Certification,Certification,https://lightcast.io/open-skills/skills/ESF7B5500BEADE0CF0A9
KS120XD65NSQX52B8V4J,Basic Cardiac Life Support,Certification,https://lightcast.io/open-skills/skills/KS120XD65NSQX52B8V4J
KS120XH67499WBWTB36S,Basic Life Support (BLS) Certification,Certification,https://lightcast.io/open-skills/skills/KS120XH67499WBWTB36S
ES1BD9177D5375F84DB3,Basic Life Support Instructor (BLS-I),Certification,https://lightcast.io/open-skills/skills/ES1BD9177D5375F84DB3
ESFF642EA598042E51D4,Basic POST Certificate,Certification,https://lightcast.io/open-skills/skills/ESFF642EA598042E51D4
BGS79C629AD685B20F1D,Basic Trauma Life Support (BTLS),Certification,https://lightcast.io/open-skills/skills/BGS79C629AD685B20F1D
ES67936196CAE0295C3B,Beautician's License,Certification,https://lightcast.io/open-skills/skills/ES67936196CAE0295C3B
ESA777E6246ED9BD1DA2,Beauty Operator License,Certification,https://lightcast.io/open-skills/skills/ESA777E6246ED9BD1DA2
ES916A4D9284D15F21CB,Behavioral Interviewing Certification,Certification,https://lightcast.io/open-skills/skills/ES916A4D9284D15F21CB
ES8C32980C636BF45DDA,Behavioral Sleep Medicine (BSM) Certification,Certification,https://lightcast.io/open-skills/skills/ES8C32980C636BF45DDA
ES2977521BDB05916B98,Biblical Counseling Certification,Certification,https://lightcast.io/open-skills/skills/ES2977521BDB05916B98
ESD32C7FD6F4B86C4B6E,Bilingual Education Endorsement,Certification,https://lightcast.io/open-skills/skills/ESD32C7FD6F4B86C4B6E
ES1DBC34ECF725853E5F,Biological Hazard Certification,Certification,https://lightcast.io/open-skills/skills/ES1DBC34ECF725853E5F
ESF3EE9CE769DF9490E4,Biomedical Electronics Technician (BMD),Certification,https://lightcast.io/open-skills/skills/ESF3EE9CE769DF9490E4
ES68B890955E8A83B8E4,Biomedical Imaging Equipment Technician (BIET),Certification,https://lightcast.io/open-skills/skills/ES68B890955E8A83B8E4
KS1211Z762QQRH4HGXQX,Birth Doula Certification,Certification,https://lightcast.io/open-skills/skills/KS1211Z762QQRH4HGXQX
ESA7EB7B63AC17292BC3,Blasters License,Certification,https://lightcast.io/open-skills/skills/ESA7EB7B63AC17292BC3
ESD46F686641B4DC0BD9,Blood & Marrow Transplant Certified Nurse (BMTCN),Certification,https://lightcast.io/open-skills/skills/ESD46F686641B4DC0BD9
KS120YG6GGM2WZVTWPFR,Blue Coat Certified Proxy Administrator (BCCPA),Certification,https://lightcast.io/open-skills/skills/KS120YG6GGM2WZVTWPFR
KS120YH61T014SS4FMQG,Blue Coat Certified Proxy Professional (BCCPP),Certification,https://lightcast.io/open-skills/skills/KS120YH61T014SS4FMQG
ESD39A2A37DB57EEFC38,Board Certified - Advanced Diabetes Management (BC-ADM),Certification,https://lightcast.io/open-skills/skills/ESD39A2A37DB57EEFC38
ES17E3FD1627AD4362EC,Board Certified Ambulatory Care Pharmacist (BCACP),Certification,https://lightcast.io/open-skills/skills/ES17E3FD1627AD4362EC
ES7F5F902F7BBB848136,Board Certified Assistant Behavior Analyst (BCaBA),Certification,https://lightcast.io/open-skills/skills/ES7F5F902F7BBB848136
ES262BFDF036FB028F28,Board Certified Behavior Analyst (BCBA),Certification,https://lightcast.io/open-skills/skills/ES262BFDF036FB028F28
ESACA5684149B889DFCB,Board Certified Cardiology Pharmacist (BCCP),Certification,https://lightcast.io/open-skills/skills/ESACA5684149B889DFCB
ESEAFCB41C6839D933BF,Board Certified Compounding Pharmacist (BCSCP),Certification,https://lightcast.io/open-skills/skills/ESEAFCB41C6839D933BF
ESCF3F54D01B84536326,Board Certified Critical Care Pharmacist (BCCCP),Certification,https://lightcast.io/open-skills/skills/ESCF3F54D01B84536326
ES8840182D2A2AB11F6B,Board Certified Emergency Medicine Pharmacist (BCEMP),Certification,https://lightcast.io/open-skills/skills/ES8840182D2A2AB11F6B
KS1213T60DH7M170RSQ7,Board Certified Entomologist,Certification,https://lightcast.io/open-skills/skills/KS1213T60DH7M170RSQ7
KS120YJ6184QBXPZBZNH,Board Certified Environmental Engineer,Certification,https://lightcast.io/open-skills/skills/KS120YJ6184QBXPZBZNH
ES4730ECFB3D02E956C8,Board Certified Geriatric Pharmacist (BCGP),Certification,https://lightcast.io/open-skills/skills/ES4730ECFB3D02E956C8
KS1213T6QDQF5T1TYGF3,Board Certified Gerontology Nurse,Certification,https://lightcast.io/open-skills/skills/KS1213T6QDQF5T1TYGF3
ESEA94ADF132ACD0D8B7,Board Certified In Aerospace Medicine,Certification,https://lightcast.io/open-skills/skills/ESEA94ADF132ACD0D8B7
ESC8EDF3295DEBD267D2,Board Certified In Emergency Medicine,Certification,https://lightcast.io/open-skills/skills/ESC8EDF3295DEBD267D2
ESCDB565C2280E0EC5CE,Board Certified In Family Medicine,Certification,https://lightcast.io/open-skills/skills/ESCDB565C2280E0EC5CE
ES8B94BC983362634E6E,Board Certified In Internal Medicine,Certification,https://lightcast.io/open-skills/skills/ES8B94BC983362634E6E
ES5F07E56DC1CED03A51,Board Certified In Ophthalmology,Certification,https://lightcast.io/open-skills/skills/ES5F07E56DC1CED03A51
ESD4D8904CA5A4A42E3D,Board Certified In Orthodontics,Certification,https://lightcast.io/open-skills/skills/ESD4D8904CA5A4A42E3D
ES74F787B17F4EDABE7F,Board Certified In Psychiatry,Certification,https://lightcast.io/open-skills/skills/ES74F787B17F4EDABE7F
ES3A1105635B95293620,Board Certified In Radiation Oncology,Certification,https://lightcast.io/open-skills/skills/ES3A1105635B95293620
ES39F88D73A414E1DAEC,Board Certified In Radiology,Certification,https://lightcast.io/open-skills/skills/ES39F88D73A414E1DAEC
ES3896DB094BD06B8244,Board Certified Infectious Diseases Pharmacist (BCIDP),Certification,https://lightcast.io/open-skills/skills/ES3896DB094BD06B8244
ES349A745C31CDAF1629,Board Certified Nuclear Pharmacist (BCNP),Certification,https://lightcast.io/open-skills/skills/ES349A745C31CDAF1629
ES73D0CE182A7C5E11DA,Board Certified Nutrition Support Pharmacist (BCNSP),Certification,https://lightcast.io/open-skills/skills/ES73D0CE182A7C5E11DA
KS120YM63PXXXF8RQ1J6,Board Certified Ocularist,Certification,https://lightcast.io/open-skills/skills/KS120YM63PXXXF8RQ1J6
ES53C12EC2B325CC0981,Board Certified Oncology Pharmacist (BCOP),Certification,https://lightcast.io/open-skills/skills/ES53C12EC2B325CC0981
ES470D2CC6C5AE7135C9,Board Certified Pediatric Pharmacy Specialist (BCPPS),Certification,https://lightcast.io/open-skills/skills/ES470D2CC6C5AE7135C9
ES10A1C4BC854529D280,Board Certified Pharmacotherapy Specialist (BCPS),Certification,https://lightcast.io/open-skills/skills/ES10A1C4BC854529D280
ES874A6370CDDA05BA5B,Board Certified Psychiatric Pharmacist (BCPP),Certification,https://lightcast.io/open-skills/skills/ES874A6370CDDA05BA5B
ES25EDFC9276DD4105F5,Board Certified Specialist In Renal Nutrition,Certification,https://lightcast.io/open-skills/skills/ES25EDFC9276DD4105F5
ESAD0212A6F87821335C,Board Certified Transplant Pharmacist (BCTXP),Certification,https://lightcast.io/open-skills/skills/ESAD0212A6F87821335C
ES9A7A562719C547DCFF,Board Certified/Board Eligible,Certification,https://lightcast.io/open-skills/skills/ES9A7A562719C547DCFF
ESD575FCD0B4726F0C1F,Board Of Editors In The Life Sciences (BELS) Certification,Certification,https://lightcast.io/open-skills/skills/ESD575FCD0B4726F0C1F
ESB3047FE179617CC6A7,Board Of Pharmacy Specialties (BPS) Certification,Certification,https://lightcast.io/open-skills/skills/ESB3047FE179617CC6A7
ESC1AE93C324ED839D2B,Boating License,Certification,https://lightcast.io/open-skills/skills/ESC1AE93C324ED839D2B
ES166FC32EC37671D46B,Boom Lift Certification,Certification,https://lightcast.io/open-skills/skills/ES166FC32EC37671D46B
KS120YK6JKVM4P5WXST6,Brainbench Certified Internet Professional,Certification,https://lightcast.io/open-skills/skills/KS120YK6JKVM4P5WXST6
ES2760BB902377FCF34D,Branch Manager Certification,Certification,https://lightcast.io/open-skills/skills/ES2760BB902377FCF34D
KS1216L727H9VCN2BN9N,Broadband Distribution Specialist (BDS),Certification,https://lightcast.io/open-skills/skills/KS1216L727H9VCN2BN9N
ESD49DBAF47AC37A16A7,Broadband Premises Expert (BPE),Certification,https://lightcast.io/open-skills/skills/ESD49DBAF47AC37A16A7
ES1A3CC8C9D147B1253E,Broadband Premises Installer (BPI),Certification,https://lightcast.io/open-skills/skills/ES1A3CC8C9D147B1253E
KS1217D684ZH4KFJRP69,Broadband TelecomCenter Specialist (BTCS),Certification,https://lightcast.io/open-skills/skills/KS1217D684ZH4KFJRP69
ES3D89659441EB24FA39,Broadband Transport Specialist (BTS),Certification,https://lightcast.io/open-skills/skills/ES3D89659441EB24FA39
KS120YJ6Y1SG48YM41WW,Brocade Certified Fabric Designer,Certification,https://lightcast.io/open-skills/skills/KS120YJ6Y1SG48YM41WW
KS120YK60JKZ42BRCXJ1,Brocade Certified Fabric Professional,Certification,https://lightcast.io/open-skills/skills/KS120YK60JKZ42BRCXJ1
KS120YL61LM72GYFKHRW,Brocade Certified Network Engineer,Certification,https://lightcast.io/open-skills/skills/KS120YL61LM72GYFKHRW
KS120YL622WRC3PWCM99,Brocade Certified Network Professional,Certification,https://lightcast.io/open-skills/skills/KS120YL622WRC3PWCM99
KS120YN6TSXJWFVD9Q63,Brocade Certified San Designer,Certification,https://lightcast.io/open-skills/skills/KS120YN6TSXJWFVD9Q63
KS120YP5WK7SXM1VPS0Q,Brocade Certified San Management,Certification,https://lightcast.io/open-skills/skills/KS120YP5WK7SXM1VPS0Q
KS120ZB6FWF9XGY8GQZ3,Building Energy Modeling Professional Certification,Certification,https://lightcast.io/open-skills/skills/KS120ZB6FWF9XGY8GQZ3
ESF2B4B283CC1058A6C4,Business Architecture Certification,Certification,https://lightcast.io/open-skills/skills/ESF2B4B283CC1058A6C4
KS7G1WC6QFJGZLB8Q9G0,Business English Certification,Certification,https://lightcast.io/open-skills/skills/KS7G1WC6QFJGZLB8Q9G0
KS1218Y6C17JBV1JGG3X,Business Math Certification,Certification,https://lightcast.io/open-skills/skills/KS1218Y6C17JBV1JGG3X
ESE4339859704B9CB2AB,Business Of Retail Certified Specialist,Certification,https://lightcast.io/open-skills/skills/ESE4339859704B9CB2AB
ESBBAAB925F887C0FBF3,C Programming Language Certified Associate (CLA),Certification,https://lightcast.io/open-skills/skills/ESBBAAB925F887C0FBF3
ESA4329C42408FB4A38B,C++ Certified Associate Programmer (CPA),Certification,https://lightcast.io/open-skills/skills/ESA4329C42408FB4A38B
ES360EB43527817D1243,CATIA Certification,Certification,https://lightcast.io/open-skills/skills/ES360EB43527817D1243
KS121G2776RFP6WFMV8F,CBGNA Certified,Certification,https://lightcast.io/open-skills/skills/KS121G2776RFP6WFMV8F
KS121GB6N5LX5FCDGLLJ,CCBSO - Certified Community Bank Security Officer,Certification,https://lightcast.io/open-skills/skills/KS121GB6N5LX5FCDGLLJ
ES6BE39DD986A776BCE0,CDL Class A License,Certification,https://lightcast.io/open-skills/skills/ES6BE39DD986A776BCE0
ES17BE2BD423DE053DB6,CDL Class B License,Certification,https://lightcast.io/open-skills/skills/ES17BE2BD423DE053DB6
ESDED61FAC2E4056F34A,CDL Class C License,Certification,https://lightcast.io/open-skills/skills/ESDED61FAC2E4056F34A
KS121SN6LMJB125XMBBM,CFPPS - Certified Fluid Power Pneumatic Specialist,Certification,https://lightcast.io/open-skills/skills/KS121SN6LMJB125XMBBM
KS121GQ6JR24Y8PFJ4VY,CIAC Certified Management Consultant,Certification,https://lightcast.io/open-skills/skills/KS121GQ6JR24Y8PFJ4VY
KS121H06JKS0NKR4FWPT,CIAC Certified Operations Management,Certification,https://lightcast.io/open-skills/skills/KS121H06JKS0NKR4FWPT
KS121H676T1TZ6G3S6BP,CIAC Certified Strategic Leader,Certification,https://lightcast.io/open-skills/skills/KS121H676T1TZ6G3S6BP
ES5709E260D05D0B155F,CIMSPA Affiliate,Certification,https://lightcast.io/open-skills/skills/ES5709E260D05D0B155F
ES4287F39805E704B6E7,CIMSPA Level 2,Certification,https://lightcast.io/open-skills/skills/ES4287F39805E704B6E7
ES64D117B4E0945208E6,CIMSPA Level 3,Certification,https://lightcast.io/open-skills/skills/ES64D117B4E0945208E6
ES4133669498BD6C5770,CIMSPA Level 4,Certification,https://lightcast.io/open-skills/skills/ES4133669498BD6C5770
ESE2C0EAB96DA476FD50,CIMSPA Membership,Certification,https://lightcast.io/open-skills/skills/ESE2C0EAB96DA476FD50
ES584D09E0862B249057,CIMSPA Personal Trainer,Certification,https://lightcast.io/open-skills/skills/ES584D09E0862B249057
ES703EE0908AC267A13A,CIMSPA Practitioner,Certification,https://lightcast.io/open-skills/skills/ES703EE0908AC267A13A
ES2AA32B4E8BCE3BAB73,CIPD Level 3 Foundation Certificate in People Practice,Certification,https://lightcast.io/open-skills/skills/ES2AA32B4E8BCE3BAB73
ESAABBC5339E8CC30E19,CIPD Level 5,Certification,https://lightcast.io/open-skills/skills/ESAABBC5339E8CC30E19
ES2F4C29FB5F0873BA6B,CIPD Level 7,Certification,https://lightcast.io/open-skills/skills/ES2F4C29FB5F0873BA6B
ES375FB40114109DA52F,CISCO Certified Network Professional - Security,Certification,https://lightcast.io/open-skills/skills/ES375FB40114109DA52F
KS121XY7721JVQND58H4,CIW Associate Design Specialist,Certification,https://lightcast.io/open-skills/skills/KS121XY7721JVQND58H4
KS121XZ61KF5Z2P4N7TL,CIW V5 Database Design Specialists,Certification,https://lightcast.io/open-skills/skills/KS121XZ61KF5Z2P4N7TL
ES450F48FF7B2A638580,CNC Machining Certification,Certification,https://lightcast.io/open-skills/skills/ES450F48FF7B2A638580
ES7FCEB62C87104FECE0,COBOL Certification,Certification,https://lightcast.io/open-skills/skills/ES7FCEB62C87104FECE0
ESFD02227D52277A634D,COVID 19 Vaccination Certificate,Certification,https://lightcast.io/open-skills/skills/ESFD02227D52277A634D
KS1283C6QSBM9T33N4Z9,CPR/AED For The Professional Rescuer,Certification,https://lightcast.io/open-skills/skills/KS1283C6QSBM9T33N4Z9
ESCA368F52F5D958DA90,CSCS Card,Certification,https://lightcast.io/open-skills/skills/ESCA368F52F5D958DA90
ESB43FD5D9D3DA872DFD,CSSP Analyst,Certification,https://lightcast.io/open-skills/skills/ESB43FD5D9D3DA872DFD
ESEA15AAAD29CD8B34BE,CSSP Auditor,Certification,https://lightcast.io/open-skills/skills/ESEA15AAAD29CD8B34BE
ESC17DB6F04E52715A33,CSSP Incident Responder,Certification,https://lightcast.io/open-skills/skills/ESC17DB6F04E52715A33
ESA8366DEE1CE4FA48B2,CSSP Infrastructure Support,Certification,https://lightcast.io/open-skills/skills/ESA8366DEE1CE4FA48B2
ES46CC58ECA158968FCC,Capability Maturity Model Integration (CMMI) Certification,Certification,https://lightcast.io/open-skills/skills/ES46CC58ECA158968FCC
ESAF04DA8E2D3DA2B662,Captain's License,Certification,https://lightcast.io/open-skills/skills/ESAF04DA8E2D3DA2B662
KS121D46YYG8H7LFZMKS,Carbon Monoxide Certification,Certification,https://lightcast.io/open-skills/skills/KS121D46YYG8H7LFZMKS
KS7G1YL6QW36T2YCRKFV,Cardiac Advanced Life Support,Certification,https://lightcast.io/open-skills/skills/KS7G1YL6QW36T2YCRKFV
ESFEA59B336B3D80A2B7,Cardiac-Vascular Nursing (CV-BC),Certification,https://lightcast.io/open-skills/skills/ESFEA59B336B3D80A2B7
ESAB25D0C497ECDA868E,Cardiopulmonary Resuscitation (CPR) Certification,Certification,https://lightcast.io/open-skills/skills/ESAB25D0C497ECDA868E
ES1CBEA9179D361894F7,Career Development Facilitator Certification,Certification,https://lightcast.io/open-skills/skills/ES1CBEA9179D361894F7
KS7G6LF6XS1R5Y1LTRX1,Career Readiness Certificate,Certification,https://lightcast.io/open-skills/skills/KS7G6LF6XS1R5Y1LTRX1
ES89B9A528C99F5ED290,Carpet Cleaning Certification,Certification,https://lightcast.io/open-skills/skills/ES89B9A528C99F5ED290
ESF62F13E2C4AD395BA4,Cash Handling Certification,Certification,https://lightcast.io/open-skills/skills/ESF62F13E2C4AD395BA4
ESEFF5DECB20FBA34384,Catechist Certification,Certification,https://lightcast.io/open-skills/skills/ESEFF5DECB20FBA34384
KS122KG757VL7J4RLX5K,Central Supply Processing Department Technician (CSPDT),Certification,https://lightcast.io/open-skills/skills/KS122KG757VL7J4RLX5K
ES1CE8ADA88738C64E1A,Certificate For OASIS Specialist - Clinical (COS-C),Certification,https://lightcast.io/open-skills/skills/ES1CE8ADA88738C64E1A
KS687VR723HT0B3PHWRC,Certificate In Advanced English (CAE),Certification,https://lightcast.io/open-skills/skills/KS687VR723HT0B3PHWRC
KS121LC6304Q89L14TSM,Certificate In Data Processing,Certification,https://lightcast.io/open-skills/skills/KS121LC6304Q89L14TSM
KS121K75VQXD2FY344D5,Certificate In English Language Teaching To Adults (CELTA),Certification,https://lightcast.io/open-skills/skills/KS121K75VQXD2FY344D5
ESB29F2F728C1F663EE9,Certificate In Investment Performance Measurement (CIPM),Certification,https://lightcast.io/open-skills/skills/ESB29F2F728C1F663EE9
KS122GZ6PK66L7L1909S,Certificate In Quantitative Finance,Certification,https://lightcast.io/open-skills/skills/KS122GZ6PK66L7L1909S
KS121D26MFLGCD8RG15V,Certificate Of Added Qualifications In Surgery Of The Hand,Certification,https://lightcast.io/open-skills/skills/KS121D26MFLGCD8RG15V
ESEF5B0EC5368ED671A1,Certificate Of Clinical Competence In Audiology (CCC-A),Certification,https://lightcast.io/open-skills/skills/ESEF5B0EC5368ED671A1
ESA93925484BCDC675F2,Certificate Of Clinical Competence In Speech-Language Pathology (CCC-SLP),Certification,https://lightcast.io/open-skills/skills/ESA93925484BCDC675F2
KS121H672YPCXW75WZ7Y,Certificate Of Cloud Security Knowledge,Certification,https://lightcast.io/open-skills/skills/KS121H672YPCXW75WZ7Y
KS7G7MD6QW1G7M27B3XN,Certificate Of Eligibility With Advanced Standing,Certification,https://lightcast.io/open-skills/skills/KS7G7MD6QW1G7M27B3XN
ES2EC85589A07632BBFB,Certification Board For Sterile Processing And Distribution (CBSPD) Certification,Certification,https://lightcast.io/open-skills/skills/ES2EC85589A07632BBFB
KS122GB6104NVZSVPF5F,Certification For Professional Dog Trainers,Certification,https://lightcast.io/open-skills/skills/KS122GB6104NVZSVPF5F
ESE30704A83C6925899F,Certification For Registered Nurse In Ophthalmology (CRNO),Certification,https://lightcast.io/open-skills/skills/ESE30704A83C6925899F
KS121G2751MBTVS7Z32J,Certification In Clinical Biochemical Genetics,Certification,https://lightcast.io/open-skills/skills/KS121G2751MBTVS7Z32J
KS121GH64JY3DDW6M504,Certification In Clinical Cytogenetics,Certification,https://lightcast.io/open-skills/skills/KS121GH64JY3DDW6M504
KS121H56Y13MMNN6K47T,Certification In Control Self-Assessment,Certification,https://lightcast.io/open-skills/skills/KS121H56Y13MMNN6K47T
KS121HJ75RX8N76TRXXS,Certification In Distressed Business Valuation,Certification,https://lightcast.io/open-skills/skills/KS121HJ75RX8N76TRXXS
KSPVC6P1CIJHDFVAKSME,Certification In Electronic Fetal Monitoring (C-EFM),Certification,https://lightcast.io/open-skills/skills/KSPVC6P1CIJHDFVAKSME
KS121W465S163XHSBNG5,Certification In Healthcare Materiel Management Concepts,Certification,https://lightcast.io/open-skills/skills/KS121W465S163XHSBNG5
KS121XL6SZ0XXJNS4YYR,Certification In IT Project Management,Certification,https://lightcast.io/open-skills/skills/KS121XL6SZ0XXJNS4YYR
KS1220V6RDLLMHVNHZ4W,Certification In Long Term Monitoring,Certification,https://lightcast.io/open-skills/skills/KS1220V6RDLLMHVNHZ4W
ESFCF70001375FFEBEE4,Certification In Neonatal Pediatric Transport (C-NPT),Certification,https://lightcast.io/open-skills/skills/ESFCF70001375FFEBEE4
KS122JC684F2WL97P6Q7,Certification In Risk Management Assurance,Certification,https://lightcast.io/open-skills/skills/KS122JC684F2WL97P6Q7
ESC7D2691C89B64B3645,Certification In Transportation And Logistics (CTL),Certification,https://lightcast.io/open-skills/skills/ESC7D2691C89B64B3645
ES7E6BF2D4B76847C71E,Certification Of Capability In Business Analysis (CCBA),Certification,https://lightcast.io/open-skills/skills/ES7E6BF2D4B76847C71E
KS121KM634JVYXRJZ9FY,Certification Of Italian As A Foreign Language,Certification,https://lightcast.io/open-skills/skills/KS121KM634JVYXRJZ9FY
KS7G4QD708Y29C3JKD5T,Certification in Healthcare Leadership,Certification,https://lightcast.io/open-skills/skills/KS7G4QD708Y29C3JKD5T
ES96F5867AA0E3525B11,Certification in Neurophysiologic Intraoperative Monitoring (CNIM),Certification,https://lightcast.io/open-skills/skills/ES96F5867AA0E3525B11
ES91504C232420370795,Certified 8-VSB Specialist,Certification,https://lightcast.io/open-skills/skills/ES91504C232420370795
ESFC23D9308269111825,Certified AM Directional Specialist,Certification,https://lightcast.io/open-skills/skills/ESFC23D9308269111825
KS121F45YNJFLYZ8T5TM,Certified ASC Coder,Certification,https://lightcast.io/open-skills/skills/KS121F45YNJFLYZ8T5TM
KS1204465VX49HF182BQ,Certified Accounting Technician,Certification,https://lightcast.io/open-skills/skills/KS1204465VX49HF182BQ
KS121KM6J1T0N5P6ZLZS,Certified Accounts Payable Associate (CAPA),Certification,https://lightcast.io/open-skills/skills/KS121KM6J1T0N5P6ZLZS
KS121KN678Z9HKBZGZDP,Certified Accounts Payable Professional (CAPP),Certification,https://lightcast.io/open-skills/skills/KS121KN678Z9HKBZGZDP
ESCE5A9B4D8471124CF9,Certified Action Learning Coach (CALC),Certification,https://lightcast.io/open-skills/skills/ESCE5A9B4D8471124CF9
KS121KN69FCBBGN3CP7Z,Certified Adapted Physical Educator,Certification,https://lightcast.io/open-skills/skills/KS121KN69FCBBGN3CP7Z
KS121KN6XCX6T5YWC09F,Certified Addiction Specialist,Certification,https://lightcast.io/open-skills/skills/KS121KN6XCX6T5YWC09F
KS7G2ZM6W11RDRNQHV50,Certified Addictions Counselor,Certification,https://lightcast.io/open-skills/skills/KS7G2ZM6W11RDRNQHV50
KS121DW76RSJ7QH9W96R,Certified Addictions Registered Nurse (CARN),Certification,https://lightcast.io/open-skills/skills/KS121DW76RSJ7QH9W96R
ESBED9B33C35D882B32E,Certified Addictions Registered Nurse - Advanced Practice (CARN-AP),Certification,https://lightcast.io/open-skills/skills/ESBED9B33C35D882B32E
KS121KN79TXTX5TQ1NC3,Certified Administrative Management,Certification,https://lightcast.io/open-skills/skills/KS121KN79TXTX5TQ1NC3
KS121KP64WTWT8P8SBWZ,Certified Administrative Professional,Certification,https://lightcast.io/open-skills/skills/KS121KP64WTWT8P8SBWZ
ESCEFF7048D5CC355A31,Certified Adult Literacy Tutor,Certification,https://lightcast.io/open-skills/skills/ESCEFF7048D5CC355A31
KS121KQ6RVPN5YLFKC0R,Certified Advanced Social Work Case Management,Certification,https://lightcast.io/open-skills/skills/KS121KQ6RVPN5YLFKC0R
ESDE6B0D9E609E912D25,Certified Advanced Tutor,Certification,https://lightcast.io/open-skills/skills/ESDE6B0D9E609E912D25
ES74C8F7306761E9737B,Certified Aerial Lift Trainer,Certification,https://lightcast.io/open-skills/skills/ES74C8F7306761E9737B
KS121KQ6SSZ59YPLPK8X,Certified Aerospace Technician,Certification,https://lightcast.io/open-skills/skills/KS121KQ6SSZ59YPLPK8X
ESF002DB6F153153D328,Certified Aesthetic Nurse Specialist (CANS),Certification,https://lightcast.io/open-skills/skills/ESF002DB6F153153D328
ES1418155D7D06E7A154,Certified Aging-In-Place Specialist (CAPS),Certification,https://lightcast.io/open-skills/skills/ES1418155D7D06E7A154
KS121KR6SS25ZY11D796,Certified Agricultural Irrigation Specialist,Certification,https://lightcast.io/open-skills/skills/KS121KR6SS25ZY11D796
ES2FDE49E4E9AA343DB1,Certified Air Traffic Controller,Certification,https://lightcast.io/open-skills/skills/ES2FDE49E4E9AA343DB1
KS121KR6XGL0CF7K4P9Y,Certified Alarm Security Technician,Certification,https://lightcast.io/open-skills/skills/KS121KR6XGL0CF7K4P9Y
ES140107C2104825257D,Certified Alarm Technician,Certification,https://lightcast.io/open-skills/skills/ES140107C2104825257D
KS7G2NJ71PCY67L101KN,Certified Alcohol And Drug Counselor (CADC),Certification,https://lightcast.io/open-skills/skills/KS7G2NJ71PCY67L101KN
KS121KS60YGJ2YYYL0V0,Certified Ambulatory Perianesthesia Nurse (CAPA),Certification,https://lightcast.io/open-skills/skills/KS121KS60YGJ2YYYL0V0
ESC603B7FFB7DA5633D4,Certified Analytics Professional,Certification,https://lightcast.io/open-skills/skills/ESC603B7FFB7DA5633D4
KS121CG6Q5KLT2FZH0KY,Certified Anesthesia And Pain Management Coder,Certification,https://lightcast.io/open-skills/skills/KS121CG6Q5KLT2FZH0KY
KS121KS76BCZ5K811KDJ,Certified Anesthesia Technician,Certification,https://lightcast.io/open-skills/skills/KS121KS76BCZ5K811KDJ
ESD0B3D4EC402EAD43E7,Certified Anti-Money Laundering And Fraud Professional (CAFP),Certification,https://lightcast.io/open-skills/skills/ESD0B3D4EC402EAD43E7
KS120G46K338ZF51KTNY,Certified Anti-Money Laundering Specialist,Certification,https://lightcast.io/open-skills/skills/KS120G46K338ZF51KTNY
KS121KT5VHSPJ6J6LSD3,Certified Apartment Maintenance Technician,Certification,https://lightcast.io/open-skills/skills/KS121KT5VHSPJ6J6LSD3
KS121KV5YHTVTK797SBX,Certified Apartment Manager (CAM),Certification,https://lightcast.io/open-skills/skills/KS121KV5YHTVTK797SBX
KS7G6K05Z948FQXTKZPY,Certified Apartment Service Technician,Certification,https://lightcast.io/open-skills/skills/KS7G6K05Z948FQXTKZPY
KS121KV604YH231GDXJG,Certified Apartment Supplier,Certification,https://lightcast.io/open-skills/skills/KS121KV604YH231GDXJG
KS7G48470KP30YYGH6XF,Certified Application Counselor,Certification,https://lightcast.io/open-skills/skills/KS7G48470KP30YYGH6XF
ES714C326D355D59A04C,Certified Application Developer,Certification,https://lightcast.io/open-skills/skills/ES714C326D355D59A04C
ESF199414EB9D73AF91E,Certified Application Specialist,Certification,https://lightcast.io/open-skills/skills/ESF199414EB9D73AF91E
ES3317336A8E8AA11F99,Certified Appraiser,Certification,https://lightcast.io/open-skills/skills/ES3317336A8E8AA11F99
KS121BY68DFHF7H457SG,Certified Apprentice Lighting Technician,Certification,https://lightcast.io/open-skills/skills/KS121BY68DFHF7H457SG
ES973FEE5BD9C0F1063B,Certified Arborist,Certification,https://lightcast.io/open-skills/skills/ES973FEE5BD9C0F1063B
KS121KW5W7KP20DRLC8M,Certified Archivist,Certification,https://lightcast.io/open-skills/skills/KS121KW5W7KP20DRLC8M
ES3D4C5EBF9CAD86CCD9,Certified Asbestos Consultant,Certification,https://lightcast.io/open-skills/skills/ES3D4C5EBF9CAD86CCD9
ESA72990B74FFC5F25C1,Certified Asset Management Professional (CAMP),Certification,https://lightcast.io/open-skills/skills/ESA72990B74FFC5F25C1
ES422B6A5FA3AE9DA52B,Certified Asset Recovery Specialist,Certification,https://lightcast.io/open-skills/skills/ES422B6A5FA3AE9DA52B
ES5B6D7245F71BE81452,Certified Assisted Living Administrator (CALA),Certification,https://lightcast.io/open-skills/skills/ES5B6D7245F71BE81452
KS121BX6MC5P4KSGKMT7,Certified Assisted Living Nurse,Certification,https://lightcast.io/open-skills/skills/KS121BX6MC5P4KSGKMT7
ESE917F36E994F6B0DE2,Certified Associate Business Analyst,Certification,https://lightcast.io/open-skills/skills/ESE917F36E994F6B0DE2
KS121B66S7LL0Y5XBZ1M,Certified Associate Business Management,Certification,https://lightcast.io/open-skills/skills/KS121B66S7LL0Y5XBZ1M
ES626B1B37FDFF7DAF3E,Certified Associate In Healthcare Information And Management Systems (CAHIMS),Certification,https://lightcast.io/open-skills/skills/ES626B1B37FDFF7DAF3E
KS121C474CQ8W05BHT2P,Certified Associate In Materials Handling,Certification,https://lightcast.io/open-skills/skills/KS121C474CQ8W05BHT2P
KS121KW5XYM7JQL0J4L7,Certified Associate In Project Management,Certification,https://lightcast.io/open-skills/skills/KS121KW5XYM7JQL0J4L7
ES86F86295DA725A119C,Certified Associate In Software Quality (CASQ),Certification,https://lightcast.io/open-skills/skills/ES86F86295DA725A119C
ES72B4D8B23AEE915860,Certified Associate In Software Testing (CAST),Certification,https://lightcast.io/open-skills/skills/ES72B4D8B23AEE915860
KS121KW6Q4G9L995PLG0,Certified Associate Welding Inspector,Certification,https://lightcast.io/open-skills/skills/KS121KW6Q4G9L995PLG0
ES99AD94F0E521B41339,Certified Associate in Python Programming,Certification,https://lightcast.io/open-skills/skills/ES99AD94F0E521B41339
KS121BF77VP218JCGNV9,Certified Association Executive,Certification,https://lightcast.io/open-skills/skills/KS121BF77VP218JCGNV9
ES3610856C789104662F,Certified Asthma Educator (AE-C),Certification,https://lightcast.io/open-skills/skills/ES3610856C789104662F
KS7G0K66DGMXYKJ21JYJ,Certified Athletic Administrator,Certification,https://lightcast.io/open-skills/skills/KS7G0K66DGMXYKJ21JYJ
KS121KW75VK8HH9NQV7N,Certified Athletic Trainer,Certification,https://lightcast.io/open-skills/skills/KS121KW75VK8HH9NQV7N
KS121JB6VF7N3CZTJWTV,Certified Audio Engineer,Certification,https://lightcast.io/open-skills/skills/KS121JB6VF7N3CZTJWTV
ES6E321D0EB8AFD13588,Certified Authorization Professional (CAP),Certification,https://lightcast.io/open-skills/skills/ES6E321D0EB8AFD13588
ES9DCBA66E4035D9DB83,Certified Automation Anywhere Developer,Certification,https://lightcast.io/open-skills/skills/ES9DCBA66E4035D9DB83
KS121KY60CF55VL2YVYB,Certified Automation Professional,Certification,https://lightcast.io/open-skills/skills/KS121KY60CF55VL2YVYB
ESD73A5BDBCC5EF281C1,Certified Baker,Certification,https://lightcast.io/open-skills/skills/ESD73A5BDBCC5EF281C1
KS121FZ6LMVTVD4JS9S6,Certified Bank Auditor,Certification,https://lightcast.io/open-skills/skills/KS121FZ6LMVTVD4JS9S6
KS121KY76NNYQ343R2QJ,Certified Bank Teller,Certification,https://lightcast.io/open-skills/skills/KS121KY76NNYQ343R2QJ
KS121G56KWT347Z2Y44Q,Certified Bariatric Nurse (CBN),Certification,https://lightcast.io/open-skills/skills/KS121G56KWT347Z2Y44Q
ES65304C60BC9E9EE8BE,Certified Basketball Official,Certification,https://lightcast.io/open-skills/skills/ES65304C60BC9E9EE8BE
KS121KZ619GLX6H0ND3W,Certified Beer Judge,Certification,https://lightcast.io/open-skills/skills/KS121KZ619GLX6H0ND3W
ESF3F63AAA11CD469D7A,Certified Behavioral Health Technician (CBHT),Certification,https://lightcast.io/open-skills/skills/ESF3F63AAA11CD469D7A
KS121G675G0BL6S3C7K2,Certified Benefits Professional,Certification,https://lightcast.io/open-skills/skills/KS121G675G0BL6S3C7K2
KS121KZ6F9YKMXRT44P2,Certified Bicycle Technician,Certification,https://lightcast.io/open-skills/skills/KS121KZ6F9YKMXRT44P2
KS1221370WYFSNMT2V9S,Certified Billing And Coding Specialist (CBCS),Certification,https://lightcast.io/open-skills/skills/KS1221370WYFSNMT2V9S
KS1211G6GR0NDFM4175B,Certified Biomedical Auditor (CBA),Certification,https://lightcast.io/open-skills/skills/KS1211G6GR0NDFM4175B
KS121G26P3WZTL83DJWP,Certified Biomedical Equipment Technician (CBET),Certification,https://lightcast.io/open-skills/skills/KS121G26P3WZTL83DJWP
KS121KZ6WGF6JT7QZJD8,Certified Biometrics Professional,Certification,https://lightcast.io/open-skills/skills/KS121KZ6WGF6JT7QZJD8
ES5B98FFE035431FFBAD,Certified Blue Prism Developer,Certification,https://lightcast.io/open-skills/skills/ES5B98FFE035431FFBAD
KS121G85XCSLQJ36HYJJ,Certified Board Of Radiology Practitioner Assistant,Certification,https://lightcast.io/open-skills/skills/KS121G85XCSLQJ36HYJJ
KS121G171S9P9X67CH5G,Certified Bone Densitometry Technologist,Certification,https://lightcast.io/open-skills/skills/KS121G171S9P9X67CH5G
KS121KZ6YKVTYY3K3ZRX,Certified Bookkeeper,Certification,https://lightcast.io/open-skills/skills/KS121KZ6YKVTYY3K3ZRX
ES40BAC64D54C45FEB3A,Certified Brain Injury Specialist (CBIS),Certification,https://lightcast.io/open-skills/skills/ES40BAC64D54C45FEB3A
KS121G078G6X329PL3FL,Certified Breast Care Nurse (CBCN),Certification,https://lightcast.io/open-skills/skills/KS121G078G6X329PL3FL
ES6C70255029467C15C9,Certified Broadcast Meteorologist (CBM),Certification,https://lightcast.io/open-skills/skills/ES6C70255029467C15C9
KS121G56M7H89KWK3C6R,Certified Broadcast Networking Technologist,Certification,https://lightcast.io/open-skills/skills/KS121G56M7H89KWK3C6R
KS121G765CCRDH5TCJKN,Certified Broadcast Radio Engineer,Certification,https://lightcast.io/open-skills/skills/KS121G765CCRDH5TCJKN
KS121L075NWMW1TW2XF3,Certified Broadcast Technologist,Certification,https://lightcast.io/open-skills/skills/KS121L075NWMW1TW2XF3
KS121G86LK9HY4TNRBBJ,Certified Broadcast Television Engineer,Certification,https://lightcast.io/open-skills/skills/KS121G86LK9HY4TNRBBJ
KS121G160YZBLXY0DJPV,Certified Building Commissioning Professional,Certification,https://lightcast.io/open-skills/skills/KS121G160YZBLXY0DJPV
KS121G36Q68PTMKRSPL0,Certified Building Inspector,Certification,https://lightcast.io/open-skills/skills/KS121G36Q68PTMKRSPL0
KS121L15ZSV507HPW82J,Certified Building Plans Examiner,Certification,https://lightcast.io/open-skills/skills/KS121L15ZSV507HPW82J
KS121G06G6N70W7TVH11,Certified Business Analysis Professional,Certification,https://lightcast.io/open-skills/skills/KS121G06G6N70W7TVH11
ESE50A851A63DC953BDC,Certified Business Analysis Thought Leader (CBATL),Certification,https://lightcast.io/open-skills/skills/ESE50A851A63DC953BDC
KS121L16046N5BNDWKTP,Certified Business Continuity Professional,Certification,https://lightcast.io/open-skills/skills/KS121L16046N5BNDWKTP
KS121G16QBM1HMX57N24,Certified Business Continuity Vendor,Certification,https://lightcast.io/open-skills/skills/KS121G16QBM1HMX57N24
ES40B80719CC635CE643,Certified Business Intelligence Professional (CBIP),Certification,https://lightcast.io/open-skills/skills/ES40B80719CC635CE643
KS121G55XV23YHL1ZV04,Certified Business Manager,Certification,https://lightcast.io/open-skills/skills/KS121G55XV23YHL1ZV04
ESDB3179726149833D38,Certified Business Process Professional,Certification,https://lightcast.io/open-skills/skills/ESDB3179726149833D38
ES94E18212AF09BACEA3,Certified Business Professional,Certification,https://lightcast.io/open-skills/skills/ES94E18212AF09BACEA3
KS685RW6SLMHYL1N0CP8,Certified Calibration Technician,Certification,https://lightcast.io/open-skills/skills/KS685RW6SLMHYL1N0CP8
KS121GB74XMZ2NN2DP5H,Certified Call Center Manager,Certification,https://lightcast.io/open-skills/skills/KS121GB74XMZ2NN2DP5H
KS121GC5ZHB4G42TQGQD,Certified Call Center Professional,Certification,https://lightcast.io/open-skills/skills/KS121GC5ZHB4G42TQGQD
ES27EFC4D2B2B87DD578,Certified Cancer Exercise Trainer (CET),Certification,https://lightcast.io/open-skills/skills/ES27EFC4D2B2B87DD578
ESBB34C62A3F4088E456,Certified Cardiac Monitor/Telemetry Technician (CCMTT),Certification,https://lightcast.io/open-skills/skills/ESBB34C62A3F4088E456
KS121L26NDTCLZL81VH6,Certified Cardiographic Technician (CCT),Certification,https://lightcast.io/open-skills/skills/KS121L26NDTCLZL81VH6
KS121L276LJ0FVVFG34F,Certified Cardiology Coder,Certification,https://lightcast.io/open-skills/skills/KS121L276LJ0FVVFG34F
KS121HF606TB7YNRYMM8,Certified Cardiovascular And Thoracic Surgery Coder (CCVTC),Certification,https://lightcast.io/open-skills/skills/KS121HF606TB7YNRYMM8
ES3C528A3D9489F2E9EF,Certified Career Counselor (CCC),Certification,https://lightcast.io/open-skills/skills/ES3C528A3D9489F2E9EF
KS121L362CN0F9TP2H7N,Certified Cargo Security Professional,Certification,https://lightcast.io/open-skills/skills/KS121L362CN0F9TP2H7N
KS121L45WT9YRWMDHTNW,Certified Case Manager (CCM),Certification,https://lightcast.io/open-skills/skills/KS121L45WT9YRWMDHTNW
KS1203G5VXF85865CPS9,Certified Chamber Executive,Certification,https://lightcast.io/open-skills/skills/KS1203G5VXF85865CPS9
KS121L45WXXGLQHYMKGT,Certified Chaplain,Certification,https://lightcast.io/open-skills/skills/KS121L45WXXGLQHYMKGT
KS121L46DR47NX75GNSC,Certified Chef De Cuisine,Certification,https://lightcast.io/open-skills/skills/KS121L46DR47NX75GNSC
KS121GJ69ZWVQ6M4FVZM,Certified Chemical Engineer,Certification,https://lightcast.io/open-skills/skills/KS121GJ69ZWVQ6M4FVZM
KS121L46DY0TMV1GFKWC,Certified Chemical Technician,Certification,https://lightcast.io/open-skills/skills/KS121L46DY0TMV1GFKWC
KS123BF61LQTTL1DWHX0,Certified Chief Information Security Officer,Certification,https://lightcast.io/open-skills/skills/KS123BF61LQTTL1DWHX0
ES2C735236774C962FAF,Certified Child Life Specialist,Certification,https://lightcast.io/open-skills/skills/ES2C735236774C962FAF
KS121L46KY707VS6YYHL,Certified Chimney Sweep,Certification,https://lightcast.io/open-skills/skills/KS121L46KY707VS6YYHL
ES450C72C4B769166697,Certified Chiropractic Clinical Assistant (CCCA),Certification,https://lightcast.io/open-skills/skills/ES450C72C4B769166697
KS121H16RV7SJCJ0SVSX,Certified Chiropractic Professional Coder,Certification,https://lightcast.io/open-skills/skills/KS121H16RV7SJCJ0SVSX
KS121L46XM04CYTGQ4RV,Certified Chiropractic Sports Physician,Certification,https://lightcast.io/open-skills/skills/KS121L46XM04CYTGQ4RV
KS121G86VLHTB5GRWL5Q,Certified Clinic Account Manager,Certification,https://lightcast.io/open-skills/skills/KS121G86VLHTB5GRWL5Q
KS121G972L3FZ79QWJKY,Certified Clinic Account Technician,Certification,https://lightcast.io/open-skills/skills/KS121G972L3FZ79QWJKY
ES8ABE07487733BD84E8,Certified Clinical Documentation Specialist (CCDS),Certification,https://lightcast.io/open-skills/skills/ES8ABE07487733BD84E8
ESAEA3BE3C3D4D4D763A,Certified Clinical Electrologist (CCE),Certification,https://lightcast.io/open-skills/skills/ESAEA3BE3C3D4D4D763A
ES833166C0CEC5006FDF,Certified Clinical Exercise Physiologist (CEP),Certification,https://lightcast.io/open-skills/skills/ES833166C0CEC5006FDF
KS121GJ6Y1N2NSTMM33H,Certified Clinical Hemodialysis Technician (CCHT),Certification,https://lightcast.io/open-skills/skills/KS121GJ6Y1N2NSTMM33H
ESFF6A239642FD15B579,Certified Clinical Hemodialysis Technician - Advanced (CCHT-A),Certification,https://lightcast.io/open-skills/skills/ESFF6A239642FD15B579
KS121L565Z96JKWCQ9C8,Certified Clinical Hypnotherapist,Certification,https://lightcast.io/open-skills/skills/KS121L565Z96JKWCQ9C8
KS121GQ631G453S9702K,Certified Clinical Medical Assistant (CCMA),Certification,https://lightcast.io/open-skills/skills/KS121GQ631G453S9702K
KS121GQ7902F5WXZTZVL,Certified Clinical Mental Health Counselor,Certification,https://lightcast.io/open-skills/skills/KS121GQ7902F5WXZTZVL
ES939CD7D8340BA0D9D5,Certified Clinical Perfusionist (CCP),Certification,https://lightcast.io/open-skills/skills/ES939CD7D8340BA0D9D5
ESB26BF490D0FE4DA86A,Certified Clinical Project Manager (CCPM),Certification,https://lightcast.io/open-skills/skills/ESB26BF490D0FE4DA86A
KS7G7KV6N1K79ZT4C1G4,Certified Clinical Research Associate (CCRA),Certification,https://lightcast.io/open-skills/skills/KS7G7KV6N1K79ZT4C1G4
ES91C3F76BAC9EF5B5E2,Certified Clinical Research Coordinator (CCRC),Certification,https://lightcast.io/open-skills/skills/ES91C3F76BAC9EF5B5E2
ES2F26F08BC880B4CFBA,Certified Clinical Research Professional (CCRP),Certification,https://lightcast.io/open-skills/skills/ES2F26F08BC880B4CFBA
KS121L56ZLCHSD7H61Y8,Certified Clinical Supervisor,Certification,https://lightcast.io/open-skills/skills/KS121L56ZLCHSD7H61Y8
KS121H96VKQKTDCJ4N60,Certified Clinical Transplant Coordinator (CCTC),Certification,https://lightcast.io/open-skills/skills/KS121H96VKQKTDCJ4N60
KS121HC6TD3G3CMQ9QKH,Certified Clinical Transplant Nurse,Certification,https://lightcast.io/open-skills/skills/KS121HC6TD3G3CMQ9QKH
ESA91AE5BF276D4CC581,Certified Clinical Trauma Professional (CCTP),Certification,https://lightcast.io/open-skills/skills/ESA91AE5BF276D4CC581
ES568FFC9DBF72635381,Certified Cloud Professional (CCP),Certification,https://lightcast.io/open-skills/skills/ES568FFC9DBF72635381
ES6725D3EEA64250656C,Certified Cloud Security Professional (CCSP),Certification,https://lightcast.io/open-skills/skills/ES6725D3EEA64250656C
ES6C8D6208D3180C2B4B,Certified Club Fitter,Certification,https://lightcast.io/open-skills/skills/ES6C8D6208D3180C2B4B
ESBD3B7ACDA804ACC574,Certified Club Manager (CCM),Certification,https://lightcast.io/open-skills/skills/ESBD3B7ACDA804ACC574
KS121L572SH9LGJ1MFMT,Certified Coding Associate (CCA),Certification,https://lightcast.io/open-skills/skills/KS121L572SH9LGJ1MFMT
KS121H465NC28QWJMB4F,Certified Coding Specialist (CCS),Certification,https://lightcast.io/open-skills/skills/KS121H465NC28QWJMB4F
ES69E07ED78B5D6EFF65,Certified Coding Specialist - Physician-Based (CCS-P),Certification,https://lightcast.io/open-skills/skills/ES69E07ED78B5D6EFF65
KS121G973T7B7YPWD3NN,Certified Commercial Building Inspector,Certification,https://lightcast.io/open-skills/skills/KS121G973T7B7YPWD3NN
KS121L578G7QSHF7WRYH,Certified Commercial Contracts Manager,Certification,https://lightcast.io/open-skills/skills/KS121L578G7QSHF7WRYH
KS121GM6QNWCF8SW8GNY,Certified Commercial Investment Member (CCIM),Certification,https://lightcast.io/open-skills/skills/KS121GM6QNWCF8SW8GNY
KS121G96R1JHHKKSZFR4,Certified Community Action Professional,Certification,https://lightcast.io/open-skills/skills/KS121G96R1JHHKKSZFR4
KS121L66GQNSWJG04Y0J,Certified Community Transit Manager,Certification,https://lightcast.io/open-skills/skills/KS121L66GQNSWJG04Y0J
KS121H1675RS6SLYMGFK,Certified Compensation Professional,Certification,https://lightcast.io/open-skills/skills/KS121H1675RS6SLYMGFK
KS121GG74SB3QRSM8X3Q,Certified Compliance And Ethics Professional,Certification,https://lightcast.io/open-skills/skills/KS121GG74SB3QRSM8X3Q
ES6A0C85DED8209628F7,Certified Compliance Officer,Certification,https://lightcast.io/open-skills/skills/ES6A0C85DED8209628F7
KS121L66HVHFLW9HZHN1,Certified Compliance Specialist,Certification,https://lightcast.io/open-skills/skills/KS121L66HVHFLW9HZHN1
KS121GF6L6X8WHRLM1PZ,Certified Computer Examiner,Certification,https://lightcast.io/open-skills/skills/KS121GF6L6X8WHRLM1PZ
KS121GG76KK5F29WYJ50,Certified Computer Forensics Examiner,Certification,https://lightcast.io/open-skills/skills/KS121GG76KK5F29WYJ50
KS121GX6839Y4MH0JQB8,Certified Computer Network Investigator,Certification,https://lightcast.io/open-skills/skills/KS121GX6839Y4MH0JQB8
KS121L66MRP5DT4V5ZCM,Certified Computer Programmer,Certification,https://lightcast.io/open-skills/skills/KS121L66MRP5DT4V5ZCM
ES7C4CD5CF88E0B1AB63,Certified Computer Technician,Certification,https://lightcast.io/open-skills/skills/ES7C4CD5CF88E0B1AB63
KS121L761B6NFVPY99HL,Certified Computing Professional,Certification,https://lightcast.io/open-skills/skills/KS121L761B6NFVPY99HL
KS121GB6YK86PCC1D49S,Certified Construction Contract Administrator,Certification,https://lightcast.io/open-skills/skills/KS121GB6YK86PCC1D49S
KS121GQ5XDP4CR4456N3,Certified Construction Manager,Certification,https://lightcast.io/open-skills/skills/KS121GQ5XDP4CR4456N3
KS121H16YDS2L3CL684F,Certified Construction Product Representative (CCPR),Certification,https://lightcast.io/open-skills/skills/KS121H16YDS2L3CL684F
KS121L768QFYNSVWXYQK,Certified Construction Specifier,Certification,https://lightcast.io/open-skills/skills/KS121L768QFYNSVWXYQK
KS121L76D1ZJ5K5H9M89,Certified Consulting Meteorologist,Certification,https://lightcast.io/open-skills/skills/KS121L76D1ZJ5K5H9M89
KS121GC5VRRDM9DJVR17,Certified Continence Care Nurse (CCCN),Certification,https://lightcast.io/open-skills/skills/KS121GC5VRRDM9DJVR17
ESD07314EB638BAB2723,Certified Continence Care Nurse - Advanced Practice (CCCN-AP),Certification,https://lightcast.io/open-skills/skills/ESD07314EB638BAB2723
KS121H86SFT2WZTVD5QW,Certified Control Systems Technician,Certification,https://lightcast.io/open-skills/skills/KS121H86SFT2WZTVD5QW
ES643D0866213F01FC6E,Certified Corporate FP&A Professional,Certification,https://lightcast.io/open-skills/skills/ES643D0866213F01FC6E
KS121HC6XKJ9RSF21LM9,Certified Corporate Trust Specialist,Certification,https://lightcast.io/open-skills/skills/KS121HC6XKJ9RSF21LM9
KS121SQ6ZYQX266RWZ7D,Certified Correctional Food Systems Manager,Certification,https://lightcast.io/open-skills/skills/KS121SQ6ZYQX266RWZ7D
ES8766E4698FF6D08B95,Certified Correctional Health Professional (CCHP),Certification,https://lightcast.io/open-skills/skills/ES8766E4698FF6D08B95
ES545FB3A35CB7DDC7B7,Certified Correctional Health Professional - Advanced (CCHP-A),Certification,https://lightcast.io/open-skills/skills/ES545FB3A35CB7DDC7B7
ES1175C825A582CC7E7F,Certified Correctional Health Professional - Mental Health (CCHP-MH),Certification,https://lightcast.io/open-skills/skills/ES1175C825A582CC7E7F
ES523A2598BCECE9B98E,Certified Correctional Health Professional - Nursing (CCHP-RN),Certification,https://lightcast.io/open-skills/skills/ES523A2598BCECE9B98E
ES371A699792302A90CD,Certified Correctional Health Professional - Physician (CCHP-P),Certification,https://lightcast.io/open-skills/skills/ES371A699792302A90CD
KS121L76PW24D20RX78F,Certified Corrections Executive,Certification,https://lightcast.io/open-skills/skills/KS121L76PW24D20RX78F
KS121L76Z2Z0JP75QTWM,Certified Corrections Manager,Certification,https://lightcast.io/open-skills/skills/KS121L76Z2Z0JP75QTWM
KS121GS61WQ3YZ499XPG,Certified Corrections Nurse (CCN),Certification,https://lightcast.io/open-skills/skills/KS121GS61WQ3YZ499XPG
KS121GS6T75X6QWBPLQM,Certified Corrections Nurse/Manager (CCN-M),Certification,https://lightcast.io/open-skills/skills/KS121GS6T75X6QWBPLQM
KS121L774W73RK2FT2ML,Certified Corrections Officer,Certification,https://lightcast.io/open-skills/skills/KS121L774W73RK2FT2ML
KS121L862D6QFT9ZC69G,Certified Corrections Officer/Juvenile,Certification,https://lightcast.io/open-skills/skills/KS121L862D6QFT9ZC69G
ESE9738FFBCDD81307FA,Certified Cost Consultant,Certification,https://lightcast.io/open-skills/skills/ESE9738FFBCDD81307FA
ES67E4E0942A226489CD,Certified Cost Engineer,Certification,https://lightcast.io/open-skills/skills/ES67E4E0942A226489CD
KS121GF6N1G4JZNY6J12,Certified Cost Estimator/Analyst,Certification,https://lightcast.io/open-skills/skills/KS121GF6N1G4JZNY6J12
ESE4A004E9B3EF831130,Certified Cost Professional (CCP),Certification,https://lightcast.io/open-skills/skills/ESE4A004E9B3EF831130
ES8B68BB2AA02FA60AAB,Certified Cost Technician (CCT),Certification,https://lightcast.io/open-skills/skills/ES8B68BB2AA02FA60AAB
KS121GN65PCV877F61B2,Certified Counterespionage And Information Security Management,Certification,https://lightcast.io/open-skills/skills/KS121GN65PCV877F61B2
ES546CDE63DB7596F8F8,Certified Court Reporter (CCR),Certification,https://lightcast.io/open-skills/skills/ES546CDE63DB7596F8F8
KS7G0QV76SRPK7Y2LPLJ,Certified Crane Operator,Certification,https://lightcast.io/open-skills/skills/KS7G0QV76SRPK7Y2LPLJ
ES8D4CB08875B45EE7F5,Certified Credit And Risk Analyst (CCRA),Certification,https://lightcast.io/open-skills/skills/ES8D4CB08875B45EE7F5
ESE9D449371A6218581A,Certified Credit Compliance Professional (C3P),Certification,https://lightcast.io/open-skills/skills/ESE9D449371A6218581A
ES21F3D33FACABBA01C2,Certified Credit Counselor (CCC),Certification,https://lightcast.io/open-skills/skills/ES21F3D33FACABBA01C2
KS121L96SGM34DXR4ZM5,Certified Credit Executive,Certification,https://lightcast.io/open-skills/skills/KS121L96SGM34DXR4ZM5
KS121L965W6HNPLRL9CK,Certified Credit Professional,Certification,https://lightcast.io/open-skills/skills/KS121L965W6HNPLRL9CK
KS121HD6MXW1LGFHYYQW,Certified Credit Union Executive,Certification,https://lightcast.io/open-skills/skills/KS121HD6MXW1LGFHYYQW
KS121GN6SBY0H4M3B2D4,Certified Criminal Justice Addiction Professional,Certification,https://lightcast.io/open-skills/skills/KS121GN6SBY0H4M3B2D4
KS121L96VQXJ7YW4RLBX,Certified Crisis Intervener,Certification,https://lightcast.io/open-skills/skills/KS121L96VQXJ7YW4RLBX
KS121L974CRQY4JWHFH6,Certified Crop Advisor,Certification,https://lightcast.io/open-skills/skills/KS121L974CRQY4JWHFH6
ESFCA77D691CEA6566DB,Certified Cruise Counselor,Certification,https://lightcast.io/open-skills/skills/ESFCA77D691CEA6566DB
KS121L977711HH9LV1ZB,Certified Culinarian,Certification,https://lightcast.io/open-skills/skills/KS121L977711HH9LV1ZB
KS121LB63T2S3FHGB0LC,Certified Culinary Administrator,Certification,https://lightcast.io/open-skills/skills/KS121LB63T2S3FHGB0LC
KS121LB6B1WZZJW8WN46,Certified Culinary Educator,Certification,https://lightcast.io/open-skills/skills/KS121LB6B1WZZJW8WN46
KS121H86733PSDV7ZBMN,Certified Customer Service Representative,Certification,https://lightcast.io/open-skills/skills/KS121H86733PSDV7ZBMN
KS121LB6L4QXVM8BJN2F,Certified Customer Service Specialist,Certification,https://lightcast.io/open-skills/skills/KS121LB6L4QXVM8BJN2F
ES75DB07E2D244524235,Certified Customs Specialist,Certification,https://lightcast.io/open-skills/skills/ES75DB07E2D244524235
ES25BB3CA856A72DF810,Certified Cyber Crimes Investigator (CCCI),Certification,https://lightcast.io/open-skills/skills/ES25BB3CA856A72DF810
KS687D678NBCR254WCLC,Certified Cyber Forensics Professional,Certification,https://lightcast.io/open-skills/skills/KS687D678NBCR254WCLC
KS121LB77G85QYWCGVCM,Certified Cytotechnologist,Certification,https://lightcast.io/open-skills/skills/KS121LB77G85QYWCGVCM
ESDD2242BBD9DA601156,Certified Data Cabling Installer (DCI),Certification,https://lightcast.io/open-skills/skills/ESDD2242BBD9DA601156
KS121HL704L9TDBX6L2T,Certified Data Centre Design Professional,Certification,https://lightcast.io/open-skills/skills/KS121HL704L9TDBX6L2T
ES98032725C61A24384B,Certified Data Centre Expert,Certification,https://lightcast.io/open-skills/skills/ES98032725C61A24384B
ESD9C5A112B88E84D1A5,Certified Data Centre Professional,Certification,https://lightcast.io/open-skills/skills/ESD9C5A112B88E84D1A5
ES35E12E84DBD39EF53E,Certified Data Centre Specialist,Certification,https://lightcast.io/open-skills/skills/ES35E12E84DBD39EF53E
KS121HX6LLQ7RNL061QJ,Certified Data Management Professional (CDMP) - DAMA,Certification,https://lightcast.io/open-skills/skills/KS121HX6LLQ7RNL061QJ
ES7EEA906BCABE5ABE12,Certified Data Privacy Solutions Engineer (CDPSE),Certification,https://lightcast.io/open-skills/skills/ES7EEA906BCABE5ABE12
KS121J561W4GL9G3Q6LT,Certified Data Recovery Professional,Certification,https://lightcast.io/open-skills/skills/KS121J561W4GL9G3Q6LT
ES2B7CD17EE66C7B67CF,Certified Decorative Artist,Certification,https://lightcast.io/open-skills/skills/ES2B7CD17EE66C7B67CF
KS121HP660Y0KSSCG12B,Certified Defense Financial Manager,Certification,https://lightcast.io/open-skills/skills/KS121HP660Y0KSSCG12B
KS121LC65NP39VC8QH0H,Certified Dental Assistant,Certification,https://lightcast.io/open-skills/skills/KS121LC65NP39VC8QH0H
KS121J267FNHZJ9Z3JWS,Certified Dental Practice Management Administrator (CDPMA),Certification,https://lightcast.io/open-skills/skills/KS121J267FNHZJ9Z3JWS
KS121LC6LQPLW4Z835PV,Certified Dental Technician,Certification,https://lightcast.io/open-skills/skills/KS121LC6LQPLW4Z835PV
KS121LC6WGXSPFW3QT1M,Certified Developmental Disabilities Nurse,Certification,https://lightcast.io/open-skills/skills/KS121LC6WGXSPFW3QT1M
KS121LC70HLLK5KV8SVJ,Certified Diabetes Educator (CDE),Certification,https://lightcast.io/open-skills/skills/KS121LC70HLLK5KV8SVJ
ES8C747B9194365F8097,Certified Dialysis - Licensed Practical Nurse (CD-LPN),Certification,https://lightcast.io/open-skills/skills/ES8C747B9194365F8097
ES975613FE4677221EB1,Certified Dialysis - Licensed Vocational Nurse (CD-LVN),Certification,https://lightcast.io/open-skills/skills/ES975613FE4677221EB1
KS121LC75QZFF2YC0GXB,Certified Dialysis Nurse (CDN),Certification,https://lightcast.io/open-skills/skills/KS121LC75QZFF2YC0GXB
ES1C681CB2D1A55D36E5,Certified Dietary Manager (CDM),Certification,https://lightcast.io/open-skills/skills/ES1C681CB2D1A55D36E5
KS121HN6S2WRFDBDF962,Certified Digital Forensics Examiner (CDFE),Certification,https://lightcast.io/open-skills/skills/KS121HN6S2WRFDBDF962
KS121HR7534QRVQ81VKK,Certified Director Of Maintenance/Equipment,Certification,https://lightcast.io/open-skills/skills/KS121HR7534QRVQ81VKK
KS121LF63N5NKZQZVK0T,Certified Directory Engineer,Certification,https://lightcast.io/open-skills/skills/KS121LF63N5NKZQZVK0T
KS7G83S67ZR02CM77SVW,Certified Disability Management Specialist,Certification,https://lightcast.io/open-skills/skills/KS7G83S67ZR02CM77SVW
KS121LG6LG2NYVMDY19F,Certified Distance Learning,Certification,https://lightcast.io/open-skills/skills/KS121LG6LG2NYVMDY19F
KS123276XVMMM8DQFH7J,Certified Divemaster,Certification,https://lightcast.io/open-skills/skills/KS123276XVMMM8DQFH7J
KS121HM77DXP95GZWFPD,Certified Divorce Financial Analyst (CDFA),Certification,https://lightcast.io/open-skills/skills/KS121HM77DXP95GZWFPD
KS121LG6V01484D7LZ82,Certified Document Consultant,Certification,https://lightcast.io/open-skills/skills/KS121LG6V01484D7LZ82
KS121HQ6LBFK1WLJW4WF,Certified Documentation Improvement Practitioner (CDIP),Certification,https://lightcast.io/open-skills/skills/KS121HQ6LBFK1WLJW4WF
ESE4AEB110D01DDA97F1,Certified Documentation Integrity Practitioner (CDIP),Certification,https://lightcast.io/open-skills/skills/ESE4AEB110D01DDA97F1
ESCBF2187757E4393AD4,Certified E-Commerce Consultant,Certification,https://lightcast.io/open-skills/skills/ESCBF2187757E4393AD4
KS121LH6ZXK2KHBHX6YZ,Certified EKG/ECG Technician,Certification,https://lightcast.io/open-skills/skills/KS121LH6ZXK2KHBHX6YZ
ESE97CCA4CF854BFE6D9,Certified ENT Coder,Certification,https://lightcast.io/open-skills/skills/ESE97CCA4CF854BFE6D9
KS121JD6K2MMQGRC0QXD,Certified Eating Disorders Specialist,Certification,https://lightcast.io/open-skills/skills/KS121JD6K2MMQGRC0QXD
KS121S65Y3XWWJ66F9PP,Certified Ec-Council Sales Specialist,Certification,https://lightcast.io/open-skills/skills/KS121S65Y3XWWJ66F9PP
KS121JC631BKF1F7BCP1,Certified Economic Developer,Certification,https://lightcast.io/open-skills/skills/KS121JC631BKF1F7BCP1
ES28C179097A0D7356EB,Certified Electrical Safety Compliance Professional,Certification,https://lightcast.io/open-skills/skills/ES28C179097A0D7356EB
KS121JD6P5RV9MBY4XTW,Certified Electronic Evidence Collection Specialist,Certification,https://lightcast.io/open-skills/skills/KS121JD6P5RV9MBY4XTW
KS121JJ61DV0MQLRLCYT,Certified Electronic Health Records Specialist,Certification,https://lightcast.io/open-skills/skills/KS121JJ61DV0MQLRLCYT
ES9A6ED42ED4A2545441,Certified Electronic Recorder (CER),Certification,https://lightcast.io/open-skills/skills/ES9A6ED42ED4A2545441
ES1D0580BC3E37F6E19C,Certified Electronic Reporter And Transcriber (CERT),Certification,https://lightcast.io/open-skills/skills/ES1D0580BC3E37F6E19C
KS121LJ67ZG2V3SYRW6D,Certified Electronic Systems Technician,Certification,https://lightcast.io/open-skills/skills/KS121LJ67ZG2V3SYRW6D
ES89263121D72477A22C,Certified Electronic Transcriber (CET),Certification,https://lightcast.io/open-skills/skills/ES89263121D72477A22C
ES962C85809A346162D2,Certified Electroplater-Finisher (CET),Certification,https://lightcast.io/open-skills/skills/ES962C85809A346162D2
KS121JD61T5W0957DQRQ,Certified Emergency Department Coder,Certification,https://lightcast.io/open-skills/skills/KS121JD61T5W0957DQRQ
KS121LK6CPC7YZ5GF9TL,Certified Emergency Manager,Certification,https://lightcast.io/open-skills/skills/KS121LK6CPC7YZ5GF9TL
KS7G0D764CCFQ0QNKL2W,Certified Emergency Nurse (CEN),Certification,https://lightcast.io/open-skills/skills/KS7G0D764CCFQ0QNKL2W
KS121JB72YN4HYSKSZ6W,Certified Employee Assistance Professional,Certification,https://lightcast.io/open-skills/skills/KS121JB72YN4HYSKSZ6W
KS121JB75N6DTXLJPVDB,Certified Employee Benefit Specialist,Certification,https://lightcast.io/open-skills/skills/KS121JB75N6DTXLJPVDB
KS121LL6XQJ9R42DPNPZ,Certified Employment Interview Professional,Certification,https://lightcast.io/open-skills/skills/KS121LL6XQJ9R42DPNPZ
ES6F653FF9656EB626E1,Certified Employment Support Professional,Certification,https://lightcast.io/open-skills/skills/ES6F653FF9656EB626E1
ES104EA7887602D0475C,Certified Energy Manager,Certification,https://lightcast.io/open-skills/skills/ES104EA7887602D0475C
KS121K86HC829HHNTKKP,Certified Energy Manager In Training,Certification,https://lightcast.io/open-skills/skills/KS121K86HC829HHNTKKP
KS121KG6W2FTN9HRSJLF,Certified Energy Plans Examiner,Certification,https://lightcast.io/open-skills/skills/KS121KG6W2FTN9HRSJLF
ESE17841E49138F2A81C,Certified Energy Procurement Professional,Certification,https://lightcast.io/open-skills/skills/ESE17841E49138F2A81C
ES9A905D223FE461343F,Certified Energy Professional,Certification,https://lightcast.io/open-skills/skills/ES9A905D223FE461343F
KS121LM6D8RXXVLTVPBG,Certified Engineering Manager,Certification,https://lightcast.io/open-skills/skills/KS121LM6D8RXXVLTVPBG
KS121KF6VD6FNGNG3BZ4,Certified Engineering Operations Executive,Certification,https://lightcast.io/open-skills/skills/KS121KF6VD6FNGNG3BZ4
KS121LM6HCBPJZYFPSL8,Certified Engineering Technologist,Certification,https://lightcast.io/open-skills/skills/KS121LM6HCBPJZYFPSL8
KS121LN69G0P07MV0CKR,Certified Environmental Auditor,Certification,https://lightcast.io/open-skills/skills/KS121LN69G0P07MV0CKR
KS121JK5YLP5J5FS1FVY,Certified Environmental Health Technician,Certification,https://lightcast.io/open-skills/skills/KS121JK5YLP5J5FS1FVY
KS121LN6G30344D7RB5Q,Certified Environmental Professional,Certification,https://lightcast.io/open-skills/skills/KS121LN6G30344D7RB5Q
ESB122C915120722ECCE,Certified Environmental Safety And Health Trainer (CET),Certification,https://lightcast.io/open-skills/skills/ESB122C915120722ECCE
KS121LP611RHDY2M7S1K,Certified Environmental Scientist,Certification,https://lightcast.io/open-skills/skills/KS121LP611RHDY2M7S1K
KS121LP6270F1F4V4C08,Certified Environmental Systems Manager (NREP),Certification,https://lightcast.io/open-skills/skills/KS121LP6270F1F4V4C08
ES453E587F1403CFF68C,Certified Equity Professional (CEP),Certification,https://lightcast.io/open-skills/skills/ES453E587F1403CFF68C
KS121LP779X75DZ138ZD,Certified Estimating Professional,Certification,https://lightcast.io/open-skills/skills/KS121LP779X75DZ138ZD
KS121JG72W9R0YMKPKVQ,Certified Ethical Hacker,Certification,https://lightcast.io/open-skills/skills/KS121JG72W9R0YMKPKVQ
ESB6265BAC219095E6F9,Certified Evaluation And Management Coder (CEMC),Certification,https://lightcast.io/open-skills/skills/ESB6265BAC219095E6F9
KS121LQ6T4JVY99633QX,Certified Executive Chef,Certification,https://lightcast.io/open-skills/skills/KS121LQ6T4JVY99633QX
KS121LQ6T7KLJQYCCR19,Certified Executive Housekeeper,Certification,https://lightcast.io/open-skills/skills/KS121LQ6T7KLJQYCCR19
KS121KG5W9YYDYM47LF2,Certified Executive Pastry Chef,Certification,https://lightcast.io/open-skills/skills/KS121KG5W9YYDYM47LF2
KS121LQ6TRQ8CSTW0YJT,Certified Exporter,Certification,https://lightcast.io/open-skills/skills/KS121LQ6TRQ8CSTW0YJT
KS121LQ6ZG6HQB79Y75K,Certified Eye Bank Technician,Certification,https://lightcast.io/open-skills/skills/KS121LQ6ZG6HQB79Y75K
KS121LR647CHSZQRN56Z,Certified Facilities Executive,Certification,https://lightcast.io/open-skills/skills/KS121LR647CHSZQRN56Z
KS7G0HN5VYRTZQ7GS5TP,Certified Facility Manager,Certification,https://lightcast.io/open-skills/skills/KS7G0HN5VYRTZQ7GS5TP
KS121LS66HYHKB4B5STZ,Certified Family Life Educator,Certification,https://lightcast.io/open-skills/skills/KS121LS66HYHKB4B5STZ
KS121LS6T75FFYGQ348S,Certified Family Practice Coder,Certification,https://lightcast.io/open-skills/skills/KS121LS6T75FFYGQ348S
KS121LS71C70784B90F7,Certified Federal Contracts Manager,Certification,https://lightcast.io/open-skills/skills/KS121LS71C70784B90F7
ES6007115172BA5FBE34,Certified Fiber Optic Installer (CFOI),Certification,https://lightcast.io/open-skills/skills/ES6007115172BA5FBE34
KS121LV72VPFHJN04L24,Certified Fiber Optic Instructor,Certification,https://lightcast.io/open-skills/skills/KS121LV72VPFHJN04L24
ES8F1C11B27887270282,Certified Fiber Optic Specialist (CFOS),Certification,https://lightcast.io/open-skills/skills/ES8F1C11B27887270282
ESDF90DACAA779C4CC70,Certified Fiduciary And Investment Risk Specialist (CFIRS),Certification,https://lightcast.io/open-skills/skills/ESDF90DACAA779C4CC70
KS121LV737DWRLQ4QFS1,Certified Field Support Technician,Certification,https://lightcast.io/open-skills/skills/KS121LV737DWRLQ4QFS1
ESD5A39CB3A1542A32DA,Certified Financial Crimes Investigator (CFCI),Certification,https://lightcast.io/open-skills/skills/ESD5A39CB3A1542A32DA
KS121LV759HBSKBZV9SY,Certified Financial Examiner,Certification,https://lightcast.io/open-skills/skills/KS121LV759HBSKBZV9SY
KS121SK6VY1FBHB7D3FB,Certified Financial Management Specialist,Certification,https://lightcast.io/open-skills/skills/KS121SK6VY1FBHB7D3FB
KS121LW60NG3659QD34L,Certified Financial Manager,Certification,https://lightcast.io/open-skills/skills/KS121LW60NG3659QD34L
KS121LW6ZL05KJJGQKDK,Certified Financial Marketing Professional,Certification,https://lightcast.io/open-skills/skills/KS121LW6ZL05KJJGQKDK
KS121LX5Y7X86PSV2Z3H,Certified Financial Planner,Certification,https://lightcast.io/open-skills/skills/KS121LX5Y7X86PSV2Z3H
ESFEAE87B8276912FC38,Certified Financial Research Administrator (CFRA),Certification,https://lightcast.io/open-skills/skills/ESFEAE87B8276912FC38
KS1244J60Z2K194V9NB3,Certified Financial Risk Management,Certification,https://lightcast.io/open-skills/skills/KS1244J60Z2K194V9NB3
KS121LX67TRXBDKS5D1N,Certified Financial Risk Manager,Certification,https://lightcast.io/open-skills/skills/KS121LX67TRXBDKS5D1N
KS121LY64201CSQDKPGW,Certified Financial Services Auditor,Certification,https://lightcast.io/open-skills/skills/KS121LY64201CSQDKPGW
KS121LY66K2P7YF43J1P,Certified Financial Services Professional,Certification,https://lightcast.io/open-skills/skills/KS121LY66K2P7YF43J1P
KS121SR62TY7QG6L8K0Q,Certified Financial Services Security Professional,Certification,https://lightcast.io/open-skills/skills/KS121SR62TY7QG6L8K0Q
KS121LY6K41GX1XNJSHM,Certified Fire Alarm Technician,Certification,https://lightcast.io/open-skills/skills/KS121LY6K41GX1XNJSHM
KS121SF6N5CXQQCP11WB,Certified Fire And Explosion Investigator,Certification,https://lightcast.io/open-skills/skills/KS121SF6N5CXQQCP11WB
KS123YX6P47T4DDDLR74,Certified Fire Inspector,Certification,https://lightcast.io/open-skills/skills/KS123YX6P47T4DDDLR74
KS123YX6K5J171RTF4J4,Certified Fire Inspector I,Certification,https://lightcast.io/open-skills/skills/KS123YX6K5J171RTF4J4
ES5E37E6034A237D1C39,Certified Fire Inspector II,Certification,https://lightcast.io/open-skills/skills/ES5E37E6034A237D1C39
ES5D03AE2992884254DC,Certified Fire Inspector III,Certification,https://lightcast.io/open-skills/skills/ES5D03AE2992884254DC
ESFB746466A4E8BD9224,Certified Fire Instructor,Certification,https://lightcast.io/open-skills/skills/ESFB746466A4E8BD9224
ES8E685AF22CD3DAF86E,Certified Fire Instructor I,Certification,https://lightcast.io/open-skills/skills/ES8E685AF22CD3DAF86E
ES10AC51235AB97A63A5,Certified Fire Instructor II,Certification,https://lightcast.io/open-skills/skills/ES10AC51235AB97A63A5
ES696D528B4A8E8092DE,Certified Fire Instructor III,Certification,https://lightcast.io/open-skills/skills/ES696D528B4A8E8092DE
KS121LY71HM6LVF7FY6C,Certified Fire Investigator,Certification,https://lightcast.io/open-skills/skills/KS121LY71HM6LVF7FY6C
ESA8B087777E9B7914E7,Certified Fire Officer,Certification,https://lightcast.io/open-skills/skills/ESA8B087777E9B7914E7
ES61A7B836295D1ADC05,Certified Fire Officer I,Certification,https://lightcast.io/open-skills/skills/ES61A7B836295D1ADC05
ES89614456FDBFE9D86E,Certified Fire Officer II,Certification,https://lightcast.io/open-skills/skills/ES89614456FDBFE9D86E
ES2B8A58C31C0D89F44B,Certified Fire Officer III,Certification,https://lightcast.io/open-skills/skills/ES2B8A58C31C0D89F44B
ES25F9C51C27EC62AF39,Certified Fire Officer IV,Certification,https://lightcast.io/open-skills/skills/ES25F9C51C27EC62AF39
KS121SL6DFG58VB2RWMS,Certified Fire Plan Examiner,Certification,https://lightcast.io/open-skills/skills/KS121SL6DFG58VB2RWMS
KS121SN6RT0G1S7B7VQW,Certified Fire Protection Specialist,Certification,https://lightcast.io/open-skills/skills/KS121SN6RT0G1S7B7VQW
KS121M05X1DJY6XG2P6L,Certified First Responder (CFR),Certification,https://lightcast.io/open-skills/skills/KS121M05X1DJY6XG2P6L
KS121M060BXMRC4GGHZL,Certified Fitness Trainer,Certification,https://lightcast.io/open-skills/skills/KS121M060BXMRC4GGHZL
KS121SG5XTCZVNYV5MW6,Certified Flexible Endoscope Reprocessor,Certification,https://lightcast.io/open-skills/skills/KS121SG5XTCZVNYV5MW6
KS121KM61W866SBKYW59,Certified Flight Instructor,Certification,https://lightcast.io/open-skills/skills/KS121KM61W866SBKYW59
KS121M070ZT0HW86686G,Certified Flight Registered Nurse (CFRN),Certification,https://lightcast.io/open-skills/skills/KS121M070ZT0HW86686G
ES2D3796EE6829761CAA,Certified Floral Designer,Certification,https://lightcast.io/open-skills/skills/ES2D3796EE6829761CAA
ESC7C14BED6CD2200C22,Certified Fluid Power Engineer,Certification,https://lightcast.io/open-skills/skills/ESC7C14BED6CD2200C22
KS121SL6PBJ06L6XNGNV,Certified Fluid Power Hydraulic Specialist,Certification,https://lightcast.io/open-skills/skills/KS121SL6PBJ06L6XNGNV
KS121SM6JFJ4NWWJVPVS,Certified Fluid Power Industrial Hydraulic Technician,Certification,https://lightcast.io/open-skills/skills/KS121SM6JFJ4NWWJVPVS
ESC01AC63D2914D73799,Certified Fluid Power Mechanic,Certification,https://lightcast.io/open-skills/skills/ESC01AC63D2914D73799
ES4041C9EADE32644DBC,Certified Fluid Power Specialist,Certification,https://lightcast.io/open-skills/skills/ES4041C9EADE32644DBC
ES6D3C323B23446A1F5A,Certified Fluid Power Technician,Certification,https://lightcast.io/open-skills/skills/ES6D3C323B23446A1F5A
KS121S972CD1QD26F3NV,Certified Food And Beverage Executive,Certification,https://lightcast.io/open-skills/skills/KS121S972CD1QD26F3NV
KS121M15WNFMBRNDD2ZC,Certified Food Executive,Certification,https://lightcast.io/open-skills/skills/KS121M15WNFMBRNDD2ZC
KS121M1603KS7SMWH2C6,Certified Food Manager,Certification,https://lightcast.io/open-skills/skills/KS121M1603KS7SMWH2C6
ES5AFFC28BC25F6C3D51,Certified Food Protection Professional,Certification,https://lightcast.io/open-skills/skills/ES5AFFC28BC25F6C3D51
KS124KR646R958BG5L2D,Certified Food Safety and Quality Auditor (CFSQA),Certification,https://lightcast.io/open-skills/skills/KS124KR646R958BG5L2D
KS121SR61DPPCC5RB413,Certified Foodservice Professional,Certification,https://lightcast.io/open-skills/skills/KS121SR61DPPCC5RB413
KS121M16R7BMFNR22XPN,Certified Foot Care Nurse (CFCN),Certification,https://lightcast.io/open-skills/skills/KS121M16R7BMFNR22XPN
KS121M16XW3CKFNZJT8P,Certified Forensic Accountant,Certification,https://lightcast.io/open-skills/skills/KS121M16XW3CKFNZJT8P
KS121M174GL0M3JSHCDK,Certified Forensic Claims Consultant,Certification,https://lightcast.io/open-skills/skills/KS121M174GL0M3JSHCDK
KS121M26KWG5GGGG2DVB,Certified Forensic Computer Examiner,Certification,https://lightcast.io/open-skills/skills/KS121M26KWG5GGGG2DVB
KS121M26W7SDYPB82TJS,Certified Forensic Consultant,Certification,https://lightcast.io/open-skills/skills/KS121M26W7SDYPB82TJS
KS121M274C938KQ3X8WC,Certified Forensic Financial Analyst,Certification,https://lightcast.io/open-skills/skills/KS121M274C938KQ3X8WC
KS121M276C1QS3CHYBY1,Certified Forensic Interviewer,Certification,https://lightcast.io/open-skills/skills/KS121M276C1QS3CHYBY1
KS121M36WX1DQ0XVZS2D,Certified Forensic Nurse,Certification,https://lightcast.io/open-skills/skills/KS121M36WX1DQ0XVZS2D
KS121M475C6F14BSNH86,Certified Forensic Physician,Certification,https://lightcast.io/open-skills/skills/KS121M475C6F14BSNH86
KS121M476NKKXMBWF71K,Certified Forester,Certification,https://lightcast.io/open-skills/skills/KS121M476NKKXMBWF71K
ES857803A9745083C086,Certified Franchise Executive (CFE),Certification,https://lightcast.io/open-skills/skills/ES857803A9745083C086
KS121M56XY079TPH4ZQK,Certified Fraud Examiner,Certification,https://lightcast.io/open-skills/skills/KS121M56XY079TPH4ZQK
KS121M7617222M7QMDTD,Certified Fraud Specialist,Certification,https://lightcast.io/open-skills/skills/KS121M7617222M7QMDTD
ES2263C03357AE522392,Certified Function Point Practitioner (CFPP),Certification,https://lightcast.io/open-skills/skills/ES2263C03357AE522392
ES414D6FAEB4A466B5AC,Certified Function Point Specialist (CFPS),Certification,https://lightcast.io/open-skills/skills/ES414D6FAEB4A466B5AC
KS121SB6CSXRH016J0WR,Certified Functional Continuity Professional,Certification,https://lightcast.io/open-skills/skills/KS121SB6CSXRH016J0WR
KS121SQ6RL1C6GQRMSNZ,Certified Functional Safety Expert,Certification,https://lightcast.io/open-skills/skills/KS121SQ6RL1C6GQRMSNZ
ESAC654A787D3F6EF218,Certified Fund Specialist,Certification,https://lightcast.io/open-skills/skills/ESAC654A787D3F6EF218
ES293520693B991B3EAA,Certified Fundamentals Cook,Certification,https://lightcast.io/open-skills/skills/ES293520693B991B3EAA
ESAE97603DD6D2DD1D21,Certified Fundamentals Pastry Cook,Certification,https://lightcast.io/open-skills/skills/ESAE97603DD6D2DD1D21
KS121M95XCGRYCNGW2Q1,Certified Fundraising Executive,Certification,https://lightcast.io/open-skills/skills/KS121M95XCGRYCNGW2Q1
KS121M9606HK519KBP6L,Certified Funds Specialist,Certification,https://lightcast.io/open-skills/skills/KS121M9606HK519KBP6L
KS121M970681BGLGKKZV,Certified Gaming Supervision,Certification,https://lightcast.io/open-skills/skills/KS121M970681BGLGKKZV
ES4A6140B8B397DD5152,Certified Gastroenterology Coder (CGIC),Certification,https://lightcast.io/open-skills/skills/ES4A6140B8B397DD5152
KS125ZT5X1X4MXQ3FBB2,Certified Gastroenterology Licensed Vocational/Practical Nurse,Certification,https://lightcast.io/open-skills/skills/KS125ZT5X1X4MXQ3FBB2
KS121MB640GGDQZ5PHH7,Certified Gastroenterology Registered Nurse (CGRN),Certification,https://lightcast.io/open-skills/skills/KS121MB640GGDQZ5PHH7
KS121MB697Q73F8PTVLY,Certified Gemologist,Certification,https://lightcast.io/open-skills/skills/KS121MB697Q73F8PTVLY
KS121MB6LFGCJT8WRGW2,Certified General Accountant,Certification,https://lightcast.io/open-skills/skills/KS121MB6LFGCJT8WRGW2
ESD53AEFDD76E2F8773C,Certified General Appraiser,Certification,https://lightcast.io/open-skills/skills/ESD53AEFDD76E2F8773C
KS121SW738Z8BNPX69K3,Certified General Surgery Coder,Certification,https://lightcast.io/open-skills/skills/KS121SW738Z8BNPX69K3
ES206E20C53EA40AC3FA,Certified Genetic Counselor (CGC),Certification,https://lightcast.io/open-skills/skills/ES206E20C53EA40AC3FA
KS121SR778P3DN84Q8MZ,Certified Global Business Professional,Certification,https://lightcast.io/open-skills/skills/KS121SR778P3DN84Q8MZ
ESF27A574185EA182E1C,Certified Golf Course Superintendent,Certification,https://lightcast.io/open-skills/skills/ESF27A574185EA182E1C
ESFA99C3801DC120BA88,Certified Golf Course Superintendent (CGCS),Certification,https://lightcast.io/open-skills/skills/ESFA99C3801DC120BA88
KS121MC5W1VLTH49JBC7,Certified Government Auditing Professional (CGAP),Certification,https://lightcast.io/open-skills/skills/KS121MC5W1VLTH49JBC7
KS121SS5WSGVSCQ2F52V,Certified Government Chief Information Officer,Certification,https://lightcast.io/open-skills/skills/KS121SS5WSGVSCQ2F52V
ESE4D844C7801F22A4D7,Certified Government Finance Officer (CGFO),Certification,https://lightcast.io/open-skills/skills/ESE4D844C7801F22A4D7
KS121MC66Y95BRZGG9X8,Certified Government Financial Manager,Certification,https://lightcast.io/open-skills/skills/KS121MC66Y95BRZGG9X8
KS121SW68NLJKYHQGZX0,Certified Government Property Manager,Certification,https://lightcast.io/open-skills/skills/KS121SW68NLJKYHQGZX0
KS121SW70B93PY5X6HPH,Certified Government Property Supervisor,Certification,https://lightcast.io/open-skills/skills/KS121SW70B93PY5X6HPH
KS121MC6BH349Y8KL0LQ,Certified Graduate Associate,Certification,https://lightcast.io/open-skills/skills/KS121MC6BH349Y8KL0LQ
KS121MC6ND6L4M67XLQ6,Certified Graduate Builder,Certification,https://lightcast.io/open-skills/skills/KS121MC6ND6L4M67XLQ6
KS121MC6XLJC2PHZZSCF,Certified Graduate Remodeler (CGR),Certification,https://lightcast.io/open-skills/skills/KS121MC6XLJC2PHZZSCF
KS121MD6C1FYY2VVDSYT,Certified Graphic Communication Manager,Certification,https://lightcast.io/open-skills/skills/KS121MD6C1FYY2VVDSYT
KS121MF5XTBTQ8HTNBPW,Certified Ground Water Professional,Certification,https://lightcast.io/open-skills/skills/KS121MF5XTBTQ8HTNBPW
ES9F1DF8CC2E47FABB78,Certified HACCP Manager,Certification,https://lightcast.io/open-skills/skills/ES9F1DF8CC2E47FABB78
ES3C2C79DF6CA3034512,Certified HEDIS Compliance Auditor (CHCA),Certification,https://lightcast.io/open-skills/skills/ES3C2C79DF6CA3034512
ES5448B3E75B7705520B,Certified HIPAA Administrator (CHA),Certification,https://lightcast.io/open-skills/skills/ES5448B3E75B7705520B
KS124QN63YJBZLDDXC82,Certified HIPAA Professional (CHP),Certification,https://lightcast.io/open-skills/skills/KS124QN63YJBZLDDXC82
KS121MG601RB7X1WV3PR,Certified Hand Therapist,Certification,https://lightcast.io/open-skills/skills/KS121MG601RB7X1WV3PR
ES430016524077E887BA,Certified Hardware Asset Management Professional (CHAMP),Certification,https://lightcast.io/open-skills/skills/ES430016524077E887BA
KS121MG68C72F4ZXDQFM,Certified Hazardous Materials Manager,Certification,https://lightcast.io/open-skills/skills/KS121MG68C72F4ZXDQFM
KS121MG6KFGJLGBTS8YM,Certified Hazardous Materials Practitioner,Certification,https://lightcast.io/open-skills/skills/KS121MG6KFGJLGBTS8YM
ES5AABA42422AC03FEB6,Certified Health Coach,Certification,https://lightcast.io/open-skills/skills/ES5AABA42422AC03FEB6
KS121TP6ZVWYV61KZH7X,Certified Health Data Analyst (CHDA),Certification,https://lightcast.io/open-skills/skills/KS121TP6ZVWYV61KZH7X
KS121MG72H6K5V38SXRK,Certified Health Education Specialist,Certification,https://lightcast.io/open-skills/skills/KS121MG72H6K5V38SXRK
KS121MH75KQYSZYQPFNB,Certified Health Fitness Specialist,Certification,https://lightcast.io/open-skills/skills/KS121MH75KQYSZYQPFNB
KS121W36TV8744PJ3BKP,Certified Health Informatics Systems Professional,Certification,https://lightcast.io/open-skills/skills/KS121W36TV8744PJ3BKP
KS121MG6WCL2XPF6MTHR,Certified Health Physicist,Certification,https://lightcast.io/open-skills/skills/KS121MG6WCL2XPF6MTHR
ESD7FED9426D427BF0AB,Certified Health Service Administrator (CHSA),Certification,https://lightcast.io/open-skills/skills/ESD7FED9426D427BF0AB
ESBD3FF3E68EE7A76C83,Certified Health Unit Coordinator (CHUC),Certification,https://lightcast.io/open-skills/skills/ESBD3FF3E68EE7A76C83
ESB1368968EFA9CC4B35,Certified Healthcare Access Associate (CHAA),Certification,https://lightcast.io/open-skills/skills/ESB1368968EFA9CC4B35
ESA7A5D864C380C9E512,Certified Healthcare Access Manager (CHAM),Certification,https://lightcast.io/open-skills/skills/ESA7A5D864C380C9E512
ES2A8D5D238F02B57D21,Certified Healthcare Business Consultant (CHBC),Certification,https://lightcast.io/open-skills/skills/ES2A8D5D238F02B57D21
KS121MJ5W8CTF89D51Z2,Certified Healthcare Collections Specialist,Certification,https://lightcast.io/open-skills/skills/KS121MJ5W8CTF89D51Z2
KS121MJ6597TGVPPGV5C,Certified Healthcare Emergency Professional,Certification,https://lightcast.io/open-skills/skills/KS121MJ6597TGVPPGV5C
KS121VJ6CTX706KXC72P,Certified Healthcare Environmental Services Professional,Certification,https://lightcast.io/open-skills/skills/KS121VJ6CTX706KXC72P
KS121VL616792FKBD2KK,Certified Healthcare Facilities Manager,Certification,https://lightcast.io/open-skills/skills/KS121VL616792FKBD2KK
KS121MJ6MD8PDKBB2JDV,Certified Healthcare Facility Manager,Certification,https://lightcast.io/open-skills/skills/KS121MJ6MD8PDKBB2JDV
KS121MJ6R8JMCQM346QM,Certified Healthcare Financial Professional,Certification,https://lightcast.io/open-skills/skills/KS121MJ6R8JMCQM346QM
KS121MK6R9HFW820NLGP,Certified Healthcare Instructor,Certification,https://lightcast.io/open-skills/skills/KS121MK6R9HFW820NLGP
KS121W476L11HYJ2NV9Q,Certified Healthcare Protection Administrator,Certification,https://lightcast.io/open-skills/skills/KS121W476L11HYJ2NV9Q
KS121WG6MT9942436LS1,Certified Healthcare Technology Specialist,Certification,https://lightcast.io/open-skills/skills/KS121WG6MT9942436LS1
ESE206F506F750B55839,Certified Heart Failure Nurse (CHFN),Certification,https://lightcast.io/open-skills/skills/ESE206F506F750B55839
KS121ML5VK1V2JT9DQZ3,Certified Help Desk Director,Certification,https://lightcast.io/open-skills/skills/KS121ML5VK1V2JT9DQZ3
KS121ML699XX55CR9K4M,Certified Help Desk Manager,Certification,https://lightcast.io/open-skills/skills/KS121ML699XX55CR9K4M
ESFA65E4B8EBBA81378B,Certified Hematology And Oncology Coder (CHONC),Certification,https://lightcast.io/open-skills/skills/ESFA65E4B8EBBA81378B
KS121ML6ZRQMW76XF3K7,Certified Hemodialysis Nurse,Certification,https://lightcast.io/open-skills/skills/KS121ML6ZRQMW76XF3K7
KS121MM6JC9ZH1N8P9LG,Certified Hemodialysis Technologist/Technician (CHT),Certification,https://lightcast.io/open-skills/skills/KS121MM6JC9ZH1N8P9LG
ES600D6C44B565163C14,Certified Histotechnician (HT-ASCP),Certification,https://lightcast.io/open-skills/skills/ES600D6C44B565163C14
ES26C35C35FE857B4EF6,Certified Histotechnologist (HTL-ASCP),Certification,https://lightcast.io/open-skills/skills/ES26C35C35FE857B4EF6
KS7G12P659Q6Q8DLVFRX,Certified Home Health Aide,Certification,https://lightcast.io/open-skills/skills/KS7G12P659Q6Q8DLVFRX
KS121MM77W9PGTJRWQZK,Certified Home/Hospice Care Executive,Certification,https://lightcast.io/open-skills/skills/KS121MM77W9PGTJRWQZK
ESEF92778BA73E6CA44F,Certified Horticulturist,Certification,https://lightcast.io/open-skills/skills/ESEF92778BA73E6CA44F
KS121W56HJV74CV0DSNZ,Certified Hospice And Palliative Care Administrator (CHPCA),Certification,https://lightcast.io/open-skills/skills/KS121W56HJV74CV0DSNZ
KS121W56P86ZWCYBD627,Certified Hospice And Palliative Licensed Nurse (CHPLN),Certification,https://lightcast.io/open-skills/skills/KS121W56P86ZWCYBD627
KS121W66VZMPPD45KB42,Certified Hospice And Palliative Nurse (CHPN),Certification,https://lightcast.io/open-skills/skills/KS121W66VZMPPD45KB42
KS121W671MP5D51MNCJZ,Certified Hospice And Palliative Nursing Assistant (CHPNA),Certification,https://lightcast.io/open-skills/skills/KS121W671MP5D51MNCJZ
ESE645483A18EB361D29,Certified Hospice And Palliative Pediatric Nurse (CHPPN),Certification,https://lightcast.io/open-skills/skills/ESE645483A18EB361D29
KS121MM79875R288DQG4,Certified Hospitality Accountant Executive,Certification,https://lightcast.io/open-skills/skills/KS121MM79875R288DQG4
KS121MN6HCTTN7851152,Certified Hospitality Department Trainer,Certification,https://lightcast.io/open-skills/skills/KS121MN6HCTTN7851152
KS121MN70PGRPW914ZW5,Certified Hospitality Educator,Certification,https://lightcast.io/open-skills/skills/KS121MN70PGRPW914ZW5
KS121MN769KL6GJ04Z1G,Certified Hospitality Housekeeping Executive,Certification,https://lightcast.io/open-skills/skills/KS121MN769KL6GJ04Z1G
KS121MP5WBD7N5DM99QP,Certified Hospitality Marketing Executive,Certification,https://lightcast.io/open-skills/skills/KS121MP5WBD7N5DM99QP
KS121MP73S0WZ1D3QHYS,Certified Hospitality Revenue Manager,Certification,https://lightcast.io/open-skills/skills/KS121MP73S0WZ1D3QHYS
KS121MQ5YH5P1X7176YF,Certified Hospitality Sales Professional (CHSP),Certification,https://lightcast.io/open-skills/skills/KS121MQ5YH5P1X7176YF
KS121MQ63BK6MQX3QGJT,Certified Hospitality Supervisor,Certification,https://lightcast.io/open-skills/skills/KS121MQ63BK6MQX3QGJT
KS121MQ6CQ997YNT0VTV,Certified Hospitality Technology Professional,Certification,https://lightcast.io/open-skills/skills/KS121MQ6CQ997YNT0VTV
KS121MQ739W0XS4PBNPJ,Certified Hospitality Trainer,Certification,https://lightcast.io/open-skills/skills/KS121MQ739W0XS4PBNPJ
KS121MR61Q118R9M8GCT,Certified Hotel Administrator,Certification,https://lightcast.io/open-skills/skills/KS121MR61Q118R9M8GCT
KS121MR7223MHJS6RZ07,Certified Housing Code Official,Certification,https://lightcast.io/open-skills/skills/KS121MR7223MHJS6RZ07
KS121MS5VVH7ZQTGZ6XF,Certified Human Factors Professional,Certification,https://lightcast.io/open-skills/skills/KS121MS5VVH7ZQTGZ6XF
KS121MS6DLZMZVDCMCHV,Certified Human Resource Specialist,Certification,https://lightcast.io/open-skills/skills/KS121MS6DLZMZVDCMCHV
KS121MS76L1SPGDTZPDK,Certified Human Resources Executive,Certification,https://lightcast.io/open-skills/skills/KS121MS76L1SPGDTZPDK
KS121MT6570TS2D0K333,Certified Human Resources Professional,Certification,https://lightcast.io/open-skills/skills/KS121MT6570TS2D0K333
KS121MT6H0DM5VW80LRL,Certified Hyperbaric Registered Nurse,Certification,https://lightcast.io/open-skills/skills/KS121MT6H0DM5VW80LRL
KS121MT74ZX6QHZG4MYW,Certified Hyperbaric Technologist,Certification,https://lightcast.io/open-skills/skills/KS121MT74ZX6QHZG4MYW
KS121MT78X9SRJ5J278Y,Certified Hypnotherapist,Certification,https://lightcast.io/open-skills/skills/KS121MT78X9SRJ5J278Y
ES94006A9E7304736B12,Certified IRA Professional (CIP),Certification,https://lightcast.io/open-skills/skills/ES94006A9E7304736B12
KS121XH6RQ88BY891NWJ,Certified IRA Services Professional,Certification,https://lightcast.io/open-skills/skills/KS121XH6RQ88BY891NWJ
ESED3A5FAFB4D83F34B0,Certified IRA Specialist (CIS),Certification,https://lightcast.io/open-skills/skills/ESED3A5FAFB4D83F34B0
KS7G80Z65KNCFMGPFCGW,Certified IRB Manager (CIM),Certification,https://lightcast.io/open-skills/skills/KS7G80Z65KNCFMGPFCGW
ES2E5BCDAFD830047BB7,Certified IRB Professional (CIP),Certification,https://lightcast.io/open-skills/skills/ES2E5BCDAFD830047BB7
ES32B6C9FEED0A5E9C19,Certified ISO Internal Auditor,Certification,https://lightcast.io/open-skills/skills/ES32B6C9FEED0A5E9C19
ES600BA3C3293DF67297,Certified In Care Coordination And Transition Management (CCCTM),Certification,https://lightcast.io/open-skills/skills/ES600BA3C3293DF67297
KS121GZ6VF0CMN6R6R98,Certified In Convergent Network Technologies,Certification,https://lightcast.io/open-skills/skills/KS121GZ6VF0CMN6R6R98
ES720874808364D37C21,Certified In Executive Nursing Practice (CENP),Certification,https://lightcast.io/open-skills/skills/ES720874808364D37C21
KS121K76FQMJNG7KV3FL,Certified In Exhibition Management (CEM),Certification,https://lightcast.io/open-skills/skills/KS121K76FQMJNG7KV3FL
ES4F9467F43D9853B956,Certified In Financial Forensics (CFF),Certification,https://lightcast.io/open-skills/skills/ES4F9467F43D9853B956
KS121SB63QQ4HK65WSM3,Certified In Flexible Compensation Instruction,Certification,https://lightcast.io/open-skills/skills/KS121SB63QQ4HK65WSM3
KS7G5X162HMKSPR916LK,Certified In Healthcare Compliance,Certification,https://lightcast.io/open-skills/skills/KS7G5X162HMKSPR916LK
ES2FBF7570D04045626F,Certified In Healthcare Privacy And Security (CHPS),Certification,https://lightcast.io/open-skills/skills/ES2FBF7570D04045626F
ES1894EDD65C6227C322,Certified In Healthcare Privacy Compliance (CHPC),Certification,https://lightcast.io/open-skills/skills/ES1894EDD65C6227C322
KS121W760BVW1HQ5D9MB,Certified In Healthcare Research Compliance (CHRC),Certification,https://lightcast.io/open-skills/skills/KS121W760BVW1HQ5D9MB
ES285CBF2CE0EB9C2257,Certified In Logistics Transportation And Distribution (CLTD),Certification,https://lightcast.io/open-skills/skills/ES285CBF2CE0EB9C2257
KS1220V5WQNF2J4N45DG,Certified In Long-Term Care,Certification,https://lightcast.io/open-skills/skills/KS1220V5WQNF2J4N45DG
ES71C0DE49DD119D152B,Certified In Perinatal Loss Care (CPLC),Certification,https://lightcast.io/open-skills/skills/ES71C0DE49DD119D152B
KS121SM6SCRYL6SMYM12,Certified In Production And Inventory Management,Certification,https://lightcast.io/open-skills/skills/KS121SM6SCRYL6SMYM12
ES75FFE8EF4D142E7DDF,Certified In Public Health (CPH),Certification,https://lightcast.io/open-skills/skills/ES75FFE8EF4D142E7DDF
KS122J46VXLQQ16X8L62,Certified In Risk And Information Systems Control,Certification,https://lightcast.io/open-skills/skills/KS122J46VXLQQ16X8L62
KS122KQ724Q00JQ87HNW,Certified In Security Supervision And Management,Certification,https://lightcast.io/open-skills/skills/KS122KQ724Q00JQ87HNW
KS121SS6BT4GKJ4G9NDP,Certified In The Governance Of Enterprise IT,Certification,https://lightcast.io/open-skills/skills/KS121SS6BT4GKJ4G9NDP
ESF64A242FF954B80BA4,Certified In Volunteer Administration (CVA),Certification,https://lightcast.io/open-skills/skills/ESF64A242FF954B80BA4
ESAF724EFE091F88975F,Certified Inclusive Fitness Trainer (CIFT),Certification,https://lightcast.io/open-skills/skills/ESAF724EFE091F88975F
KS121MV66T7TW1CD71LN,Certified Independent Medical Examiner,Certification,https://lightcast.io/open-skills/skills/KS121MV66T7TW1CD71LN
KS121WG6ZX0RFGLW5QNH,Certified Indoor Air Quality Manager,Certification,https://lightcast.io/open-skills/skills/KS121WG6ZX0RFGLW5QNH
KS121MV6JVHPJ7T7V9D9,Certified Indoor Air Quality Professional,Certification,https://lightcast.io/open-skills/skills/KS121MV6JVHPJ7T7V9D9
KS121MV6T0P9YD690XQZ,Certified Indoor Environmentalist,Certification,https://lightcast.io/open-skills/skills/KS121MV6T0P9YD690XQZ
KS121WL6P9302V7RGK95,Certified Industrial Environmental Toxicologist,Certification,https://lightcast.io/open-skills/skills/KS121WL6P9302V7RGK95
KS121WP687K3NHKG9GFS,Certified Industrial Hygienist (CIH),Certification,https://lightcast.io/open-skills/skills/KS121WP687K3NHKG9GFS
KS121WQ651G9H2186Q3R,Certified Industrial Maintenance Mechanic,Certification,https://lightcast.io/open-skills/skills/KS121WQ651G9H2186Q3R
ES6CA93FF68EF3614881,Certified Industrial Refrigeration Operator (CIRO) Certification,Certification,https://lightcast.io/open-skills/skills/ES6CA93FF68EF3614881
ES48534ACD6FDC995915,Certified Infection Control (CIC),Certification,https://lightcast.io/open-skills/skills/ES48534ACD6FDC995915
ESBEA6500B772D30C62A,Certified Information Privacy Professional,Certification,https://lightcast.io/open-skills/skills/ESBEA6500B772D30C62A
KS121X070D40CKVJ64SV,Certified Information Privacy Professional/Government,Certification,https://lightcast.io/open-skills/skills/KS121X070D40CKVJ64SV
KS121MW673LCZZ7CQL1V,Certified Information Security Manager,Certification,https://lightcast.io/open-skills/skills/KS121MW673LCZZ7CQL1V
ES1662E5F954AF0704DB,Certified Information System Auditor (CISA),Certification,https://lightcast.io/open-skills/skills/ES1662E5F954AF0704DB
KS121MV76QYHHG2L3M5C,Certified Information Systems Security Professional,Certification,https://lightcast.io/open-skills/skills/KS121MV76QYHHG2L3M5C
KS121N05ZS3J0BGVH8W1,Certified Information Technology Professional,Certification,https://lightcast.io/open-skills/skills/KS121N05ZS3J0BGVH8W1
ES470E32A0E8D24307A4,Certified Inpatient Coder (CIC),Certification,https://lightcast.io/open-skills/skills/ES470E32A0E8D24307A4
KS121N06J2NMYH9K5ZMV,Certified Instructional Technologist,Certification,https://lightcast.io/open-skills/skills/KS121N06J2NMYH9K5ZMV
KS121X96X4XZP191WT1D,Certified Instrument Specialist (CIS),Certification,https://lightcast.io/open-skills/skills/KS121X96X4XZP191WT1D
KS121N15Y0HX0NFWP7H8,Certified Insurance Counselor,Certification,https://lightcast.io/open-skills/skills/KS121N15Y0HX0NFWP7H8
KS121N162Q1TCYHDBYCL,Certified Insurance Data Management,Certification,https://lightcast.io/open-skills/skills/KS121N162Q1TCYHDBYCL
KS121N167MX9N64257W3,Certified Insurance Fraud Investigator,Certification,https://lightcast.io/open-skills/skills/KS121N167MX9N64257W3
KS121N1691W08ZVMQTQV,Certified Insurance Service Representative,Certification,https://lightcast.io/open-skills/skills/KS121N1691W08ZVMQTQV
KS121X96NS9H1NLF0MR7,Certified Integrated Resource Manager,Certification,https://lightcast.io/open-skills/skills/KS121X96NS9H1NLF0MR7
KS121N179PJ742FML7BC,Certified Interconnect Designer,Certification,https://lightcast.io/open-skills/skills/KS121N179PJ742FML7BC
ESDAC097304CFB5D7CDC,Certified Interior Decorator,Certification,https://lightcast.io/open-skills/skills/ESDAC097304CFB5D7CDC
ESE450A4204E20E3B71E,Certified Interior Designer,Certification,https://lightcast.io/open-skills/skills/ESE450A4204E20E3B71E
KS121N269Y757839SRF9,Certified Internal Auditor,Certification,https://lightcast.io/open-skills/skills/KS121N269Y757839SRF9
KS121N26XWH7JDRM1RP9,Certified Internal Control Auditors,Certification,https://lightcast.io/open-skills/skills/KS121N26XWH7JDRM1RP9
KS121N272W0R608PG2SW,Certified Internal Medicine Coder,Certification,https://lightcast.io/open-skills/skills/KS121N272W0R608PG2SW
ES6F09F63D57909A518A,Certified International Credit Professional (CICP),Certification,https://lightcast.io/open-skills/skills/ES6F09F63D57909A518A
KS121WM6VPC5QQQ4W70H,Certified International Freight Forwarders,Certification,https://lightcast.io/open-skills/skills/KS121WM6VPC5QQQ4W70H
KS121N45YFBJDRWQHB27,Certified International Investment Analyst,Certification,https://lightcast.io/open-skills/skills/KS121N45YFBJDRWQHB27
KS7G08T75D9DQLWH35K1,Certified International Property Specialist,Certification,https://lightcast.io/open-skills/skills/KS7G08T75D9DQLWH35K1
KS121XL6LN85LJMT6FC0,Certified International Trade Management,Certification,https://lightcast.io/open-skills/skills/KS121XL6LN85LJMT6FC0
ESA4A9234E90BC34EA53,Certified International Wealth Manager,Certification,https://lightcast.io/open-skills/skills/ESA4A9234E90BC34EA53
ES49888BFE9DF1698096,Certified Internet Recruiter,Certification,https://lightcast.io/open-skills/skills/ES49888BFE9DF1698096
KS121N46JVG95N44NQVR,Certified Internet Web Associate,Certification,https://lightcast.io/open-skills/skills/KS121N46JVG95N44NQVR
KS121N46BGKVZZJ5D2L7,Certified Internet Web Professional,Certification,https://lightcast.io/open-skills/skills/KS121N46BGKVZZJ5D2L7
KS121N471RF221DLWNG3,Certified Internet Web Security Analyst,Certification,https://lightcast.io/open-skills/skills/KS121N471RF221DLWNG3
KS121N562WG060LN2L6H,Certified Internet Webmaster,Certification,https://lightcast.io/open-skills/skills/KS121N562WG060LN2L6H
KS121N57311J801BVL5D,Certified Interpretive Guide,Certification,https://lightcast.io/open-skills/skills/KS121N57311J801BVL5D
KS121N75WWVRDCFHPTW7,Certified Interpretive Planner,Certification,https://lightcast.io/open-skills/skills/KS121N75WWVRDCFHPTW7
ESCFCFAD1E8AF5B8DA9F,Certified Interpretive Trainer,Certification,https://lightcast.io/open-skills/skills/ESCFCFAD1E8AF5B8DA9F
KS121X071QSZ812PFMWK,Certified Interventional Radiology Cardiovascular Coder (CIRCC),Certification,https://lightcast.io/open-skills/skills/KS121X071QSZ812PFMWK
KS121N771GFB19DP1MK7,Certified Investment Management Analyst,Certification,https://lightcast.io/open-skills/skills/KS121N771GFB19DP1MK7
KS7G2ZG794HDGQ4Z58L8,Certified Investments And Derivatives Auditor,Certification,https://lightcast.io/open-skills/skills/KS7G2ZG794HDGQ4Z58L8
KS121N862104MV7JTRDD,Certified Irrigation Contractor,Certification,https://lightcast.io/open-skills/skills/KS121N862104MV7JTRDD
KS121N86XSQBSG2T90BF,Certified Irrigation Designer,Certification,https://lightcast.io/open-skills/skills/KS121N86XSQBSG2T90BF
KS121N878MPHZL84NFNG,Certified Jail Manager,Certification,https://lightcast.io/open-skills/skills/KS121N878MPHZL84NFNG
ESD808877894FC547978,Certified Kaizen Facilitator (CKF),Certification,https://lightcast.io/open-skills/skills/ESD808877894FC547978
ES76281946AA3CD42AC4,Certified Kitchen And Bath Designer (CKBD),Certification,https://lightcast.io/open-skills/skills/ES76281946AA3CD42AC4
KS121N979MFJ3JFZX39J,Certified Kitchen Designer,Certification,https://lightcast.io/open-skills/skills/KS121N979MFJ3JFZX39J
KS121XZ6H280CK01RVGL,Certified Kitchen Educator,Certification,https://lightcast.io/open-skills/skills/KS121XZ6H280CK01RVGL
KS121NB65XCM2WBL00GG,Certified Knowledge Manager,Certification,https://lightcast.io/open-skills/skills/KS121NB65XCM2WBL00GG
ES283B83C332F28DAF3E,Certified LabVIEW Architect,Certification,https://lightcast.io/open-skills/skills/ES283B83C332F28DAF3E
ESD8E50DAA40BE6A486B,Certified LabVIEW Associate Developer (CLAD),Certification,https://lightcast.io/open-skills/skills/ESD8E50DAA40BE6A486B
KS121NB66J291QXY5YFQ,Certified LabVIEW Developer (CLD),Certification,https://lightcast.io/open-skills/skills/KS121NB66J291QXY5YFQ
ESFDB666ED52D4B42CBF,Certified LabVIEW Embedded Systems Developer (CLED),Certification,https://lightcast.io/open-skills/skills/ESFDB666ED52D4B42CBF
KS122056VZ7Y8WHFK9FK,Certified Labor Market Information Analyst,Certification,https://lightcast.io/open-skills/skills/KS122056VZ7Y8WHFK9FK
ESA0A1BBC980D1097FC0,Certified Labor Relations Professional,Certification,https://lightcast.io/open-skills/skills/ESA0A1BBC980D1097FC0
KS121YX6KTJY24ZR751V,Certified Laboratory Equipment Specialist,Certification,https://lightcast.io/open-skills/skills/KS121YX6KTJY24ZR751V
ESD86AED03E8CFA0B52F,Certified Lactation Counselor (CLC),Certification,https://lightcast.io/open-skills/skills/ESD86AED03E8CFA0B52F
KS7G0X864KHZFBCWT3CW,Certified LanDesk Engineer,Certification,https://lightcast.io/open-skills/skills/KS7G0X864KHZFBCWT3CW
KS121NB6BVWWLXZBGPSD,Certified Landfill Manager,Certification,https://lightcast.io/open-skills/skills/KS121NB6BVWWLXZBGPSD
ESB977AA42871B40551E,Certified Landscape Designer,Certification,https://lightcast.io/open-skills/skills/ESB977AA42871B40551E
KS121NB6TC8JXLJJL3DZ,Certified Landscape Irrigation Auditor,Certification,https://lightcast.io/open-skills/skills/KS121NB6TC8JXLJJL3DZ
KS121NC6D4BVKKHG3L91,Certified Landscape Irrigation Manager,Certification,https://lightcast.io/open-skills/skills/KS121NC6D4BVKKHG3L91
KS121ND67CG69CP6QJFJ,Certified Landscape Professional,Certification,https://lightcast.io/open-skills/skills/KS121ND67CG69CP6QJFJ
KS121ND68WF02T6JSP5Q,Certified Laser Safety Officer,Certification,https://lightcast.io/open-skills/skills/KS121ND68WF02T6JSP5Q
KS121YQ74B6FMS9VBWW1,Certified Law Enforcement Analysts,Certification,https://lightcast.io/open-skills/skills/KS121YQ74B6FMS9VBWW1
ESD8F69EAA39A7222096,Certified Lead Auditor,Certification,https://lightcast.io/open-skills/skills/ESD8F69EAA39A7222096
ESA335D3BA2EF791C15A,Certified Lead Carpenter,Certification,https://lightcast.io/open-skills/skills/ESA335D3BA2EF791C15A
KS7G2FZ5YT6TVLL7ZNB0,Certified Leasing Agent,Certification,https://lightcast.io/open-skills/skills/KS7G2FZ5YT6TVLL7ZNB0
KS7G5M465V3C0D652F4N,Certified Legal Assistant,Certification,https://lightcast.io/open-skills/skills/KS7G5M465V3C0D652F4N
KS12212651SQZTRBZ920,Certified Legal Video Specialist,Certification,https://lightcast.io/open-skills/skills/KS12212651SQZTRBZ920
KS121ND6LKBW23X5VK2Y,Certified Lender Business Banker,Certification,https://lightcast.io/open-skills/skills/KS121ND6LKBW23X5VK2Y
KS121ND6Z23T6QN9Z9BL,Certified Lighting Efficiency Professional,Certification,https://lightcast.io/open-skills/skills/KS121ND6Z23T6QN9Z9BL
KS121ND7416S3ZF81R16,Certified Lighting Management Consultant,Certification,https://lightcast.io/open-skills/skills/KS121ND7416S3ZF81R16
KS7G4NH6ZKG8KS0QTGBV,Certified Linux Administrator,Certification,https://lightcast.io/open-skills/skills/KS7G4NH6ZKG8KS0QTGBV
KS7G6NQ73VLN4WNVC7R4,Certified Linux Engineer,Certification,https://lightcast.io/open-skills/skills/KS7G6NQ73VLN4WNVC7R4
ES4DC17FEA8ABB879418,Certified Literacy Tutor,Certification,https://lightcast.io/open-skills/skills/ES4DC17FEA8ABB879418
KS121NF5XK9R7T8CMQ4D,Certified Lodging Manager,Certification,https://lightcast.io/open-skills/skills/KS121NF5XK9R7T8CMQ4D
KS121NF6DK7B618K6CS9,Certified Lodging Security Director,Certification,https://lightcast.io/open-skills/skills/KS121NF6DK7B618K6CS9
KS121NG67NNXSSSFS3QX,Certified Lodging Security Officer,Certification,https://lightcast.io/open-skills/skills/KS121NG67NNXSSSFS3QX
KS121NG755KJBVR3DT65,Certified Lodging Security Supervisor,Certification,https://lightcast.io/open-skills/skills/KS121NG755KJBVR3DT65
KS121NH63D4ZBGBH8XQZ,Certified Logistics Associate,Certification,https://lightcast.io/open-skills/skills/KS121NH63D4ZBGBH8XQZ
KS121NH6GHBXH827572Z,Certified Logistics Technician,Certification,https://lightcast.io/open-skills/skills/KS121NH6GHBXH827572Z
KS121YP6ZQJGPTQDNWP6,Certified Loss Control Specialist,Certification,https://lightcast.io/open-skills/skills/KS121YP6ZQJGPTQDNWP6
ES9EAF316DAD1E0FEA74,Certified Lotus Professional,Certification,https://lightcast.io/open-skills/skills/ES9EAF316DAD1E0FEA74
ES115EDF6D92C185DA34,Certified Lotus Specialist,Certification,https://lightcast.io/open-skills/skills/ES115EDF6D92C185DA34
KS121NH6MQF1ZSB8QYP2,Certified Lubrication Specialist,Certification,https://lightcast.io/open-skills/skills/KS121NH6MQF1ZSB8QYP2
KS121NJ61F6T9CM1ZZ73,Certified Machine Tool Sales Engineer,Certification,https://lightcast.io/open-skills/skills/KS121NJ61F6T9CM1ZZ73
KS121NJ6HVQYLHQ1D5JR,Certified Macromedia Flash MX Designer,Certification,https://lightcast.io/open-skills/skills/KS121NJ6HVQYLHQ1D5JR
KS121NJ6SFNC6BWDS9K4,Certified Macromedia Flash MX Developer,Certification,https://lightcast.io/open-skills/skills/KS121NJ6SFNC6BWDS9K4
KS122175YTM2TSWW62D6,Certified Mail And Distribution Systems Manager,Certification,https://lightcast.io/open-skills/skills/KS122175YTM2TSWW62D6
KS121NK69NM9TDW1T5D4,Certified Mail Manager,Certification,https://lightcast.io/open-skills/skills/KS121NK69NM9TDW1T5D4
KS121NK6YLNY0NV5ZBNG,Certified Maintenance Reliability Professional,Certification,https://lightcast.io/open-skills/skills/KS121NK6YLNY0NV5ZBNG
KS121NL60Y24RB61CX83,Certified Managed Care Nurse (CMCN),Certification,https://lightcast.io/open-skills/skills/KS121NL60Y24RB61CX83
KS121NH74M51FTQM2574,Certified Management Accountant,Certification,https://lightcast.io/open-skills/skills/KS121NH74M51FTQM2574
KS121NL6F71FTLWM41TZ,Certified Management Consultant,Certification,https://lightcast.io/open-skills/skills/KS121NL6F71FTLWM41TZ
KS121NL6L4R57BGTFVC1,Certified Management Professional,Certification,https://lightcast.io/open-skills/skills/KS121NL6L4R57BGTFVC1
KS121NM6KMJPG7BYKFZV,Certified Manager (CM),Certification,https://lightcast.io/open-skills/skills/KS121NM6KMJPG7BYKFZV
KS122135XWKL2FTPGSRS,Certified Manager Of Animal Resources (CMAR),Certification,https://lightcast.io/open-skills/skills/KS122135XWKL2FTPGSRS
KS122155ZFV11CH00BNH,Certified Manager Of Community Associations,Certification,https://lightcast.io/open-skills/skills/KS122155ZFV11CH00BNH
ES613FD6041066403CF8,Certified Manager Of Housing (CMH),Certification,https://lightcast.io/open-skills/skills/ES613FD6041066403CF8
KS1221D741JMPYGPLMCK,Certified Manager Of Property Operations (CMPO),Certification,https://lightcast.io/open-skills/skills/KS1221D741JMPYGPLMCK
KS1221F6X2596PVZ08PV,Certified Manager Of Reporting Services,Certification,https://lightcast.io/open-skills/skills/KS1221F6X2596PVZ08PV
KS1221H6Y8LY9V8XPFZX,Certified Manager Of Software Testing,Certification,https://lightcast.io/open-skills/skills/KS1221H6Y8LY9V8XPFZX
KS121NM6R984XYDG370Q,Certified Manufacturing Engineer,Certification,https://lightcast.io/open-skills/skills/KS121NM6R984XYDG370Q
ES1FC812437030C133D6,Certified Manufacturing Specialist,Certification,https://lightcast.io/open-skills/skills/ES1FC812437030C133D6
KS121NN6QDXFKYTFVTND,Certified Manufacturing Technologist,Certification,https://lightcast.io/open-skills/skills/KS121NN6QDXFKYTFVTND
KS121NN6YZLXK2CVVNLX,Certified Mapping Scientist,Certification,https://lightcast.io/open-skills/skills/KS121NN6YZLXK2CVVNLX
ESBF63FBDFD9D2BD86FA,Certified Marine Deputy,Certification,https://lightcast.io/open-skills/skills/ESBF63FBDFD9D2BD86FA
ES4D11904EBA7FDF5039,Certified Marine Surveyor,Certification,https://lightcast.io/open-skills/skills/ES4D11904EBA7FDF5039
ESB1977D541A050BAA43,Certified Marine Technician,Certification,https://lightcast.io/open-skills/skills/ESB1977D541A050BAA43
ESD509601EF8E9899254,Certified Marketing Director (CMD),Certification,https://lightcast.io/open-skills/skills/ESD509601EF8E9899254
KS121NN78V9BHK6FPL0V,Certified Marketing Executive,Certification,https://lightcast.io/open-skills/skills/KS121NN78V9BHK6FPL0V
KS121NP6YDQD4994MZW9,Certified Marketing Professional,Certification,https://lightcast.io/open-skills/skills/KS121NP6YDQD4994MZW9
KS121NQ71YCHBJ9PK56F,Certified Marketing Specialist,Certification,https://lightcast.io/open-skills/skills/KS121NQ71YCHBJ9PK56F
KS121NR60PLP4HTLMBCZ,Certified Mastectomy Fitter,Certification,https://lightcast.io/open-skills/skills/KS121NR60PLP4HTLMBCZ
ESB6559FC2985D99597E,Certified Master Baker,Certification,https://lightcast.io/open-skills/skills/ESB6559FC2985D99597E
ESFEFFE2571606FEFBAE,Certified Master Chef,Certification,https://lightcast.io/open-skills/skills/ESFEFFE2571606FEFBAE
KS1266L6G90JW6R6LWQB,Certified Master Hotel Supplier (CMHS),Certification,https://lightcast.io/open-skills/skills/KS1266L6G90JW6R6LWQB
KS121NR68P335DXJBXVM,Certified Master Locksmith,Certification,https://lightcast.io/open-skills/skills/KS121NR68P335DXJBXVM
ESCB8F81A3E62024AD75,Certified Master Pastry Chef,Certification,https://lightcast.io/open-skills/skills/ESCB8F81A3E62024AD75
KS7G7LX728WHD9XH1S3S,Certified Master Trainer,Certification,https://lightcast.io/open-skills/skills/KS7G7LX728WHD9XH1S3S
ES6C472A15D6EA3E2B7E,Certified Master Tutor,Certification,https://lightcast.io/open-skills/skills/ES6C472A15D6EA3E2B7E
KS1221F64KCCM7M8R1P5,Certified Materials And Resource Professional,Certification,https://lightcast.io/open-skills/skills/KS1221F64KCCM7M8R1P5
KS1269F6C45356Z377BW,Certified Mechanical Inspector,Certification,https://lightcast.io/open-skills/skills/KS1269F6C45356Z377BW
KS121NS646R9NSN3XDC9,Certified Medical Administrative Assistant,Certification,https://lightcast.io/open-skills/skills/KS121NS646R9NSN3XDC9
KS121NS6CF3S1QPT7JN7,Certified Medical Administrative Specialist,Certification,https://lightcast.io/open-skills/skills/KS121NS6CF3S1QPT7JN7
KS121NS79NY2ZT2179MN,Certified Medical Assistant (CMA),Certification,https://lightcast.io/open-skills/skills/KS121NS79NY2ZT2179MN
KS121NT5XJG7KGVN118H,Certified Medical Audit Specialist,Certification,https://lightcast.io/open-skills/skills/KS121NT5XJG7KGVN118H
KS7G1C36LC9N29ZGQLNF,Certified Medical Biller,Certification,https://lightcast.io/open-skills/skills/KS7G1C36LC9N29ZGQLNF
KS121NT6ZGYSXF5T5NDQ,Certified Medical Dosimetrist,Certification,https://lightcast.io/open-skills/skills/KS121NT6ZGYSXF5T5NDQ
ESE3BEE19C9B57361DBD,Certified Medical Electrologist (CME),Certification,https://lightcast.io/open-skills/skills/ESE3BEE19C9B57361DBD
ES966C2C7440292C911C,Certified Medical Illustrator (CMI),Certification,https://lightcast.io/open-skills/skills/ES966C2C7440292C911C
KS121NT75S5NYJGMLBBY,Certified Medical Insurance Specialist,Certification,https://lightcast.io/open-skills/skills/KS121NT75S5NYJGMLBBY
KS121NV6NQLN6DBML4V1,Certified Medical Interpreter,Certification,https://lightcast.io/open-skills/skills/KS121NV6NQLN6DBML4V1
KS121NV736WPH094F32J,Certified Medical Investigator,Certification,https://lightcast.io/open-skills/skills/KS121NV736WPH094F32J
KS121NV76MBHG1NMBFDF,Certified Medical Laboratory Assistant (CMLA),Certification,https://lightcast.io/open-skills/skills/KS121NV76MBHG1NMBFDF
KS121NW6K5VSS0NLR1SV,Certified Medical Laser Safety Officer,Certification,https://lightcast.io/open-skills/skills/KS121NW6K5VSS0NLR1SV
KS121NX5ZYM3Y5HJFB1Y,Certified Medical Office Manager,Certification,https://lightcast.io/open-skills/skills/KS121NX5ZYM3Y5HJFB1Y
ESCDA0EE6A13C4054EAC,Certified Medical Practice Executive (CMPE),Certification,https://lightcast.io/open-skills/skills/ESCDA0EE6A13C4054EAC
KS121NY5XQMN0NXYRFVD,Certified Medical Reimbursement Specialist,Certification,https://lightcast.io/open-skills/skills/KS121NY5XQMN0NXYRFVD
KS680BM6CXF40G8FQRB2,Certified Medical Representative,Certification,https://lightcast.io/open-skills/skills/KS680BM6CXF40G8FQRB2
KS126BT5X86DSRP642NZ,Certified Medical Technologist,Certification,https://lightcast.io/open-skills/skills/KS126BT5X86DSRP642NZ
KS121P05WKTDWRMT268Z,Certified Medical Transcriptionist,Certification,https://lightcast.io/open-skills/skills/KS121P05WKTDWRMT268Z
KS1221H6C2T2SGXX0KXR,Certified Medical-Surgical Registered Nurse (CMSRN),Certification,https://lightcast.io/open-skills/skills/KS1221H6C2T2SGXX0KXR
KS7G8F95X27H0MS9XZLV,Certified Medication Technician,Certification,https://lightcast.io/open-skills/skills/KS7G8F95X27H0MS9XZLV
KS121P05WL6SWGC5V14M,Certified Meeting Professional,Certification,https://lightcast.io/open-skills/skills/KS121P05WL6SWGC5V14M
KS121P05ZVMPY8RD9XSM,Certified Mental Health Technician,Certification,https://lightcast.io/open-skills/skills/KS121P05ZVMPY8RD9XSM
ESF9155B8CD4C436E991,Certified Mental Performance Consultant,Certification,https://lightcast.io/open-skills/skills/ESF9155B8CD4C436E991
KS122176V34YYSX4CH9D,Certified Metalworking Fluids Specialist,Certification,https://lightcast.io/open-skills/skills/KS122176V34YYSX4CH9D
KS121P061R0FD7L4WJ08,Certified Microbial Remediation,Certification,https://lightcast.io/open-skills/skills/KS121P061R0FD7L4WJ08
KS121P069SW832YJNF8L,Certified Midwife,Certification,https://lightcast.io/open-skills/skills/KS121P069SW832YJNF8L
KS121P06CL35RW9DD8B6,Certified Mine Safety Professional,Certification,https://lightcast.io/open-skills/skills/KS121P06CL35RW9DD8B6
KS12217752KPZFV3D5HY,Certified Mold Inspectors And Contractors Institute,Certification,https://lightcast.io/open-skills/skills/KS12217752KPZFV3D5HY
KS1221D75HSW8DRZ3QRP,Certified Mold Project Planner,Certification,https://lightcast.io/open-skills/skills/KS1221D75HSW8DRZ3QRP
KS1221F71DLXBQPS5WYF,Certified Mold Remediation Technician,Certification,https://lightcast.io/open-skills/skills/KS1221F71DLXBQPS5WYF
KS122146G2SDXCS6KV2D,Certified Money Service Business Examination,Certification,https://lightcast.io/open-skills/skills/KS122146G2SDXCS6KV2D
KS121P06W5T2449W73PY,Certified Mortgage Banker,Certification,https://lightcast.io/open-skills/skills/KS121P06W5T2449W73PY
KS121P074B3RKSC2DSB5,Certified Mortgage Consultant,Certification,https://lightcast.io/open-skills/skills/KS121P074B3RKSC2DSB5
KS121P162RCX0JF26FQ8,Certified Mortgage Examiner,Certification,https://lightcast.io/open-skills/skills/KS121P162RCX0JF26FQ8
KS1221762SZK812XMYWW,Certified Mortgage Examiners Management,Certification,https://lightcast.io/open-skills/skills/KS1221762SZK812XMYWW
KS122156NL14P9Q4WXB8,Certified Motion Control Specialist,Certification,https://lightcast.io/open-skills/skills/KS122156NL14P9Q4WXB8
ESA0C2EEE87C1B82D142,Certified Municipal Clerk (CMC),Certification,https://lightcast.io/open-skills/skills/ESA0C2EEE87C1B82D142
ESD20DAA6387F90E6CB9,Certified Municipal Finance Officer (CMFO),Certification,https://lightcast.io/open-skills/skills/ESD20DAA6387F90E6CB9
KS122166ZVKZ8HY9PD3R,Certified MySQL Database Administrator,Certification,https://lightcast.io/open-skills/skills/KS122166ZVKZ8HY9PD3R
KS121P165757HLCR4MW1,Certified Nace Coating Inspector,Certification,https://lightcast.io/open-skills/skills/KS121P165757HLCR4MW1
KS121P16PQ889Z7Z2YCS,Certified National Accountant,Certification,https://lightcast.io/open-skills/skills/KS121P16PQ889Z7Z2YCS
ESF0C7FFC218E84C1BCA,Certified Natural Health Professional (CNHP),Certification,https://lightcast.io/open-skills/skills/ESF0C7FFC218E84C1BCA
KS121P16SZGG42RNVZV0,Certified Nephrology Nurse (CNN),Certification,https://lightcast.io/open-skills/skills/KS121P16SZGG42RNVZV0
ESDA10AFE2AA9C6DC869,Certified Nephrology Nurse - Nurse Practitioner (CNN-NP),Certification,https://lightcast.io/open-skills/skills/ESDA10AFE2AA9C6DC869
KS1221R6YVH1TSTJVL36,Certified NetIQ Identity Manager Administrator,Certification,https://lightcast.io/open-skills/skills/KS1221R6YVH1TSTJVL36
ES59E104D5DB9CE91E5A,Certified Network Cable Installer (CNCI),Certification,https://lightcast.io/open-skills/skills/ES59E104D5DB9CE91E5A
KS121P16ZBDLWG7S00X0,Certified Network Computer Technician,Certification,https://lightcast.io/open-skills/skills/KS121P16ZBDLWG7S00X0
KS121P263RRPVRSBC10K,Certified Network Defense Architect,Certification,https://lightcast.io/open-skills/skills/KS121P263RRPVRSBC10K
KS7G0BR60K6QGT668NLP,Certified Network Professional,Certification,https://lightcast.io/open-skills/skills/KS7G0BR60K6QGT668NLP
KS121P26B689VGCYVGTK,Certified Network Systems Technician,Certification,https://lightcast.io/open-skills/skills/KS121P26B689VGCYVGTK
KS7G7QY6S7CKVQ4MX00M,Certified Network Technician,Certification,https://lightcast.io/open-skills/skills/KS7G7QY6S7CKVQ4MX00M
KS121P35Z9PW8VP2H841,Certified Neuroscience Registered Nurse (CNRN),Certification,https://lightcast.io/open-skills/skills/KS121P35Z9PW8VP2H841
KS7G2SW71V6V93PBQYBC,Certified Nonprofit Professional,Certification,https://lightcast.io/open-skills/skills/KS7G2SW71V6V93PBQYBC
KS121P36MDGFLZTH8899,Certified Novell Administrator,Certification,https://lightcast.io/open-skills/skills/KS121P36MDGFLZTH8899
KS121P36G46JD152FHX7,Certified Novell Engineer,Certification,https://lightcast.io/open-skills/skills/KS121P36G46JD152FHX7
KS121P379LJWD4ZW1ZBX,Certified Novell Instructor,Certification,https://lightcast.io/open-skills/skills/KS121P379LJWD4ZW1ZBX
KS121P55YB2TKMKVVS3V,Certified Nuclear Medicine Technologist,Certification,https://lightcast.io/open-skills/skills/KS121P55YB2TKMKVVS3V
ESFCAA437D91E13A244C,Certified Nurse Educator (CNE),Certification,https://lightcast.io/open-skills/skills/ESFCAA437D91E13A244C
KS121P66XNR10B4KYL8J,Certified Nurse Life Care Planner,Certification,https://lightcast.io/open-skills/skills/KS121P66XNR10B4KYL8J
KS1221S6BQ3D5VTFC8JS,Certified Nurse Manager And Leader (CNML),Certification,https://lightcast.io/open-skills/skills/KS1221S6BQ3D5VTFC8JS
KS121P765LB9BLFK88PS,Certified Nurse Midwife (CNM),Certification,https://lightcast.io/open-skills/skills/KS121P765LB9BLFK88PS
KS121P86NNLM2QSL3018,Certified Nurse Technician,Certification,https://lightcast.io/open-skills/skills/KS121P86NNLM2QSL3018
ES802D425130FB233281,Certified Nursery Professional,Certification,https://lightcast.io/open-skills/skills/ES802D425130FB233281
KS121P6604VKWRNMDQS0,Certified Nursing Assistant (CNA),Certification,https://lightcast.io/open-skills/skills/KS121P6604VKWRNMDQS0
ES818AEDB2DA4EC81485,Certified Nursing Home Administrator (CNHA),Certification,https://lightcast.io/open-skills/skills/ES818AEDB2DA4EC81485
KS7G3Y56RWJSQRNRLX3D,Certified Nursing Technician,Certification,https://lightcast.io/open-skills/skills/KS7G3Y56RWJSQRNRLX3D
KS121P8771GLJL1CWCL4,Certified Nutrition Support Clinician,Certification,https://lightcast.io/open-skills/skills/KS121P8771GLJL1CWCL4
KS121P95WQH0TZV0GP7K,Certified Nutrition Support Dietitian,Certification,https://lightcast.io/open-skills/skills/KS121P95WQH0TZV0GP7K
KS1221S70WDVTD8ZDBCF,Certified Nutrition Support Physician,Certification,https://lightcast.io/open-skills/skills/KS1221S70WDVTD8ZDBCF
KS121P977DQ3HNBHX4MV,Certified Nutrition/Wellness Consultant,Certification,https://lightcast.io/open-skills/skills/KS121P977DQ3HNBHX4MV
ESC2ED2B76AF86B6FD6F,Certified OASIS Quality Specialist (COQS),Certification,https://lightcast.io/open-skills/skills/ESC2ED2B76AF86B6FD6F
KS1222163T7Z7578S37J,Certified Obstetrics Gynecology Coder,Certification,https://lightcast.io/open-skills/skills/KS1222163T7Z7578S37J
ESD0EBBC7820D9B9095E,Certified Occupancy Specialist (COS),Certification,https://lightcast.io/open-skills/skills/ESD0EBBC7820D9B9095E
KS121PB74127QDXTR01Q,Certified Occupational Health Nurse (COHN),Certification,https://lightcast.io/open-skills/skills/KS121PB74127QDXTR01Q
ES5BA409E61DADCE19F5,Certified Occupational Health Nurse - Specialist (COHN-S),Certification,https://lightcast.io/open-skills/skills/ES5BA409E61DADCE19F5
ESF8C87693802386A102,Certified Occupational Health Nurse/Case Manager (COHN/CM),Certification,https://lightcast.io/open-skills/skills/ESF8C87693802386A102
ES38435F385A1E09465D,Certified Occupational Hearing Conservationist (COHC),Certification,https://lightcast.io/open-skills/skills/ES38435F385A1E09465D
KS121PC5ZYLNCM4RV3GT,Certified Occupational Therapy Assistant,Certification,https://lightcast.io/open-skills/skills/KS121PC5ZYLNCM4RV3GT
ESA72FCD43DB6DC3A64D,Certified OpenStack Administrator (COA),Certification,https://lightcast.io/open-skills/skills/ESA72FCD43DB6DC3A64D
KS121PC6H230XX15ZLN3,Certified Operating Room Surgical Technician,Certification,https://lightcast.io/open-skills/skills/KS121PC6H230XX15ZLN3
KS121PC714PPX6STX8X4,Certified Operations Examiner,Certification,https://lightcast.io/open-skills/skills/KS121PC714PPX6STX8X4
KS121PC71CVV84GVMBL7,Certified Ophthalmic Assistant,Certification,https://lightcast.io/open-skills/skills/KS121PC71CVV84GVMBL7
KS121PC74Y6YGK1HHB3P,Certified Ophthalmic Medical Technologist,Certification,https://lightcast.io/open-skills/skills/KS121PC74Y6YGK1HHB3P
KS121PC79JMNMV45X9J6,Certified Ophthalmic Technician,Certification,https://lightcast.io/open-skills/skills/KS121PC79JMNMV45X9J6
KS121PD64R0NSBVMSSVS,Certified Orthodontic Assistant,Certification,https://lightcast.io/open-skills/skills/KS121PD64R0NSBVMSSVS
ES896E28131B0D5F5B1B,Certified Orthopaedic Surgery Coder (COSC),Certification,https://lightcast.io/open-skills/skills/ES896E28131B0D5F5B1B
KS121PD6QL792PJ9WM05,Certified Orthotic Fitter,Certification,https://lightcast.io/open-skills/skills/KS121PD6QL792PJ9WM05
KS121PF6S8N4G2FPQRG1,Certified Ostomy Care Nurse (COCN),Certification,https://lightcast.io/open-skills/skills/KS121PF6S8N4G2FPQRG1
ES9961D6524A21153D3F,Certified Ostomy Care Nurse - Advanced Practice (COCN-AP),Certification,https://lightcast.io/open-skills/skills/ES9961D6524A21153D3F
KS122DT6CP1D7SGZZHSL,Certified Otorhinolaryngology Nurse (CORLN),Certification,https://lightcast.io/open-skills/skills/KS122DT6CP1D7SGZZHSL
ES206B7A7A46745BC164,Certified Outpatient Coder (COC),Certification,https://lightcast.io/open-skills/skills/ES206B7A7A46745BC164
KS121PG6P8YNKH5FD2X0,Certified Packaging Professional,Certification,https://lightcast.io/open-skills/skills/KS121PG6P8YNKH5FD2X0
ESE42C08A8D01A1863EB,Certified Packer,Certification,https://lightcast.io/open-skills/skills/ESE42C08A8D01A1863EB
KS122G45ZR8340V60CVD,Certified Paralegal/Certified Legal Assistant,Certification,https://lightcast.io/open-skills/skills/KS122G45ZR8340V60CVD
KS121PG6XVC1X7QDTBB6,Certified Paraoptometric,Certification,https://lightcast.io/open-skills/skills/KS121PG6XVC1X7QDTBB6
KS121PH66WKFRGD7NKKM,Certified Paraoptometric Assistant,Certification,https://lightcast.io/open-skills/skills/KS121PH66WKFRGD7NKKM
KS121PH6MT8SM606VJL3,Certified Paraoptometric Technician,Certification,https://lightcast.io/open-skills/skills/KS121PH6MT8SM606VJL3
KS122GR6SN7B6Y3F49NR,Certified Park And Recreation Professional,Certification,https://lightcast.io/open-skills/skills/KS122GR6SN7B6Y3F49NR
KS121PH70H7HFMSRGNLV,Certified Parking Facility Manager,Certification,https://lightcast.io/open-skills/skills/KS121PH70H7HFMSRGNLV
KS127LB74KWXBDVT8XDM,Certified Pastoral Counselor,Certification,https://lightcast.io/open-skills/skills/KS127LB74KWXBDVT8XDM
KS121PH72K5N8DCMPFRX,Certified Pastry Culinarian,Certification,https://lightcast.io/open-skills/skills/KS121PH72K5N8DCMPFRX
KS122GX6D21SX16MD60R,Certified Patent Valuation Analyst,Certification,https://lightcast.io/open-skills/skills/KS122GX6D21SX16MD60R
KS121PJ5VLQWKPDJK5GG,Certified Patient Account Manager,Certification,https://lightcast.io/open-skills/skills/KS121PJ5VLQWKPDJK5GG
KS122G76BBHWDNVGZX2J,Certified Patient Account Representative (CPAR),Certification,https://lightcast.io/open-skills/skills/KS122G76BBHWDNVGZX2J
KS121PJ64S2QS9WVPYGQ,Certified Patient Account Technician,Certification,https://lightcast.io/open-skills/skills/KS121PJ64S2QS9WVPYGQ
KS121PK5VSW62VNZJHBW,Certified Patient Care Technician (CPCT),Certification,https://lightcast.io/open-skills/skills/KS121PK5VSW62VNZJHBW
KS122G86HSLDYNXN5YBG,Certified Patient Care Technician/Assistant (CPCT/A),Certification,https://lightcast.io/open-skills/skills/KS122G86HSLDYNXN5YBG
KS121PK6DBZLL5GLS5D8,Certified Patient Safety Officer,Certification,https://lightcast.io/open-skills/skills/KS121PK6DBZLL5GLS5D8
KS122GG77YJH422G0NBM,Certified Payment-Card Industry Security Auditor,Certification,https://lightcast.io/open-skills/skills/KS122GG77YJH422G0NBM
KS122GH656C2KLTTNY1H,Certified Payment-Card Industry Security Manager,Certification,https://lightcast.io/open-skills/skills/KS122GH656C2KLTTNY1H
ES5B6032B035885B5085,Certified Payroll Professional,Certification,https://lightcast.io/open-skills/skills/ES5B6032B035885B5085
ESCD9BB96915E213AE60,Certified Payroll Specialist,Certification,https://lightcast.io/open-skills/skills/ESCD9BB96915E213AE60
KS121PK6K4SWLFJ9LZZX,Certified Pediatric Emergency Nurse (CPEN),Certification,https://lightcast.io/open-skills/skills/KS121PK6K4SWLFJ9LZZX
KS121PK7998VJGS84GXL,Certified Pediatric Hematology Oncology Nurse (CPHON),Certification,https://lightcast.io/open-skills/skills/KS121PK7998VJGS84GXL
KS121PL5ZMVS76PGKKZG,Certified Pediatric Nurse (CPN),Certification,https://lightcast.io/open-skills/skills/KS121PL5ZMVS76PGKKZG
KS122GM5WNYQFVPHCHNW,Certified Pediatric Nurse Practitioner,Certification,https://lightcast.io/open-skills/skills/KS122GM5WNYQFVPHCHNW
ES8CEFE784E1C8BCCEDE,Certified Pediatric Nurse Practitioner - Acute Care (CPNP-AC),Certification,https://lightcast.io/open-skills/skills/ES8CEFE784E1C8BCCEDE
ES3CB98B7C487960DEAB,Certified Pediatric Nurse Practitioner - Primary Care (CPNP-PC),Certification,https://lightcast.io/open-skills/skills/ES3CB98B7C487960DEAB
KS121PM66HFR3K1Y3N32,Certified Pediatric Oncology Nurse (CPON),Certification,https://lightcast.io/open-skills/skills/KS121PM66HFR3K1Y3N32
ESD7D55FB538C8F160B0,Certified Pediatrics Coder (CPEDC),Certification,https://lightcast.io/open-skills/skills/ESD7D55FB538C8F160B0
KS121PM6Q65HQNBX052K,Certified Pedorthist,Certification,https://lightcast.io/open-skills/skills/KS121PM6Q65HQNBX052K
ES8BB4025784F0347CA7,Certified Peer Support Specialist (CPSS),Certification,https://lightcast.io/open-skills/skills/ES8BB4025784F0347CA7
ES1E1DA15CEAD5DEACB3,Certified Penetration Testing Engineer (CPTE),Certification,https://lightcast.io/open-skills/skills/ES1E1DA15CEAD5DEACB3
KS121PM72BC0P0Z5M500,Certified Pension Consultant,Certification,https://lightcast.io/open-skills/skills/KS121PM72BC0P0Z5M500
KS121PM78915SM1RQCRT,Certified Performance Technologist,Certification,https://lightcast.io/open-skills/skills/KS121PM78915SM1RQCRT
KS1221S6WNQVY4CFSQMK,Certified Perioperative Nurse (CNOR),Certification,https://lightcast.io/open-skills/skills/KS1221S6WNQVY4CFSQMK
KS121PN6HSC0C4STLFSH,Certified Peritoneal Dialysis Nurse,Certification,https://lightcast.io/open-skills/skills/KS121PN6HSC0C4STLFSH
KS121PN7086G4XFXNV2L,Certified Personal Banker,Certification,https://lightcast.io/open-skills/skills/KS121PN7086G4XFXNV2L
KS121PP674FC1J30TJQB,Certified Personal Chef,Certification,https://lightcast.io/open-skills/skills/KS121PP674FC1J30TJQB
KS121PQ6KN3TKV9DTHZM,Certified Personnel Consultant,Certification,https://lightcast.io/open-skills/skills/KS121PQ6KN3TKV9DTHZM
KS121PQ6RVJJF779TR77,Certified Pet Dog Trainer,Certification,https://lightcast.io/open-skills/skills/KS121PQ6RVJJF779TR77
KS121PQ79C7S4SSQQHQ7,Certified Pharmacy Technician,Certification,https://lightcast.io/open-skills/skills/KS121PQ79C7S4SSQQHQ7
KS121PR627GKM65DDJ9X,Certified Phlebotomy Technician,Certification,https://lightcast.io/open-skills/skills/KS121PR627GKM65DDJ9X
KS121PR67WXH3F1K4SKG,Certified Photogrammetrist,Certification,https://lightcast.io/open-skills/skills/KS121PR67WXH3F1K4SKG
KS121PS77CS2CTMDTLDK,Certified Photographic Consultant,Certification,https://lightcast.io/open-skills/skills/KS121PS77CS2CTMDTLDK
KS122GP5Z7QHKNR451RS,Certified Physician Practice Manager (CPPM),Certification,https://lightcast.io/open-skills/skills/KS122GP5Z7QHKNR451RS
ES988460A3ED4245B0A1,Certified Picture Framer,Certification,https://lightcast.io/open-skills/skills/ES988460A3ED4245B0A1
KS121PT5WJX5JD3W7JKR,Certified Pilates Fitness,Certification,https://lightcast.io/open-skills/skills/KS121PT5WJX5JD3W7JKR
KS121PT6DXM1SVG4PM10,Certified Planner,Certification,https://lightcast.io/open-skills/skills/KS121PT6DXM1SVG4PM10
KS121PT6NQNDYHF1FPXX,Certified Plant Engineer,Certification,https://lightcast.io/open-skills/skills/KS121PT6NQNDYHF1FPXX
KS121PT6WPCJK9Z5XZ10,Certified Plant Maintenance Manager,Certification,https://lightcast.io/open-skills/skills/KS121PT6WPCJK9Z5XZ10
KS121PV622FG5FLD1T8D,Certified Plant Supervision,Certification,https://lightcast.io/open-skills/skills/KS121PV622FG5FLD1T8D
KS122GR662YV119D44ZG,Certified Plastic And Reconstructive Surgery Coder,Certification,https://lightcast.io/open-skills/skills/KS122GR662YV119D44ZG
KS121PV660VV52GBF1FZ,Certified Plastic Surgical Nurse (CPSN),Certification,https://lightcast.io/open-skills/skills/KS121PV660VV52GBF1FZ
KS121PV70K83WNW6GYWB,Certified Playground Safety Inspector,Certification,https://lightcast.io/open-skills/skills/KS121PV70K83WNW6GYWB
KS122GS6BXFWZZ3WT40T,Certified Polysomnographic Technician,Certification,https://lightcast.io/open-skills/skills/KS122GS6BXFWZZ3WT40T
ESFD759238130F9718D1,Certified Pool & Spa Operator,Certification,https://lightcast.io/open-skills/skills/ESFD759238130F9718D1
KS121B161FBJFTS7ZPBH,Certified Portfolio Program And Project Manager,Certification,https://lightcast.io/open-skills/skills/KS121B161FBJFTS7ZPBH
ESD85CE9BBFE9F6467FB,Certified Post Anesthesia Nurse (CPAN),Certification,https://lightcast.io/open-skills/skills/ESD85CE9BBFE9F6467FB
KS122GQ66ZXNPGM7NWG1,Certified Power Quality Professional,Certification,https://lightcast.io/open-skills/skills/KS122GQ66ZXNPGM7NWG1
KS121PW6X9YXRVST6F33,Certified Practising Accountant,Certification,https://lightcast.io/open-skills/skills/KS121PW6X9YXRVST6F33
ES65D66491F4A38BBFDF,Certified Pre-Award Research Administrator (CPRA),Certification,https://lightcast.io/open-skills/skills/ES65D66491F4A38BBFDF
ES2F1509B684B55C1D6A,Certified Premises Cabling Technician (CPCT),Certification,https://lightcast.io/open-skills/skills/ES2F1509B684B55C1D6A
KS121PX6VFT7JSZYFLCJ,Certified Preplanning Consultant,Certification,https://lightcast.io/open-skills/skills/KS121PX6VFT7JSZYFLCJ
KS121PY697TL9NX73WRG,Certified Prevention Specialist,Certification,https://lightcast.io/open-skills/skills/KS121PY697TL9NX73WRG
ES9B02656397E5425919,Certified Principal Investigator (CPI),Certification,https://lightcast.io/open-skills/skills/ES9B02656397E5425919
ES875B4676A3465C8652,Certified Private Wealth Advisor (CPWA),Certification,https://lightcast.io/open-skills/skills/ES875B4676A3465C8652
KS122G96WB5NY85FKQVB,Certified Process Design Engineer,Certification,https://lightcast.io/open-skills/skills/KS122G96WB5NY85FKQVB
ESF425222DE57C317AFF,Certified Procurement Transplant Coordinator (CPTC),Certification,https://lightcast.io/open-skills/skills/ESF425222DE57C317AFF
KS121PY6DLZC923QBRRR,Certified Product Consultant,Certification,https://lightcast.io/open-skills/skills/KS121PY6DLZC923QBRRR
KS121PZ6001K6JHB965P,Certified Product Safety Manager,Certification,https://lightcast.io/open-skills/skills/KS121PZ6001K6JHB965P
KS121PZ6GGRFY5PZRV6Q,Certified Product Specialist,Certification,https://lightcast.io/open-skills/skills/KS121PZ6GGRFY5PZRV6Q
KS121Q06WXB15RZRMHCP,Certified Production Technician,Certification,https://lightcast.io/open-skills/skills/KS121Q06WXB15RZRMHCP
ES4EE641CFE0DBB39810,Certified Professional - Food Safety,Certification,https://lightcast.io/open-skills/skills/ES4EE641CFE0DBB39810
KS121Q15W10YS0V984JJ,Certified Professional Agronomist,Certification,https://lightcast.io/open-skills/skills/KS121Q15W10YS0V984JJ
ESF5445B309FF313FEDD,Certified Professional Biller (CPB),Certification,https://lightcast.io/open-skills/skills/ESF5445B309FF313FEDD
KS122G76DXTHT8FNZRNH,Certified Professional Broadcast Engineer,Certification,https://lightcast.io/open-skills/skills/KS122G76DXTHT8FNZRNH
KS121Q16JBKSGF0DN9L4,Certified Professional Building Designer,Certification,https://lightcast.io/open-skills/skills/KS121Q16JBKSGF0DN9L4
ES6A42E8DB43899DA07C,Certified Professional Chemist (CPC),Certification,https://lightcast.io/open-skills/skills/ES6A42E8DB43899DA07C
KS121Q16TFTW3F30SD40,Certified Professional Coder (CPC),Certification,https://lightcast.io/open-skills/skills/KS121Q16TFTW3F30SD40
ESF392A7D75BB6A3CA24,Certified Professional Coder - Apprentice (CPC-A),Certification,https://lightcast.io/open-skills/skills/ESF392A7D75BB6A3CA24
KS122G85XX9B8P1RT8W7,Certified Professional Coder In Dermatology,Certification,https://lightcast.io/open-skills/skills/KS122G85XX9B8P1RT8W7
ESCC3DB8D4D9D7B19B16,Certified Professional Coder-Payer (CPC-P),Certification,https://lightcast.io/open-skills/skills/ESCC3DB8D4D9D7B19B16
ES99B3D43BCC2D20704D,Certified Professional Collector (CPC),Certification,https://lightcast.io/open-skills/skills/ES99B3D43BCC2D20704D
KS121Q16TGM4300SYD1Z,Certified Professional Compliance Officer (CPCO),Certification,https://lightcast.io/open-skills/skills/KS121Q16TGM4300SYD1Z
KS121Q2654B063YY0RDX,Certified Professional Constructor,Certification,https://lightcast.io/open-skills/skills/KS121Q2654B063YY0RDX
KS121Q26N467MZ01R2S8,Certified Professional Contracts Manager,Certification,https://lightcast.io/open-skills/skills/KS121Q26N467MZ01R2S8
ES99D0D5AC12ED0B6C2F,Certified Professional Electrologist (CPE),Certification,https://lightcast.io/open-skills/skills/ES99D0D5AC12ED0B6C2F
KS121Q26QXGVP625JTKY,Certified Professional Ergonomist,Certification,https://lightcast.io/open-skills/skills/KS121Q26QXGVP625JTKY
KS121Q273YX3244YP3W3,Certified Professional Estimator,Certification,https://lightcast.io/open-skills/skills/KS121Q273YX3244YP3W3
ES7D3B27E41B3B993CA4,Certified Professional Food Manager,Certification,https://lightcast.io/open-skills/skills/ES7D3B27E41B3B993CA4
KS7G10S6MN2JWMPMDX34,Certified Professional Geologist (CPG),Certification,https://lightcast.io/open-skills/skills/KS7G10S6MN2JWMPMDX34
KS121Q35VJ0Q02Z0YV46,Certified Professional IACUC Administrator,Certification,https://lightcast.io/open-skills/skills/KS121Q35VJ0Q02Z0YV46
ESE368E927AE08CD63E9,Certified Professional In Catering And Events,Certification,https://lightcast.io/open-skills/skills/ESE368E927AE08CD63E9
KS122GB6NHVKJM4Y35CT,Certified Professional In Electronic Health Records,Certification,https://lightcast.io/open-skills/skills/KS122GB6NHVKJM4Y35CT
KS122GB6T1WD08SV7HH5,Certified Professional In Erosion And Sediment Control (CPESC),Certification,https://lightcast.io/open-skills/skills/KS122GB6T1WD08SV7HH5
KS122GC6YZBQR1RVHV02,Certified Professional In Financial Services,Certification,https://lightcast.io/open-skills/skills/KS122GC6YZBQR1RVHV02
KS122GD6P4S364850PWL,Certified Professional In Health Information Exchange (CPHIE),Certification,https://lightcast.io/open-skills/skills/KS122GD6P4S364850PWL
KS122GF66YZZKSVFTPSH,Certified Professional In Health Information Technology,Certification,https://lightcast.io/open-skills/skills/KS122GF66YZZKSVFTPSH
KS122GD79FQCZVRMF9P1,Certified Professional In Healthcare Information And Management Systems (CPHIMS),Certification,https://lightcast.io/open-skills/skills/KS122GD79FQCZVRMF9P1
ES674928BC5B153C69AA,Certified Professional In Healthcare Management (CPHM),Certification,https://lightcast.io/open-skills/skills/ES674928BC5B153C69AA
KS122GF6CCPVQKBTWWSN,Certified Professional In Healthcare Quality (CPHQ),Certification,https://lightcast.io/open-skills/skills/KS122GF6CCPVQKBTWWSN
KS122GG5WYCPBZ6Q1FGD,Certified Professional In Healthcare Risk Management (CPHRM),Certification,https://lightcast.io/open-skills/skills/KS122GG5WYCPBZ6Q1FGD
KS122GJ6P75K0QPV6J44,Certified Professional In Learning And Performance,Certification,https://lightcast.io/open-skills/skills/KS122GJ6P75K0QPV6J44
KS122GT62YR948MX5T08,Certified Professional In Storm Water Quality (CPSWQ),Certification,https://lightcast.io/open-skills/skills/KS122GT62YR948MX5T08
KS122GS66QDLHXR78P04,Certified Professional In Supplier Diversity (CPSD),Certification,https://lightcast.io/open-skills/skills/KS122GS66QDLHXR78P04
KS122GS6VKGN5T1Q8M8H,Certified Professional In Supply Management (Standards Organizations),Certification,https://lightcast.io/open-skills/skills/KS122GS6VKGN5T1Q8M8H
KS122GH6J77918DK59FQ,Certified Professional In Training,Certification,https://lightcast.io/open-skills/skills/KS122GH6J77918DK59FQ
KS121Q3776Y846CZCDDD,Certified Professional Instructor,Certification,https://lightcast.io/open-skills/skills/KS121Q3776Y846CZCDDD
KS122GJ6F9GF90R3V43H,Certified Professional Life And Health Insurance,Certification,https://lightcast.io/open-skills/skills/KS122GJ6F9GF90R3V43H
KS121Q45W762KL7DSSW5,Certified Professional Logistician,Certification,https://lightcast.io/open-skills/skills/KS121Q45W762KL7DSSW5
KS122GK6CG9K3QYNHXK6,Certified Professional Management Consultant,Certification,https://lightcast.io/open-skills/skills/KS122GK6CG9K3QYNHXK6
KS121Q46SY5B0H5G66VT,Certified Professional Medical Auditor,Certification,https://lightcast.io/open-skills/skills/KS121Q46SY5B0H5G66VT
ES7454315B712A67DD30,Certified Professional Medical Scribe (CPMS),Certification,https://lightcast.io/open-skills/skills/ES7454315B712A67DD30
KS122GL5YNLSLLLY293N,Certified Professional Medical Services Management (CPMSM),Certification,https://lightcast.io/open-skills/skills/KS122GL5YNLSLLLY293N
KS121Q56G4YRBW4P674Z,Certified Professional Midwife,Certification,https://lightcast.io/open-skills/skills/KS121Q56G4YRBW4P674Z
ESA0EE11E1D83DB1F2CB,Certified Professional Nanny,Certification,https://lightcast.io/open-skills/skills/ESA0EE11E1D83DB1F2CB
ES778F8631A7CBFBB7CE,Certified Professional Of Occupancy,Certification,https://lightcast.io/open-skills/skills/ES778F8631A7CBFBB7CE
KS121Q56J56Y329H0GPV,Certified Professional Paralegal,Certification,https://lightcast.io/open-skills/skills/KS121Q56J56Y329H0GPV
KS121Q66TKMHJP4DCBRH,Certified Professional Photographer,Certification,https://lightcast.io/open-skills/skills/KS121Q66TKMHJP4DCBRH
KS121Q677YJ2ZB2RWT6G,Certified Professional Property Administration,Certification,https://lightcast.io/open-skills/skills/KS121Q677YJ2ZB2RWT6G
KS121Q76T5MSTJHD2F47,Certified Professional Property Management,Certification,https://lightcast.io/open-skills/skills/KS121Q76T5MSTJHD2F47
KS121Q76TR9FHYN2CVWS,Certified Professional Property Specialist,Certification,https://lightcast.io/open-skills/skills/KS121Q76TR9FHYN2CVWS
KS121Q779JBPFYBV9RFG,Certified Professional Public Buyer,Certification,https://lightcast.io/open-skills/skills/KS121Q779JBPFYBV9RFG
KS121Q86KFD2TG8LV05G,Certified Professional Purchasing Management,Certification,https://lightcast.io/open-skills/skills/KS121Q86KFD2TG8LV05G
KS121Q86LC2RF0DWRMPK,Certified Professional Resume Writer,Certification,https://lightcast.io/open-skills/skills/KS121Q86LC2RF0DWRMPK
KS122GS6ZD6ZTWVNMFCS,Certified Professional Salesperson,Certification,https://lightcast.io/open-skills/skills/KS122GS6ZD6ZTWVNMFCS
KS121Q871RNBNNYDG7RD,Certified Professional Secretary,Certification,https://lightcast.io/open-skills/skills/KS121Q871RNBNNYDG7RD
KS121Q967K7DV8WT0PCS,Certified Professional Services Marketer,Certification,https://lightcast.io/open-skills/skills/KS121Q967K7DV8WT0PCS
KS122GR77GTX3N070THL,Certified Professional Soil Classifier,Certification,https://lightcast.io/open-skills/skills/KS122GR77GTX3N070THL
KS121QB5XXZVRWY4DHBC,Certified Professional Soil Scientist,Certification,https://lightcast.io/open-skills/skills/KS121QB5XXZVRWY4DHBC
KS122GW5X16X8366YYMY,Certified Professional Utilization Manager,Certification,https://lightcast.io/open-skills/skills/KS122GW5X16X8366YYMY
ES45F25D9E6659C6E087,Certified Professional Utilization Review (CPUR),Certification,https://lightcast.io/open-skills/skills/ES45F25D9E6659C6E087
KS122GX70P2HSWC1B5Q4,Certified Professional Wetcleaner,Certification,https://lightcast.io/open-skills/skills/KS122GX70P2HSWC1B5Q4
KS121QB6KWTPB4Q6MTRW,Certified Programming,Certification,https://lightcast.io/open-skills/skills/KS121QB6KWTPB4Q6MTRW
ES17A998C5FB568758B4,Certified Projects Director,Certification,https://lightcast.io/open-skills/skills/ES17A998C5FB568758B4
ESD6283B528046CBAE22,Certified Property Manager,Certification,https://lightcast.io/open-skills/skills/ESD6283B528046CBAE22
ES47B787213820B263B6,Certified Prosthetist/Orthotist (CPO),Certification,https://lightcast.io/open-skills/skills/ES47B787213820B263B6
KS122GM6J6SRLCBMGVCF,Certified Protection Officer Instructor,Certification,https://lightcast.io/open-skills/skills/KS122GM6J6SRLCBMGVCF
ESA35329F5CE10D97696,Certified Protection Professional,Certification,https://lightcast.io/open-skills/skills/ESA35329F5CE10D97696
KS121QC6TXJKBQ0C8LYK,Certified Provider Credentialing Specialist,Certification,https://lightcast.io/open-skills/skills/KS121QC6TXJKBQ0C8LYK
KS121QD63JC03GVGHLJM,Certified Psychiatric Rehabilitation Practitioner,Certification,https://lightcast.io/open-skills/skills/KS121QD63JC03GVGHLJM
KS121QD65BVRDLY3394N,Certified Public Accountant,Certification,https://lightcast.io/open-skills/skills/KS121QD65BVRDLY3394N
ES868D7762E0618F87D9,Certified Public Finance Administrator (CPFA),Certification,https://lightcast.io/open-skills/skills/ES868D7762E0618F87D9
KS122GC60LVQFW3R0VZX,Certified Public Finance Officer,Certification,https://lightcast.io/open-skills/skills/KS122GC60LVQFW3R0VZX
ESC53D2AF5D08019E387,Certified Public Housing Manager (PHM),Certification,https://lightcast.io/open-skills/skills/ESC53D2AF5D08019E387
KS122GG6RMJZS1WGKQZ1,Certified Public Infrastructure Inspector,Certification,https://lightcast.io/open-skills/skills/KS122GG6RMJZS1WGKQZ1
ES61FEE4FE94CC4E9DC0,Certified Public Manager,Certification,https://lightcast.io/open-skills/skills/ES61FEE4FE94CC4E9DC0
KS121QD68YDJSTB4FW0B,Certified Public Purchasing Officer,Certification,https://lightcast.io/open-skills/skills/KS121QD68YDJSTB4FW0B
KS121QD707GB6TN1PCWS,Certified Pulmonary Function Technologist,Certification,https://lightcast.io/open-skills/skills/KS121QD707GB6TN1PCWS
ES5238E64667FB9FF66C,Certified Pump Trainer (CPT),Certification,https://lightcast.io/open-skills/skills/ES5238E64667FB9FF66C
KS121QD71J84LMZ7H0D5,Certified Purchasing Card Professional,Certification,https://lightcast.io/open-skills/skills/KS121QD71J84LMZ7H0D5
KS121QD71JS76KTGVFW6,Certified Purchasing Manager,Certification,https://lightcast.io/open-skills/skills/KS121QD71JS76KTGVFW6
KS121QD76KYVX1B2PPH5,Certified Purchasing Professional,Certification,https://lightcast.io/open-skills/skills/KS121QD76KYVX1B2PPH5
KS121QF6XM9WV6LP4MQK,Certified Quality Assurance Professional,Certification,https://lightcast.io/open-skills/skills/KS121QF6XM9WV6LP4MQK
KS121QF6MXGX5J7Z4NCL,Certified Quality Auditor,Certification,https://lightcast.io/open-skills/skills/KS121QF6MXGX5J7Z4NCL
KS122GY6009TLF7P6XY8,Certified Quality Engineer,Certification,https://lightcast.io/open-skills/skills/KS122GY6009TLF7P6XY8
KS121QG6CT82TZY9FM1J,Certified Quality Improvement,Certification,https://lightcast.io/open-skills/skills/KS121QG6CT82TZY9FM1J
KS122H05ZLPRCHTFST2C,Certified Quality Improvement Associate (CQIA),Certification,https://lightcast.io/open-skills/skills/KS122H05ZLPRCHTFST2C
KS7G4C06KKWDQK9HZ906,Certified Quality Manager,Certification,https://lightcast.io/open-skills/skills/KS7G4C06KKWDQK9HZ906
KS122H06KSKWQ9HCY767,Certified Quality Process Analyst,Certification,https://lightcast.io/open-skills/skills/KS122H06KSKWQ9HCY767
KS122H16PCPNHQBJSWK1,Certified Quality Technician,Certification,https://lightcast.io/open-skills/skills/KS122H16PCPNHQBJSWK1
KS122H16KMHMB9K56XX3,Certified Quantitative Software Process Engineer (CQSPE),Certification,https://lightcast.io/open-skills/skills/KS122H16KMHMB9K56XX3
ES216EF92DEDF4F6A4C4,Certified Radio Marketing Consultant (CRMC),Certification,https://lightcast.io/open-skills/skills/ES216EF92DEDF4F6A4C4
ES421EB950C626540269,Certified Radio Marketing Professional (CRMP),Certification,https://lightcast.io/open-skills/skills/ES421EB950C626540269
ES53C8CB8CDAAC315BE1,Certified Radio Operator (CRO),Certification,https://lightcast.io/open-skills/skills/ES53C8CB8CDAAC315BE1
KS128C86WLZ18D1JTTK2,Certified Radiologic Technologist/Technician,Certification,https://lightcast.io/open-skills/skills/KS128C86WLZ18D1JTTK2
KS685XF6R8F387NPRHJV,Certified Radiology Administrator,Certification,https://lightcast.io/open-skills/skills/KS685XF6R8F387NPRHJV
KS121QH75R9Y8S2618M9,Certified Radiology Coder,Certification,https://lightcast.io/open-skills/skills/KS121QH75R9Y8S2618M9
KS121QL6CG472RFS9RQM,Certified Radiology Equipment Specialist,Certification,https://lightcast.io/open-skills/skills/KS121QL6CG472RFS9RQM
KS121QL768C4BKCPTZ4Y,Certified Radiology Nurse (CRN),Certification,https://lightcast.io/open-skills/skills/KS121QL768C4BKCPTZ4Y
ESE5B86B21971C55F3AB,Certified Reading Tutor,Certification,https://lightcast.io/open-skills/skills/ESE5B86B21971C55F3AB
KS121QM6XN0C5PGS81Y1,Certified Real Estate Inspector,Certification,https://lightcast.io/open-skills/skills/KS121QM6XN0C5PGS81Y1
KS121QN6J49X5146S5JZ,Certified Realtime Reporter,Certification,https://lightcast.io/open-skills/skills/KS121QN6J49X5146S5JZ
KS121QP6P7BZ2B34Z6J6,Certified Records Management,Certification,https://lightcast.io/open-skills/skills/KS121QP6P7BZ2B34Z6J6
ESF96C563A8578F6449B,Certified Registered Central Service Technician (CRCST),Certification,https://lightcast.io/open-skills/skills/ESF96C563A8578F6449B
KS121QP6VKQTVRZV5VGS,Certified Registered Locksmith,Certification,https://lightcast.io/open-skills/skills/KS121QP6VKQTVRZV5VGS
KS122JC6L184HXJ0FBVB,Certified Registered Nurse Anesthetist (CRNA),Certification,https://lightcast.io/open-skills/skills/KS122JC6L184HXJ0FBVB
KS121QQ6J10ZSS60G4CB,Certified Registered Nurse First Assistant (CRNFA),Certification,https://lightcast.io/open-skills/skills/KS121QQ6J10ZSS60G4CB
KS121QQ704N5477V8SF1,Certified Registered Nurse Infusion (CRNI),Certification,https://lightcast.io/open-skills/skills/KS121QQ704N5477V8SF1
KS122HF6QF2YVWP5JY4T,Certified Regulatory And Compliance Professional,Certification,https://lightcast.io/open-skills/skills/KS122HF6QF2YVWP5JY4T
KS122HB6XRL0M3XP1BMK,Certified Regulatory Compliance Manager,Certification,https://lightcast.io/open-skills/skills/KS122HB6XRL0M3XP1BMK
KS121QT6L9K72131F40V,Certified Rehabilitation Counselor,Certification,https://lightcast.io/open-skills/skills/KS121QT6L9K72131F40V
KS121QV66QH6MW5SB46C,Certified Rehabilitation Registered Nurse (CRRN),Certification,https://lightcast.io/open-skills/skills/KS121QV66QH6MW5SB46C
KS121QV6TJ2431X7KJMS,Certified Rehabilitative Exercise Specialist,Certification,https://lightcast.io/open-skills/skills/KS121QV6TJ2431X7KJMS
KS121QV750VLNVWYC1PX,Certified Relationship Specialist,Certification,https://lightcast.io/open-skills/skills/KS121QV750VLNVWYC1PX
KS122HG6QHN0CWYT98V3,Certified Reliability Engineer,Certification,https://lightcast.io/open-skills/skills/KS122HG6QHN0CWYT98V3
KS122JM6V5VTTBCDVQMS,Certified Relocation And Transition Specialist (CRTS),Certification,https://lightcast.io/open-skills/skills/KS122JM6V5VTTBCDVQMS
KS121QW5YY8DMK094YJC,Certified Relocation Professional,Certification,https://lightcast.io/open-skills/skills/KS121QW5YY8DMK094YJC
KS121QX5YD464168H2KF,Certified Reporting Instructor,Certification,https://lightcast.io/open-skills/skills/KS121QX5YD464168H2KF
ESE3A43B27E000204B24,Certified Research Administrator (CRA),Certification,https://lightcast.io/open-skills/skills/ESE3A43B27E000204B24
ES216E763AA7AFDDBC6B,Certified Research Chef,Certification,https://lightcast.io/open-skills/skills/ES216E763AA7AFDDBC6B
ES65D520A15C5A2202CB,Certified Residential Appraiser,Certification,https://lightcast.io/open-skills/skills/ES65D520A15C5A2202CB
ES54E82C339289C82A41,Certified Residential Medication Aide (CRMA),Certification,https://lightcast.io/open-skills/skills/ES54E82C339289C82A41
KS121QX66FT50PGFQZ9D,Certified Residential Mortgage Specialist,Certification,https://lightcast.io/open-skills/skills/KS121QX66FT50PGFQZ9D
KS6879T77WSJDSGTYMW2,Certified Residential Specialist (CRS),Certification,https://lightcast.io/open-skills/skills/KS6879T77WSJDSGTYMW2
KS121QX66WF16ND80Y9Y,Certified Residential Underwriter,Certification,https://lightcast.io/open-skills/skills/KS121QX66WF16ND80Y9Y
ESCD956094285BC730EF,Certified Respiratory Therapist (CRT),Certification,https://lightcast.io/open-skills/skills/ESCD956094285BC730EF
ES261F691D2BE04B0B8C,Certified Restaurant Manager,Certification,https://lightcast.io/open-skills/skills/ES261F691D2BE04B0B8C
KS121QX6FXY7W6QL4ZNC,Certified Restorer,Certification,https://lightcast.io/open-skills/skills/KS121QX6FXY7W6QL4ZNC
KS121QX6YCNKRF8ZKXZ7,Certified Retinal Angiographer,Certification,https://lightcast.io/open-skills/skills/KS121QX6YCNKRF8ZKXZ7
KS7G4WZ6848RM3JCXRC0,Certified Retirement Counselor,Certification,https://lightcast.io/open-skills/skills/KS7G4WZ6848RM3JCXRC0
KS121QY61QSPH0WHQ8W6,Certified Retirement Services Professional,Certification,https://lightcast.io/open-skills/skills/KS121QY61QSPH0WHQ8W6
KS121QY6BBXZY4WJLYB4,Certified Retirement Specialist,Certification,https://lightcast.io/open-skills/skills/KS121QY6BBXZY4WJLYB4
KS122HG5YQM5L6PWRJJB,Certified Revenue Cycle Representative (CRCR),Certification,https://lightcast.io/open-skills/skills/KS122HG5YQM5L6PWRJJB
KS122J06F0LJ5FKL3PQN,Certified Rheumatology Coder,Certification,https://lightcast.io/open-skills/skills/KS122J06F0LJ5FKL3PQN
KS121QY741FL5HQYGNQW,Certified Rhythm Analysis Technician (CRAT),Certification,https://lightcast.io/open-skills/skills/KS121QY741FL5HQYGNQW
ESCE088B5AD1637C397B,Certified Risk Adjustment Coder (CRC),Certification,https://lightcast.io/open-skills/skills/ESCE088B5AD1637C397B
KS121QZ616X3BPXDMNRC,Certified Risk Analyst,Certification,https://lightcast.io/open-skills/skills/KS121QZ616X3BPXDMNRC
KS122HD6RJ1CFR8CJJWF,Certified Risk And Compliance Management Professional,Certification,https://lightcast.io/open-skills/skills/KS122HD6RJ1CFR8CJJWF
KS121QZ61C04XF4FWXW6,Certified Risk Manager,Certification,https://lightcast.io/open-skills/skills/KS121QZ61C04XF4FWXW6
KS121R061WTR0BP3HGVS,Certified Risk Professional,Certification,https://lightcast.io/open-skills/skills/KS121R061WTR0BP3HGVS
KS121R06577KVN144192,Certified Rooms Division Executive,Certification,https://lightcast.io/open-skills/skills/KS121R06577KVN144192
ESCBC7514FD7B17BB9E3,Certified Ruby Programmer,Certification,https://lightcast.io/open-skills/skills/ESCBC7514FD7B17BB9E3
ESA75625238A4622CCE7,Certified SAFe 5 Practitioner,Certification,https://lightcast.io/open-skills/skills/ESA75625238A4622CCE7
ESC961EF2A55CCAE1888,Certified SAFe Advanced Scrum Master,Certification,https://lightcast.io/open-skills/skills/ESC961EF2A55CCAE1888
ESCCF481CBE739E7F164,Certified SAFe Practitioner (CSP),Certification,https://lightcast.io/open-skills/skills/ESCCF481CBE739E7F164
ES10B74B87D40725571E,Certified SAFe Scrum Master,Certification,https://lightcast.io/open-skills/skills/ES10B74B87D40725571E
ES89511E3A82AC9914B4,Certified SAFe for Architects,Certification,https://lightcast.io/open-skills/skills/ES89511E3A82AC9914B4
KS122K76LR3BGZK33H35,Certified Safety And Health Manager,Certification,https://lightcast.io/open-skills/skills/KS122K76LR3BGZK33H35
KS6803H6ZML9RJ7F5FCV,Certified Safety Auditor,Certification,https://lightcast.io/open-skills/skills/KS6803H6ZML9RJ7F5FCV
KS121R07919776KSCX51,Certified Safety Professional,Certification,https://lightcast.io/open-skills/skills/KS121R07919776KSCX51
KS121R2779BQ9Q528TP2,Certified Safety Supervisor,Certification,https://lightcast.io/open-skills/skills/KS121R2779BQ9Q528TP2
KS121R36B4FJ4H5MM8P6,Certified Sales Associate,Certification,https://lightcast.io/open-skills/skills/KS121R36B4FJ4H5MM8P6
ESD20781C74BCF1FBB79,Certified Sales Compensation Professional,Certification,https://lightcast.io/open-skills/skills/ESD20781C74BCF1FBB79
KS7G0B473JFMQC27KZ7F,Certified Sales Executive,Certification,https://lightcast.io/open-skills/skills/KS7G0B473JFMQC27KZ7F
KS121R3720XY7QWLMYFC,Certified Sales Professional,Certification,https://lightcast.io/open-skills/skills/KS121R3720XY7QWLMYFC
ES9184B56B4C84A701C5,Certified Salesforce Sales Cloud Consultant,Certification,https://lightcast.io/open-skills/skills/ES9184B56B4C84A701C5
KS122KF63ZBRL2PMGNJ4,Certified Sarbanes Oxley Expert,Certification,https://lightcast.io/open-skills/skills/KS122KF63ZBRL2PMGNJ4
KS122KF6B6JTQTPTDHX0,Certified Sarbanes-Oxley Professional,Certification,https://lightcast.io/open-skills/skills/KS122KF6B6JTQTPTDHX0
KS121R472QTSLD5HM7VW,Certified Satellite Installer,Certification,https://lightcast.io/open-skills/skills/KS121R472QTSLD5HM7VW
ESAD6683F2A04C869076,Certified Scheduling Technician (CST),Certification,https://lightcast.io/open-skills/skills/ESAD6683F2A04C869076
ESCB0BE259DF4E09D48B,Certified School Audiometrist,Certification,https://lightcast.io/open-skills/skills/ESCB0BE259DF4E09D48B
KS121R476RCR2XLY8PW1,Certified School Social Work Specialist,Certification,https://lightcast.io/open-skills/skills/KS121R476RCR2XLY8PW1
ESD32C0997807DF1BB88,Certified Scrum Developer (CSD),Certification,https://lightcast.io/open-skills/skills/ESD32C0997807DF1BB88
KS7G6XM6NHD5NMYBXMHK,Certified Scrum Master,Certification,https://lightcast.io/open-skills/skills/KS7G6XM6NHD5NMYBXMHK
KS122KJ6P323CDFVB5TB,Certified Scrum Product Owner,Certification,https://lightcast.io/open-skills/skills/KS122KJ6P323CDFVB5TB
ES255879801BBFA319B7,Certified Scrum Professional - ScrumMaster (CSP-SM),Certification,https://lightcast.io/open-skills/skills/ES255879801BBFA319B7
ES76107352774A1917A8,Certified Scrum Trainer (CST),Certification,https://lightcast.io/open-skills/skills/ES76107352774A1917A8
ESC1674DC4B416C26288,Certified Seating And Mobility Specialist (SMS),Certification,https://lightcast.io/open-skills/skills/ESC1674DC4B416C26288
KS122K56X57F4YRPR7CS,Certified Secondary Culinary Educator,Certification,https://lightcast.io/open-skills/skills/KS122K56X57F4YRPR7CS
KS6848W6XT9P1BLQ8N5D,Certified Secure Software Lifecycle Professional,Certification,https://lightcast.io/open-skills/skills/KS6848W6XT9P1BLQ8N5D
KS121R564GL265H8PBMX,Certified Securities Operations Professional,Certification,https://lightcast.io/open-skills/skills/KS121R564GL265H8PBMX
KS121R568P3QHKW0Z811,Certified Securities Processing Master,Certification,https://lightcast.io/open-skills/skills/KS121R568P3QHKW0Z811
KS122KJ6WGJFY57BXXBQ,Certified Securities Processing Specialist,Certification,https://lightcast.io/open-skills/skills/KS122KJ6WGJFY57BXXBQ
ESC8BDC125330D9E79CA,Certified Security Compliance Specialist (CSCS),Certification,https://lightcast.io/open-skills/skills/ESC8BDC125330D9E79CA
KS121R5722DPFT3WHG63,Certified Security Salesperson,Certification,https://lightcast.io/open-skills/skills/KS121R5722DPFT3WHG63
KS121R66TFGLPZ0YFL0K,Certified Security Supervisor,Certification,https://lightcast.io/open-skills/skills/KS121R66TFGLPZ0YFL0K
KS121R8665XYN34PQPBH,Certified Security Trainer,Certification,https://lightcast.io/open-skills/skills/KS121R8665XYN34PQPBH
KS121RB5YL0GGYC52T14,Certified Senior Advisor,Certification,https://lightcast.io/open-skills/skills/KS121RB5YL0GGYC52T14
KS122KL76N2TZXRFWZSX,Certified Senior Broadcast Radio Engineer,Certification,https://lightcast.io/open-skills/skills/KS122KL76N2TZXRFWZSX
KS121R96FPTKQB8YPZRV,Certified Senior Broadcast Television Engineer,Certification,https://lightcast.io/open-skills/skills/KS121R96FPTKQB8YPZRV
KS122KD5ZJ9RS7JZHDRS,Certified Senior Lighting Technician,Certification,https://lightcast.io/open-skills/skills/KS122KD5ZJ9RS7JZHDRS
ES5F3D8D43FB1047A560,Certified Senior Project Manager,Certification,https://lightcast.io/open-skills/skills/ES5F3D8D43FB1047A560
KS122KR6BS5807W47XJM,Certified Senior Technology Manager,Certification,https://lightcast.io/open-skills/skills/KS122KR6BS5807W47XJM
KS121RB715H113DN4L6W,Certified Service Manager,Certification,https://lightcast.io/open-skills/skills/KS121RB715H113DN4L6W
ESFF26F17887F90C4FEF,Certified Shopping Center Manager (CSM),Certification,https://lightcast.io/open-skills/skills/ESFF26F17887F90C4FEF
ES5A5FCC2D906D1C33B9,Certified Short Sale Specialist,Certification,https://lightcast.io/open-skills/skills/ES5A5FCC2D906D1C33B9
ES242E7102CBDECA26AE,Certified Shorthand Reporter (CSR),Certification,https://lightcast.io/open-skills/skills/ES242E7102CBDECA26AE
KS122K672RMW9P1F2W9W,Certified Social Engineering Prevention Specialist,Certification,https://lightcast.io/open-skills/skills/KS122K672RMW9P1F2W9W
KS122KR65380DXGQBDQQ,Certified Social Sourcing Recruiter (CSSR),Certification,https://lightcast.io/open-skills/skills/KS122KR65380DXGQBDQQ
KS121RC6WB10PZ1M4Q0L,Certified Social Work Case Management,Certification,https://lightcast.io/open-skills/skills/KS121RC6WB10PZ1M4Q0L
KS1205C6Y2X3D75C0BXB,Certified Social Workers Credential,Certification,https://lightcast.io/open-skills/skills/KS1205C6Y2X3D75C0BXB
ES3527B14CD705BE0A6B,Certified Software Asset Manager (CSAM),Certification,https://lightcast.io/open-skills/skills/ES3527B14CD705BE0A6B
ES92899E2D817E20DB5A,Certified Software Business Analyst (CSBA),Certification,https://lightcast.io/open-skills/skills/ES92899E2D817E20DB5A
KS121RC7748LDZXXDK9K,Certified Software Development Professional,Certification,https://lightcast.io/open-skills/skills/KS121RC7748LDZXXDK9K
KS121RD60BTGR7TXHNC8,Certified Software Manager,Certification,https://lightcast.io/open-skills/skills/KS121RD60BTGR7TXHNC8
KS122KD6F462MLZGPSXZ,Certified Software Measurement Specialist,Certification,https://lightcast.io/open-skills/skills/KS122KD6F462MLZGPSXZ
KS7G18F6B5G5DMDRPL9M,Certified Software Process Engineer,Certification,https://lightcast.io/open-skills/skills/KS7G18F6B5G5DMDRPL9M
KS122KH6YPSH9QJGKHNV,Certified Software Project Manager,Certification,https://lightcast.io/open-skills/skills/KS122KH6YPSH9QJGKHNV
KS122KK5W34DPX777TJT,Certified Software Quality Analyst,Certification,https://lightcast.io/open-skills/skills/KS122KK5W34DPX777TJT
KS122KK6C8BYL8XXN5HD,Certified Software Quality Engineer,Certification,https://lightcast.io/open-skills/skills/KS122KK6C8BYL8XXN5HD
KS122KL5Z22QLHDC3RSJ,Certified Software Quality Manager,Certification,https://lightcast.io/open-skills/skills/KS122KL5Z22QLHDC3RSJ
ESC3F90993C5DADBFAD9,Certified Software Test Automation Specialist (CSTAS),Certification,https://lightcast.io/open-skills/skills/ESC3F90993C5DADBFAD9
KS121RD6GM49D8CZKC7K,Certified Software Test Engineer (CSTE),Certification,https://lightcast.io/open-skills/skills/KS121RD6GM49D8CZKC7K
ES3C88DD61B4C9AA9177,Certified Software Test Professional (CSTP),Certification,https://lightcast.io/open-skills/skills/ES3C88DD61B4C9AA9177
ESD21BD1758486E1F5FC,Certified Software Test Professional - Associate Level (CSTP-A),Certification,https://lightcast.io/open-skills/skills/ESD21BD1758486E1F5FC
ESB5568DC9A9A163E791,Certified Software Test Professional - Master Level (CSTP-M),Certification,https://lightcast.io/open-skills/skills/ESB5568DC9A9A163E791
ES3157BE2E94E52D7D98,Certified Software Test Professional - Practitioner Level (CSTP-P),Certification,https://lightcast.io/open-skills/skills/ES3157BE2E94E52D7D98
ES3DA22803547B23B157,Certified Sommelier,Certification,https://lightcast.io/open-skills/skills/ES3DA22803547B23B157
KS121RF61PG65B42F5M7,Certified Sous Chef,Certification,https://lightcast.io/open-skills/skills/KS121RF61PG65B42F5M7
KS121RF75VW09CTFZ311,Certified Special Events Professional,Certification,https://lightcast.io/open-skills/skills/KS121RF75VW09CTFZ311
ES481CDD95D389957478,Certified Specialist In Poison Information (CSPI),Certification,https://lightcast.io/open-skills/skills/ES481CDD95D389957478
ESEE9BF6539801F9F9C3,Certified Specialist Of Wine,Certification,https://lightcast.io/open-skills/skills/ESEE9BF6539801F9F9C3
ESEF5F0E54AAB2126B35,Certified Specialist in Gerontological Nutrition,Certification,https://lightcast.io/open-skills/skills/ESEF5F0E54AAB2126B35
ES70EFC72CA4027D27A0,Certified Specialist in Sports Dietetics,Certification,https://lightcast.io/open-skills/skills/ES70EFC72CA4027D27A0
ESB3A393E3808B44CEFC,Certified Staffing Professional,Certification,https://lightcast.io/open-skills/skills/ESB3A393E3808B44CEFC
KS122KF6WK8K35WMMFN6,Certified Sterile Processing And Distribution Manager,Certification,https://lightcast.io/open-skills/skills/KS122KF6WK8K35WMMFN6
KS122KG6FZ28C66Y0W7B,Certified Sterile Processing And Distribution Supervisor,Certification,https://lightcast.io/open-skills/skills/KS122KG6FZ28C66Y0W7B
KS121RH624BC71BLRYV2,Certified Stormwater Manager,Certification,https://lightcast.io/open-skills/skills/KS121RH624BC71BLRYV2
KS122K46WHGWMXZNDHD8,Certified Strategic Alliance Professional,Certification,https://lightcast.io/open-skills/skills/KS122K46WHGWMXZNDHD8
KS122K6648LS6Y5GJ8G6,Certified Strength And Conditioning Specialist,Certification,https://lightcast.io/open-skills/skills/KS122K6648LS6Y5GJ8G6
ESF132A9A9FCA3C6C7D9,Certified Substance Abuse Counselor (CSAC),Certification,https://lightcast.io/open-skills/skills/ESF132A9A9FCA3C6C7D9
ESD2FCFD2E179EF2E6EA,Certified Supplier Quality Professional (CSQP),Certification,https://lightcast.io/open-skills/skills/ESD2FCFD2E179EF2E6EA
KS121RH662F9WLQ7SX7K,Certified Surgical Assistant,Certification,https://lightcast.io/open-skills/skills/KS121RH662F9WLQ7SX7K
KS121LZ69XT19FCQVD36,Certified Surgical First Assistant (CSFA),Certification,https://lightcast.io/open-skills/skills/KS121LZ69XT19FCQVD36
ES413E38FCEF4BF84CA5,Certified Surgical Foot & Ankle Coder (CSFAC),Certification,https://lightcast.io/open-skills/skills/ES413E38FCEF4BF84CA5
KS121RJ5WJJ6X1C066RP,Certified Surgical Technologist (CST),Certification,https://lightcast.io/open-skills/skills/KS121RJ5WJJ6X1C066RP
KS121RJ6C4WVRFS645JB,Certified Survey Technician,Certification,https://lightcast.io/open-skills/skills/KS121RJ6C4WVRFS645JB
KS121RJ79LKBVDVG1GMM,Certified Sustainable Development Professional,Certification,https://lightcast.io/open-skills/skills/KS121RJ79LKBVDVG1GMM
KS121RK6MYV1XWR3PN8Z,Certified Systems Professional,Certification,https://lightcast.io/open-skills/skills/KS121RK6MYV1XWR3PN8Z
KS121RL635XJ837HWKPZ,Certified Technology Manager,Certification,https://lightcast.io/open-skills/skills/KS121RL635XJ837HWKPZ
KS122KV6982494PD77KT,Certified Telecom Management Administrator,Certification,https://lightcast.io/open-skills/skills/KS122KV6982494PD77KT
KS121RN60LVXVJ32WG7Q,Certified Telecom Management Executive,Certification,https://lightcast.io/open-skills/skills/KS121RN60LVXVJ32WG7Q
KS121RN63JLWQS1F38LR,Certified Telecom Management Specialist,Certification,https://lightcast.io/open-skills/skills/KS121RN63JLWQS1F38LR
KS121RN6SLB6W60ZB59H,Certified Television Operator,Certification,https://lightcast.io/open-skills/skills/KS121RN6SLB6W60ZB59H
KS121RN6W6LWN77NYRQF,Certified Temperament Counselor,Certification,https://lightcast.io/open-skills/skills/KS121RN6W6LWN77NYRQF
ES5EAF2B2DB776804153,Certified Temporary Staffing Specialist,Certification,https://lightcast.io/open-skills/skills/ES5EAF2B2DB776804153
ESAA48F7C1137CAD02E7,Certified TestStand Architect (CTA),Certification,https://lightcast.io/open-skills/skills/ESAA48F7C1137CAD02E7
KS121RP6V9N5RB8XTM12,Certified TestStand Developer (CTD),Certification,https://lightcast.io/open-skills/skills/KS121RP6V9N5RB8XTM12
ES4F0CE3D34994BD569E,Certified Tester Advanced Level (CTAL),Certification,https://lightcast.io/open-skills/skills/ES4F0CE3D34994BD569E
ES95936F02B3811BB22B,Certified Tester Expert Level (CTEL),Certification,https://lightcast.io/open-skills/skills/ES95936F02B3811BB22B
ES17304E94C240785F71,Certified Tester Foundation Level (CTFL),Certification,https://lightcast.io/open-skills/skills/ES17304E94C240785F71
KS121RP6WP6NLBQPYJ60,Certified Therapeutic Recreation Specialist,Certification,https://lightcast.io/open-skills/skills/KS121RP6WP6NLBQPYJ60
ESA0FAC7D67CC93AA13C,Certified Therapeutic Riding Instructor (CTRI),Certification,https://lightcast.io/open-skills/skills/ESA0FAC7D67CC93AA13C
KS121RQ6CSP6PM50YT24,Certified Tissue Bank Specialist,Certification,https://lightcast.io/open-skills/skills/KS121RQ6CSP6PM50YT24
KS122KW6NN3RXFYMYF5Q,Certified Toxic Mold Inspector,Certification,https://lightcast.io/open-skills/skills/KS122KW6NN3RXFYMYF5Q
KS122KZ71NPMV816783Y,Certified Trainer Of Special Populations,Certification,https://lightcast.io/open-skills/skills/KS122KZ71NPMV816783Y
KS122KT6DJJBJXLYZYN6,Certified Training And Development Professional,Certification,https://lightcast.io/open-skills/skills/KS122KT6DJJBJXLYZYN6
KS121RQ6QL2XP1DGVBZ1,Certified Translator,Certification,https://lightcast.io/open-skills/skills/KS121RQ6QL2XP1DGVBZ1
KS121RQ76CV47DYQ2FV4,Certified Transplant Preservationist,Certification,https://lightcast.io/open-skills/skills/KS121RQ76CV47DYQ2FV4
KS121RR5YL2244JQPYQV,Certified Transport Registered Nurse (CTRN),Certification,https://lightcast.io/open-skills/skills/KS121RR5YL2244JQPYQV
KS121RR69H7HKHVWFFX5,Certified Transportation Professional,Certification,https://lightcast.io/open-skills/skills/KS121RR69H7HKHVWFFX5
KS121RR6X1FVQRRD2ZG4,Certified Travel Associate,Certification,https://lightcast.io/open-skills/skills/KS121RR6X1FVQRRD2ZG4
KS122KS6SBH5M0RN95T5,Certified Travel Counselor,Certification,https://lightcast.io/open-skills/skills/KS122KS6SBH5M0RN95T5
KS122KV66D21LDXNV3K0,Certified Travel Industry Executive,Certification,https://lightcast.io/open-skills/skills/KS122KV66D21LDXNV3K0
KS121RS6XS4L923RFXWG,Certified Treasury Professional,Certification,https://lightcast.io/open-skills/skills/KS121RS6XS4L923RFXWG
KS122KT75B825NPPT3LC,Certified Trust And Financial Advisor,Certification,https://lightcast.io/open-skills/skills/KS122KT75B825NPPT3LC
ES75CF725AED11CF9E37,Certified Trust Auditor,Certification,https://lightcast.io/open-skills/skills/ES75CF725AED11CF9E37
KS121RT5YML4QDB045KY,Certified Tumor Registrar,Certification,https://lightcast.io/open-skills/skills/KS121RT5YML4QDB045KY
KS121RT7106J4DVQPBPM,Certified Turfgrass Professional,Certification,https://lightcast.io/open-skills/skills/KS121RT7106J4DVQPBPM
KS121RV62SGHF8J1ZN3V,Certified Turnaround Professional,Certification,https://lightcast.io/open-skills/skills/KS121RV62SGHF8J1ZN3V
ESAAE6CD66A992143EA4,Certified Tutor,Certification,https://lightcast.io/open-skills/skills/ESAAE6CD66A992143EA4
KS122LJ69ZFDFGDT1XCV,Certified U.S. Export Compliance Officer,Certification,https://lightcast.io/open-skills/skills/KS122LJ69ZFDFGDT1XCV
ESCC54D1928A34A71F85,Certified UiPath Developer,Certification,https://lightcast.io/open-skills/skills/ESCC54D1928A34A71F85
KS121RV662RM2DLWT6LC,Certified Unix System Administrator,Certification,https://lightcast.io/open-skills/skills/KS121RV662RM2DLWT6LC
ESFCBCD2B161DCBCB514,Certified Urologic Associate (CUA),Certification,https://lightcast.io/open-skills/skills/ESFCBCD2B161DCBCB514
ES9CD613AA8BD7DAB461,Certified Urologic Nurse Practitioner (CUNP),Certification,https://lightcast.io/open-skills/skills/ES9CD613AA8BD7DAB461
KS122L76L1ZVSNMQYB16,Certified Urologic Physician's Assistant,Certification,https://lightcast.io/open-skills/skills/KS122L76L1ZVSNMQYB16
KS121RV68L2RXY29QV7Y,Certified Urologic Registered Nurse (CURN),Certification,https://lightcast.io/open-skills/skills/KS121RV68L2RXY29QV7Y
KS121RW5XDM966CNLF4Q,Certified Urology Coder,Certification,https://lightcast.io/open-skills/skills/KS121RW5XDM966CNLF4Q
KS121RW5XW34JZXQTTVL,Certified Usability Analyst,Certification,https://lightcast.io/open-skills/skills/KS121RW5XW34JZXQTTVL
KS121RW63H83HN65L8WM,Certified User Experience Professional,Certification,https://lightcast.io/open-skills/skills/KS121RW63H83HN65L8WM
KS121RW6F3FMP7S0C5JV,Certified Valuation Analyst,Certification,https://lightcast.io/open-skills/skills/KS121RW6F3FMP7S0C5JV
KS121RW71LH58VM62TV8,Certified Value Specialist,Certification,https://lightcast.io/open-skills/skills/KS121RW71LH58VM62TV8
KS122M6738922D3ZB3C2,Certified Vehicle Fire Investigator,Certification,https://lightcast.io/open-skills/skills/KS122M6738922D3ZB3C2
ES2971247D998382079B,Certified Veterinary Assistant,Certification,https://lightcast.io/open-skills/skills/ES2971247D998382079B
KS121RW77LXH0361FQPC,Certified Veterinary Practice Management,Certification,https://lightcast.io/open-skills/skills/KS121RW77LXH0361FQPC
KS7G1Q46VRL0WP0FW0TB,Certified Veterinary Technician,Certification,https://lightcast.io/open-skills/skills/KS7G1Q46VRL0WP0FW0TB
ESDC071BB56C8DDBCC3E,Certified Veterinary Technologist,Certification,https://lightcast.io/open-skills/skills/ESDC071BB56C8DDBCC3E
KS121RX69RZY9QYX4NTS,Certified Video Engineer,Certification,https://lightcast.io/open-skills/skills/KS121RX69RZY9QYX4NTS
KS121RY686HHM1CZ0D99,Certified Vision Rehabilitation Therapist,Certification,https://lightcast.io/open-skills/skills/KS121RY686HHM1CZ0D99
KS121RY782RCPK6SBPDC,Certified Vocational Evaluation Specialist,Certification,https://lightcast.io/open-skills/skills/KS121RY782RCPK6SBPDC
KS121RZ684969P2S7S3L,Certified Water Technologist,Certification,https://lightcast.io/open-skills/skills/KS121RZ684969P2S7S3L
ESA86C965D18007CDA8C,Certified Wealth Preservation Planner,Certification,https://lightcast.io/open-skills/skills/ESA86C965D18007CDA8C
ES5230AE888559BDA57E,Certified Wealth Strategist (CWS),Certification,https://lightcast.io/open-skills/skills/ES5230AE888559BDA57E
KS121RZ6C4FN1SQ3BNBZ,Certified Weather Observer,Certification,https://lightcast.io/open-skills/skills/KS121RZ6C4FN1SQ3BNBZ
KS121RZ71MHR6KT4WBMN,Certified Web Designer Associate (CWDSA),Certification,https://lightcast.io/open-skills/skills/KS121RZ71MHR6KT4WBMN
KS121RZ79K4GHJXH9C4Q,Certified Web Specialist,Certification,https://lightcast.io/open-skills/skills/KS121RZ79K4GHJXH9C4Q
KS121S06NF2R2G6BWGRJ,Certified Wedding Planner,Certification,https://lightcast.io/open-skills/skills/KS121S06NF2R2G6BWGRJ
KS121S06SHB2D4LHBVC8,Certified Welder,Certification,https://lightcast.io/open-skills/skills/KS121S06SHB2D4LHBVC8
KS121S06YZ6TFCPQVVYJ,Certified Welding Educator,Certification,https://lightcast.io/open-skills/skills/KS121S06YZ6TFCPQVVYJ
KS121S075RL2M6RGD38Q,Certified Welding Engineer,Certification,https://lightcast.io/open-skills/skills/KS121S075RL2M6RGD38Q
KS121S0784MK32MLM65R,Certified Welding Inspector,Certification,https://lightcast.io/open-skills/skills/KS121S0784MK32MLM65R
KS121S179MZ8SP6LK9R9,Certified Welding Supervisor,Certification,https://lightcast.io/open-skills/skills/KS121S179MZ8SP6LK9R9
KS122MF6N0X0RJS3Q76Z,Certified Wellness Program Coordinator,Certification,https://lightcast.io/open-skills/skills/KS122MF6N0X0RJS3Q76Z
ESB5A519328B207361BE,Certified Wildland Firefighter,Certification,https://lightcast.io/open-skills/skills/ESB5A519328B207361BE
ES4DA0394B2F240A1C2C,Certified Wildland Firefighter I,Certification,https://lightcast.io/open-skills/skills/ES4DA0394B2F240A1C2C
ES90965BF8E680691E8C,Certified Wildland Firefighter II,Certification,https://lightcast.io/open-skills/skills/ES90965BF8E680691E8C
ESEF7B41ECC6B01AB112,Certified Wildland Firefighter III,Certification,https://lightcast.io/open-skills/skills/ESEF7B41ECC6B01AB112
ESEF5BFF81F7D15A527B,Certified Wildlife Biologist (CWB),Certification,https://lightcast.io/open-skills/skills/ESEF5BFF81F7D15A527B
ES866C1D39952DD48F2F,Certified Wine Educator,Certification,https://lightcast.io/open-skills/skills/ES866C1D39952DD48F2F
KS121S26J1J7WHDZPYLC,Certified Wireless Analysis Professional,Certification,https://lightcast.io/open-skills/skills/KS121S26J1J7WHDZPYLC
KS121S267KTXH9D7K3QT,Certified Wireless Network Administrator,Certification,https://lightcast.io/open-skills/skills/KS121S267KTXH9D7K3QT
KS121S26TQ8QZ733ZSP6,Certified Wireless Network Engineer,Certification,https://lightcast.io/open-skills/skills/KS121S26TQ8QZ733ZSP6
KS122MD6JYZ48Y78J0GX,Certified Wireless Network Expert,Certification,https://lightcast.io/open-skills/skills/KS122MD6JYZ48Y78J0GX
KS122MD6NTLK4STMS6HT,Certified Wireless Network Professional (CWNP),Certification,https://lightcast.io/open-skills/skills/KS122MD6NTLK4STMS6HT
KS121S376HT14F7XM85F,Certified Wireless Network Trainer,Certification,https://lightcast.io/open-skills/skills/KS121S376HT14F7XM85F
KS121S45Z9JR2DV3CC39,Certified Wireless Security Professional,Certification,https://lightcast.io/open-skills/skills/KS121S45Z9JR2DV3CC39
KS121S461PQ4GTHX9M5Q,Certified Wireless Technology Specialist,Certification,https://lightcast.io/open-skills/skills/KS121S461PQ4GTHX9M5Q
KS121S4683FXPCV97NTL,Certified Work Adjustment Specialist,Certification,https://lightcast.io/open-skills/skills/KS121S4683FXPCV97NTL
KS121S46JJSDGGKSG5J4,Certified Workforce Development Professional,Certification,https://lightcast.io/open-skills/skills/KS121S46JJSDGGKSG5J4
KS122MC5Z4Z4BLGX5MQR,Certified Workforce Information Specialist,Certification,https://lightcast.io/open-skills/skills/KS122MC5Z4Z4BLGX5MQR
KS121S46KS2JSQ7Z96K0,Certified Working Pastry Chef,Certification,https://lightcast.io/open-skills/skills/KS121S46KS2JSQ7Z96K0
KS121S46XF3NHWN8TDHV,Certified Wound Care,Certification,https://lightcast.io/open-skills/skills/KS121S46XF3NHWN8TDHV
KS122MB715KXRGVBSR2B,Certified Wound Care Associate,Certification,https://lightcast.io/open-skills/skills/KS122MB715KXRGVBSR2B
KS121S472R2QVY4JWBFL,Certified Wound Care Nurse (CWCN),Certification,https://lightcast.io/open-skills/skills/KS121S472R2QVY4JWBFL
ESBB0F950070705C0390,Certified Wound Care Nurse - Advanced Practice (CWCN-AP),Certification,https://lightcast.io/open-skills/skills/ESBB0F950070705C0390
KS122MD73KHCR74T4KNS,Certified Wound Ostomy Continence Nurse (CWOCN),Certification,https://lightcast.io/open-skills/skills/KS122MD73KHCR74T4KNS
ES409C5BCA53370494C8,Certified Wound Ostomy Continence Nurse - Advanced Practice (CWOCN-AP),Certification,https://lightcast.io/open-skills/skills/ES409C5BCA53370494C8
ESA67534F403C7368D43,Certified Wound Ostomy Nurse (CWON),Certification,https://lightcast.io/open-skills/skills/ESA67534F403C7368D43
ES3B3592DE66A7AE06B5,Certified Wound Ostomy Nurse - Advanced Practice (CWON-AP),Certification,https://lightcast.io/open-skills/skills/ES3B3592DE66A7AE06B5
KS121S561ZNH4Y3TPZWM,Certified Wound Specialist,Certification,https://lightcast.io/open-skills/skills/KS121S561ZNH4Y3TPZWM
KS121LJ6KPLNS52QKQWF,Certified eMarketer (CeM),Certification,https://lightcast.io/open-skills/skills/KS121LJ6KPLNS52QKQWF
ESE0BFD726E76BBA6419,Certified eMarketing Associate (CeMA),Certification,https://lightcast.io/open-skills/skills/ESE0BFD726E76BBA6419
KS121T56PF707737BNZM,Change Management Certification,Certification,https://lightcast.io/open-skills/skills/KS121T56PF707737BNZM
KS121TK6KVXNMSWH09Y0,Chartered Accountant,Certification,https://lightcast.io/open-skills/skills/KS121TK6KVXNMSWH09Y0
KS121FH69W7GRBXKFRT5,Chartered Advisor For Senior Living,Certification,https://lightcast.io/open-skills/skills/KS121FH69W7GRBXKFRT5
ESC0474494EE4E4C6D91,Chartered Advisor in Philanthropy,Certification,https://lightcast.io/open-skills/skills/ESC0474494EE4E4C6D91
KS121BJ5XGJFC1VVH3V5,Chartered Alternative Investment Analyst,Certification,https://lightcast.io/open-skills/skills/KS121BJ5XGJFC1VVH3V5
ESCF67B570A10AA9F231,Chartered Banker Status,Certification,https://lightcast.io/open-skills/skills/ESCF67B570A10AA9F231
KS121TK6Z4NJR0LBGW5J,Chartered Certified Accountant,Certification,https://lightcast.io/open-skills/skills/KS121TK6Z4NJR0LBGW5J
KS121K86SHMK9X46YPWT,Chartered Engineer,Certification,https://lightcast.io/open-skills/skills/KS121K86SHMK9X46YPWT
ESFCAE98D2A3E19BA2DF,Chartered Enterprise Risk Analyst (CERA),Certification,https://lightcast.io/open-skills/skills/ESFCAE98D2A3E19BA2DF
ES9E0A9F159551C41792,Chartered Fellow Of The Chartered Institute Of Personnel and Development (FCIPD),Certification,https://lightcast.io/open-skills/skills/ES9E0A9F159551C41792
KS121S8631MLDZ9ZBHV7,Chartered Financial Analyst,Certification,https://lightcast.io/open-skills/skills/KS121S8631MLDZ9ZBHV7
KS121TK703XBS3KDTCY8,Chartered Financial Consultant,Certification,https://lightcast.io/open-skills/skills/KS121TK703XBS3KDTCY8
KS121TM6LJ6H4VGL0766,Chartered Financial Planner,Certification,https://lightcast.io/open-skills/skills/KS121TM6LJ6H4VGL0766
KS121SV6TRS2483PF7Z7,Chartered Global Management Accountant,Certification,https://lightcast.io/open-skills/skills/KS121SV6TRS2483PF7Z7
ESBE1BAC04587E8F90D5,Chartered Institute For The Management Of Sport And Physical Activity (CIMSPA),Certification,https://lightcast.io/open-skills/skills/ESBE1BAC04587E8F90D5
ESC565CD257EDA3C1843,Chartered Institute Of Management Accountants (CIMA),Certification,https://lightcast.io/open-skills/skills/ESC565CD257EDA3C1843
ES25D4DAC465D3761620,Chartered Institute Of Marketing (CIM),Certification,https://lightcast.io/open-skills/skills/ES25D4DAC465D3761620
KS121WY61MDCH3H0ZQPH,Chartered Institute Of Personnel And Development (CIPD) Certified,Certification,https://lightcast.io/open-skills/skills/KS121WY61MDCH3H0ZQPH
KS121WG70ZLQC42CM94N,Chartered Institution Of Building Services Engineers,Certification,https://lightcast.io/open-skills/skills/KS121WG70ZLQC42CM94N
ES589CAFF08D10A161BB,Chartered Insurance Operations Professional,Certification,https://lightcast.io/open-skills/skills/ES589CAFF08D10A161BB
KS121TM6NJR3FKCK6BST,Chartered Life Underwriter,Certification,https://lightcast.io/open-skills/skills/KS121TM6NJR3FKCK6BST
ES387BEB37FD9E73BEA8,Chartered Management Institute Certification,Certification,https://lightcast.io/open-skills/skills/ES387BEB37FD9E73BEA8
KS121TM75F906X7JN3TP,Chartered Market Technician,Certification,https://lightcast.io/open-skills/skills/KS121TM75F906X7JN3TP
ES2C33011CA4910E11D0,Chartered Member Of The Chartered Institute Of Personnel And Development (MCIPD),Certification,https://lightcast.io/open-skills/skills/ES2C33011CA4910E11D0
KS122176DDLS8Q0K4NHJ,Chartered Mutual Fund Counselor,Certification,https://lightcast.io/open-skills/skills/KS122176DDLS8Q0K4NHJ
KS121TM769WS2NSH99FJ,Chartered Professional Engineer,Certification,https://lightcast.io/open-skills/skills/KS121TM769WS2NSH99FJ
KS121TN6JKVJ1JFZJB71,Chartered Property Casualty Underwriter,Certification,https://lightcast.io/open-skills/skills/KS121TN6JKVJ1JFZJB71
KS121TN791N8FJJKCJCH,Chartered Realty Investing,Certification,https://lightcast.io/open-skills/skills/KS121TN791N8FJJKCJCH
KS122JK6P85HL72FVFG0,Chartered Retirement Planning Counselor,Certification,https://lightcast.io/open-skills/skills/KS122JK6P85HL72FVFG0
KS122KS60MT3358LGFK5,Chartered Strategic Wealth Professional,Certification,https://lightcast.io/open-skills/skills/KS122KS60MT3358LGFK5
ES89B56CDFD110A94BF4,Chauffeur License,Certification,https://lightcast.io/open-skills/skills/ES89B56CDFD110A94BF4
KS121GR75Z6H8Z0YFN97,Check Point Certified Managed Security Expert,Certification,https://lightcast.io/open-skills/skills/KS121GR75Z6H8Z0YFN97
KS121H663QLF6FCGJB9N,Check Point Certified Security Administrator,Certification,https://lightcast.io/open-skills/skills/KS121H663QLF6FCGJB9N
KS121H66QWYFX8GYP431,Check Point Certified Security Expert,Certification,https://lightcast.io/open-skills/skills/KS121H66QWYFX8GYP431
ES452FCFA6CF87F4BEED,Check Point Certified Security Master,Certification,https://lightcast.io/open-skills/skills/ES452FCFA6CF87F4BEED
KS121H865F244MDLV0M0,Check Point Certified Security Principles Associate (CCSPA),Certification,https://lightcast.io/open-skills/skills/KS121H865F244MDLV0M0
KS121H2658S8JP89YC9M,Check Point Quality Of Service Expert,Certification,https://lightcast.io/open-skills/skills/KS121H2658S8JP89YC9M
KS121J26P2NS8LM5R7WH,Chemical Dependency Professional Trainee,Certification,https://lightcast.io/open-skills/skills/KS121J26P2NS8LM5R7WH
ES74CBF365E2393BB267,Chemical Safety Certification,Certification,https://lightcast.io/open-skills/skills/ES74CBF365E2393BB267
ES78F46002B439EF3E17,Chemotherapy Certification,Certification,https://lightcast.io/open-skills/skills/ES78F46002B439EF3E17
ES3E69DB60590218EE29,Chief Emergency Medical Service Officer (CEMSO),Certification,https://lightcast.io/open-skills/skills/ES3E69DB60590218EE29
ES2516A08B3C1BAF56A5,Chief Engineer License,Certification,https://lightcast.io/open-skills/skills/ES2516A08B3C1BAF56A5
ESBF43860023EC96C337,Child Care Provider Certification,Certification,https://lightcast.io/open-skills/skills/ESBF43860023EC96C337
ES98FCEF656B21BE2994,Child Care Worker Certification,Certification,https://lightcast.io/open-skills/skills/ES98FCEF656B21BE2994
ES7F24287FF2F4E7A290,Childbirth Educator Certification,Certification,https://lightcast.io/open-skills/skills/ES7F24287FF2F4E7A290
ES8A91B42F70631DAAD6,Chiropractic License,Certification,https://lightcast.io/open-skills/skills/ES8A91B42F70631DAAD6
KS121GZ67VFJGGXG2T2K,Cisco Borderless Network Mobility Support Specialist (CCNPW),Certification,https://lightcast.io/open-skills/skills/KS121GZ67VFJGGXG2T2K
KS121XC6JVHGV3LZ13RX,Cisco Certified Design Associate,Certification,https://lightcast.io/open-skills/skills/KS121XC6JVHGV3LZ13RX
KS121GD62GBFV6B569CN,Cisco Certified Design Expert (CCDE),Certification,https://lightcast.io/open-skills/skills/KS121GD62GBFV6B569CN
KS121GD76ZFLN4PNGJ5W,Cisco Certified Design Professional,Certification,https://lightcast.io/open-skills/skills/KS121GD76ZFLN4PNGJ5W
ESF86A11495CEE1E5F23,Cisco Certified DevNet Associate,Certification,https://lightcast.io/open-skills/skills/ESF86A11495CEE1E5F23
KS121XC6KBQKL4JLXHPC,Cisco Certified Entry Network Technician,Certification,https://lightcast.io/open-skills/skills/KS121XC6KBQKL4JLXHPC
KS121GG6FQC7Z4QSDSRV,Cisco Certified Entry Networking Technician,Certification,https://lightcast.io/open-skills/skills/KS121GG6FQC7Z4QSDSRV
KS121GK6SMTDSB2KHC7C,Cisco Certified Internetwork Expert,Certification,https://lightcast.io/open-skills/skills/KS121GK6SMTDSB2KHC7C
ES85C77487200A26991A,Cisco Certified Internetwork Expert (CCIE) Enterprise Infrastructure,Certification,https://lightcast.io/open-skills/skills/ES85C77487200A26991A
ESEB01A4D18082B2698B,Cisco Certified Internetwork Expert (CCIE) Enterprise Wireless,Certification,https://lightcast.io/open-skills/skills/ESEB01A4D18082B2698B
ES1F317AE9813E6A8AF8,Cisco Certified Internetwork Expert (CCIE) Routing And Switching,Certification,https://lightcast.io/open-skills/skills/ES1F317AE9813E6A8AF8
KS121GL6LFCWPL68MHR2,Cisco Certified Internetwork Expert (CCIE) Service Provider,Certification,https://lightcast.io/open-skills/skills/KS121GL6LFCWPL68MHR2
KS121GL790YK913F2BJJ,Cisco Certified Internetwork Expert (CCIE) Storage Networking,Certification,https://lightcast.io/open-skills/skills/KS121GL790YK913F2BJJ
KS121GM66X1FJX6M6SZD,Cisco Certified Internetwork Expert (CCIE) Voice,Certification,https://lightcast.io/open-skills/skills/KS121GM66X1FJX6M6SZD
ES3091E63DB81DA07813,Cisco Certified Internetwork Expert (CCIE) Wireless,Certification,https://lightcast.io/open-skills/skills/ES3091E63DB81DA07813
KS121GL6G4HZ6HQ9CVYR,Cisco Certified Internetwork Expert Security (CCIE Security),Certification,https://lightcast.io/open-skills/skills/KS121GL6G4HZ6HQ9CVYR
KS121GN5Y1DBJBRP565Y,Cisco Certified Internetwork Professional,Certification,https://lightcast.io/open-skills/skills/KS121GN5Y1DBJBRP565Y
KS121GS76K4MBHNNMSL4,Cisco Certified Network Associate,Certification,https://lightcast.io/open-skills/skills/KS121GS76K4MBHNNMSL4
ES2A434718F492B82BEF,Cisco Certified Network Associate (CCNA) Routing And Switching,Certification,https://lightcast.io/open-skills/skills/ES2A434718F492B82BEF
ES8439B14C22254706D5,Cisco Certified Network Associate (CCNA) Wireless,Certification,https://lightcast.io/open-skills/skills/ES8439B14C22254706D5
KS121GV5Z9JZVHFJSYNM,Cisco Certified Network Associate Security (CCNA Security),Certification,https://lightcast.io/open-skills/skills/KS121GV5Z9JZVHFJSYNM
KS121GW6M1WWJV34HK1D,Cisco Certified Network Associate- Video,Certification,https://lightcast.io/open-skills/skills/KS121GW6M1WWJV34HK1D
KS121GW6P9S7SJMNJHPL,Cisco Certified Network Associate- Wireless,Certification,https://lightcast.io/open-skills/skills/KS121GW6P9S7SJMNJHPL
KS121GX6D48DHXH6SCBC,Cisco Certified Network Professional,Certification,https://lightcast.io/open-skills/skills/KS121GX6D48DHXH6SCBC
ES96105972B84FE4F55F,Cisco Certified Network Professional (CCNP) Enterprise,Certification,https://lightcast.io/open-skills/skills/ES96105972B84FE4F55F
ESD73CAD70692E1ABC66,Cisco Certified Network Professional (CCNP) Routing And Switching,Certification,https://lightcast.io/open-skills/skills/ESD73CAD70692E1ABC66
ES1B3175CEDD5913717D,Cisco Certified Network Professional (CCNP) Wireless,Certification,https://lightcast.io/open-skills/skills/ES1B3175CEDD5913717D
KS121GX6TZVNHT64Q7P9,Cisco Certified Network Professional Voice,Certification,https://lightcast.io/open-skills/skills/KS121GX6TZVNHT64Q7P9
KS121H76N4XXGPF8TLMX,Cisco Certified Security Professional,Certification,https://lightcast.io/open-skills/skills/KS121H76N4XXGPF8TLMX
ESE95B36159CB735D814,Cisco Certified Support Technician (CCST),Certification,https://lightcast.io/open-skills/skills/ESE95B36159CB735D814
KS684Q0768T8R5RNXLL7,Cisco Certified Technician,Certification,https://lightcast.io/open-skills/skills/KS684Q0768T8R5RNXLL7
KS121XC6N2FYYV1KJ2YQ,Cisco Certified Voice Professional,Certification,https://lightcast.io/open-skills/skills/KS121XC6N2FYYV1KJ2YQ
KS687M978JDFW2645PYM,Cisco Configuration Professional,Certification,https://lightcast.io/open-skills/skills/KS687M978JDFW2645PYM
ES7DBA103315FC33DE7C,Cisco Cybersecurity Specialist (SCYBER),Certification,https://lightcast.io/open-skills/skills/ES7DBA103315FC33DE7C
KS121XD5YQQZS34NF3S9,Cisco Firewall Specialist,Certification,https://lightcast.io/open-skills/skills/KS121XD5YQQZS34NF3S9
KS121XM5WZFPR7YR3CTK,Citrix Administration Certification,Certification,https://lightcast.io/open-skills/skills/KS121XM5WZFPR7YR3CTK
KS121XM5XRX32K9D39LF,Citrix Certified Administrator (CCA),Certification,https://lightcast.io/open-skills/skills/KS121XM5XRX32K9D39LF
ES5FD1F34F996D59EBC5,Citrix Certified Advanced Administrator (CCAA),Certification,https://lightcast.io/open-skills/skills/ES5FD1F34F996D59EBC5
ES61AB27158EF831C0D6,Citrix Certified Associate (CCA),Certification,https://lightcast.io/open-skills/skills/ES61AB27158EF831C0D6
ESA712075CC1D8BDD748,Citrix Certified Associate - App Delivery and Security (CCA - AppDS),Certification,https://lightcast.io/open-skills/skills/ESA712075CC1D8BDD748
ESD0789209F6690BCF80,Citrix Certified Associate - Networking (CCA-N),Certification,https://lightcast.io/open-skills/skills/ESD0789209F6690BCF80
ESF2DCDE891B430BC43F,Citrix Certified Associate - Virtualization (CCA-V),Certification,https://lightcast.io/open-skills/skills/ESF2DCDE891B430BC43F
KS121GG682MKSMNLG1YX,Citrix Certified Enterprise Administrator,Certification,https://lightcast.io/open-skills/skills/KS121GG682MKSMNLG1YX
ESC224A37E5E0D6406CE,Citrix Certified Enterprise Engineer (CCEE),Certification,https://lightcast.io/open-skills/skills/ESC224A37E5E0D6406CE
ESDB25AD6A0125CC4A08,Citrix Certified Expert (CCE),Certification,https://lightcast.io/open-skills/skills/ESDB25AD6A0125CC4A08
ES3FFEDD28ED1506228A,Citrix Certified Expert - App Delivery and Security (CCE - AppDS),Certification,https://lightcast.io/open-skills/skills/ES3FFEDD28ED1506228A
ESFA734DAC6A31742E1E,Citrix Certified Expert - Networking (CCE-N),Certification,https://lightcast.io/open-skills/skills/ESFA734DAC6A31742E1E
ESD87ABF89A797D4EF7E,Citrix Certified Expert - Virtualization (CCE-V),Certification,https://lightcast.io/open-skills/skills/ESD87ABF89A797D4EF7E
KS121XN62GV3FYR4D54D,Citrix Certified Instructor,Certification,https://lightcast.io/open-skills/skills/KS121XN62GV3FYR4D54D
KS121GJ70WQQ6JWKYPX3,Citrix Certified Integration Architect (CCIA),Certification,https://lightcast.io/open-skills/skills/KS121GJ70WQQ6JWKYPX3
ESE75739671ACF578AF9,Citrix Certified Professional (CCP),Certification,https://lightcast.io/open-skills/skills/ESE75739671ACF578AF9
ESAF3D46331290B7D1A2,Citrix Certified Professional - App Delivery and Security (CCP - AppDS),Certification,https://lightcast.io/open-skills/skills/ESAF3D46331290B7D1A2
ESE17AD7F7FE4377BD89,Citrix Certified Professional - Mobility (CCP-M),Certification,https://lightcast.io/open-skills/skills/ESE17AD7F7FE4377BD89
ES331E12495D30164253,Citrix Certified Professional - Networking (CCP-N),Certification,https://lightcast.io/open-skills/skills/ES331E12495D30164253
ES82020AE07505E95AE3,Citrix Certified Professional - Virtualization (CCP-V),Certification,https://lightcast.io/open-skills/skills/ES82020AE07505E95AE3
KS121XN6M64TWQV6PWY5,Citrix Certified Sales Professional,Certification,https://lightcast.io/open-skills/skills/KS121XN6M64TWQV6PWY5
ESBA976A2E4110A7E6F9,Citrix NetScaler SD-WAN Certification (CC-SDWAN),Certification,https://lightcast.io/open-skills/skills/ESBA976A2E4110A7E6F9
ES30B299C4F32794F17F,City & Guilds Level 2 Award In Hybrid Electric Vehicle Operation And Maintenance,Certification,https://lightcast.io/open-skills/skills/ES30B299C4F32794F17F
ESE3D6C4599888B903DA,City & Guilds Level 3 Award In Hybrid Electric Vehicle Repair And Replacement,Certification,https://lightcast.io/open-skills/skills/ESE3D6C4599888B903DA
ES11FBFF0A84C7A10E13,Clamp Truck Certification,Certification,https://lightcast.io/open-skills/skills/ES11FBFF0A84C7A10E13
ES2265964578B45B88B7,Class A/B UST Certification,Certification,https://lightcast.io/open-skills/skills/ES2265964578B45B88B7
KS121Z560C7CZ9LPZ414,Client/Server Concepts Certification,Certification,https://lightcast.io/open-skills/skills/KS121Z560C7CZ9LPZ414
ES4B69E6D82BD35C3AB8,Clinical Documentation Integrity (CDI),Certification,https://lightcast.io/open-skills/skills/ES4B69E6D82BD35C3AB8
KS121ZJ6LM4QYL12VMJ2,Clinical Exercise Specialist Certification,Certification,https://lightcast.io/open-skills/skills/KS121ZJ6LM4QYL12VMJ2
KS121ZK73W1L0YD2CT1Q,Clinical Laboratory Phlebotomist,Certification,https://lightcast.io/open-skills/skills/KS121ZK73W1L0YD2CT1Q
ES823625BB62C93F9CC9,Clinical Laboratory Scientist License (CLS),Certification,https://lightcast.io/open-skills/skills/ES823625BB62C93F9CC9
ESA3D282B7E469EFB1C3,Clinical Nurse Leader (CNL),Certification,https://lightcast.io/open-skills/skills/ESA3D282B7E469EFB1C3
KS121ZQ6V2BPNM2CQQC5,Clinical Nurse Specialist (CNS),Certification,https://lightcast.io/open-skills/skills/KS121ZQ6V2BPNM2CQQC5
ES5EC970322EF2578163,Clinical Nurse Specialist - Core (CNS-BC),Certification,https://lightcast.io/open-skills/skills/ES5EC970322EF2578163
ES976831E8218EE483BB,Clinical Nurse Specialist Perioperative Certification (CNS-CP),Certification,https://lightcast.io/open-skills/skills/ES976831E8218EE483BB
ESC9E964A8FAEFC14498,Clinical Pastoral Education,Certification,https://lightcast.io/open-skills/skills/ESC9E964A8FAEFC14498
ESBB38818A22BD8D16DA,Clinical Psychology License,Certification,https://lightcast.io/open-skills/skills/ESBB38818A22BD8D16DA
KS121GD67VNL4Q5FQW4T,Cloudera Certified Developer For Hadoop (CCDH),Certification,https://lightcast.io/open-skills/skills/KS121GD67VNL4Q5FQW4T
KS1221Z628HW8DZPLM81,Coastal Navigation Certification,Certification,https://lightcast.io/open-skills/skills/KS1221Z628HW8DZPLM81
ES26166C7E86EF480E91,Collegiate Professional License,Certification,https://lightcast.io/open-skills/skills/ES26166C7E86EF480E91
KS6886P5ZSXP34LNMLG5,Combat Lifesaver,Certification,https://lightcast.io/open-skills/skills/KS6886P5ZSXP34LNMLG5
KS120JJ6KVT9PWMKY3RB,Combined Anatomic Pathology And Clinical Pathology Certification,Certification,https://lightcast.io/open-skills/skills/KS120JJ6KVT9PWMKY3RB
KS1224G6J9C018CN38LY,Combustion Analysis Certification,Certification,https://lightcast.io/open-skills/skills/KS1224G6J9C018CN38LY
ESF2B917537A814C0990,Commercial Applicator License,Certification,https://lightcast.io/open-skills/skills/ESF2B917537A814C0990
ESA7601EADC874DBD13D,Commercial Audio Technician (CAT),Certification,https://lightcast.io/open-skills/skills/ESA7601EADC874DBD13D
ESB6381E43E67AE0EF4A,Commercial Diver Certification,Certification,https://lightcast.io/open-skills/skills/ESB6381E43E67AE0EF4A
KS7G2FY662ZPN6H4DZND,Commercial Driver's License (CDL),Certification,https://lightcast.io/open-skills/skills/KS7G2FY662ZPN6H4DZND
ES8072A8192439F73714,Commercial Fishing License,Certification,https://lightcast.io/open-skills/skills/ES8072A8192439F73714
ES78FC12F45EB396D0A8,Commercial Helicopter Pilot License,Certification,https://lightcast.io/open-skills/skills/ES78FC12F45EB396D0A8
ES7031E1BEA7EAB1F4EB,Commercial Insurance License,Certification,https://lightcast.io/open-skills/skills/ES7031E1BEA7EAB1F4EB
KS1224V68VQS0J7GB2KZ,Commercial Pilot License,Certification,https://lightcast.io/open-skills/skills/KS1224V68VQS0J7GB2KZ
ESBAC766201F55C16923,Communication Site Installer (R56),Certification,https://lightcast.io/open-skills/skills/ESBAC766201F55C16923
ESCD9CC2E818AA69E1DA,Community Health Worker Certification,Certification,https://lightcast.io/open-skills/skills/ESCD9CC2E818AA69E1DA
KS1226Y6MD6GBLKF5R5D,CompTIA A+,Certification,https://lightcast.io/open-skills/skills/KS1226Y6MD6GBLKF5R5D
ESD61E23BE764F343233,CompTIA A+ CE,Certification,https://lightcast.io/open-skills/skills/ESD61E23BE764F343233
KS121FH6HTD8S92H2RY1,CompTIA Advanced Security Practitioner (CASP+),Certification,https://lightcast.io/open-skills/skills/KS121FH6HTD8S92H2RY1
ES74BCE6596130CB218C,CompTIA CASP+ CE,Certification,https://lightcast.io/open-skills/skills/ES74BCE6596130CB218C
ESAB2BF7C9E3DC586B6D,CompTIA Certification,Certification,https://lightcast.io/open-skills/skills/ESAB2BF7C9E3DC586B6D
KS121HP69N16877CGDRS,CompTIA Certified Document Imaging Architect (CDIA+),Certification,https://lightcast.io/open-skills/skills/KS121HP69N16877CGDRS
KS121RK6ZGDDRCW39SNL,CompTIA Certified Technical Trainer (CTT+),Certification,https://lightcast.io/open-skills/skills/KS121RK6ZGDDRCW39SNL
ES10A485443FACE57C24,CompTIA Cloud Admin Professional (CCAP),Certification,https://lightcast.io/open-skills/skills/ES10A485443FACE57C24
ESDA78A4772B0FFE9B44,CompTIA Cloud Essentials,Certification,https://lightcast.io/open-skills/skills/ESDA78A4772B0FFE9B44
ES8BCDDCFF12E718EC4F,CompTIA Cloud+,Certification,https://lightcast.io/open-skills/skills/ES8BCDDCFF12E718EC4F
ESB5BC7246F64A9AE6BC,CompTIA Cloud+ CE,Certification,https://lightcast.io/open-skills/skills/ESB5BC7246F64A9AE6BC
ES66D560FD2050F0DC53,CompTIA Convergence Technologies Professional (CTP+),Certification,https://lightcast.io/open-skills/skills/ES66D560FD2050F0DC53
KS1226Z65B7RTCJM4GP2,CompTIA Convergence+,Certification,https://lightcast.io/open-skills/skills/KS1226Z65B7RTCJM4GP2
ES4A65FBC9782588F53B,CompTIA Cybersecurity Analyst (CySA+),Certification,https://lightcast.io/open-skills/skills/ES4A65FBC9782588F53B
ESE703A2967F741E381F,CompTIA Cybersecurity Analyst (CySA+) CE,Certification,https://lightcast.io/open-skills/skills/ESE703A2967F741E381F
ES62E2B8F182CD8A42CE,CompTIA Data+,Certification,https://lightcast.io/open-skills/skills/ES62E2B8F182CD8A42CE
ES5FD578ED98171A3B7C,CompTIA Digital Home Technology Integrator (DHTI+),Certification,https://lightcast.io/open-skills/skills/ES5FD578ED98171A3B7C
ESA1E96082BB36F4FE70,CompTIA Green IT Specialist,Certification,https://lightcast.io/open-skills/skills/ESA1E96082BB36F4FE70
ES7B47698365FE4D501B,CompTIA Healthcare IT Technician,Certification,https://lightcast.io/open-skills/skills/ES7B47698365FE4D501B
KS124TW69QBYJXBY4G06,CompTIA Home Technology Integrator (HTI+),Certification,https://lightcast.io/open-skills/skills/KS124TW69QBYJXBY4G06
ESECEE6E3C48D8A6DA79,CompTIA IT For Sales,Certification,https://lightcast.io/open-skills/skills/ESECEE6E3C48D8A6DA79
ES13766C8C17C30039A6,CompTIA IT Fundamentals (ITF+),Certification,https://lightcast.io/open-skills/skills/ES13766C8C17C30039A6
ES17606F8319FC3393DC,CompTIA IT Operations Specialist (CIOS),Certification,https://lightcast.io/open-skills/skills/ES17606F8319FC3393DC
ES7C47FF12CE25015641,CompTIA Instructor+,Certification,https://lightcast.io/open-skills/skills/ES7C47FF12CE25015641
ESC8672AA78981387189,CompTIA Linux Network Professional (CLNP),Certification,https://lightcast.io/open-skills/skills/ESC8672AA78981387189
KS125W7686YKTCYJF2W8,CompTIA Linux+,Certification,https://lightcast.io/open-skills/skills/KS125W7686YKTCYJF2W8
ESF3EF84C2B717CFD2C1,CompTIA Linux+ Powered By LPI,Certification,https://lightcast.io/open-skills/skills/ESF3EF84C2B717CFD2C1
ES971893C36E7A125965,CompTIA Mobile App Security+,Certification,https://lightcast.io/open-skills/skills/ES971893C36E7A125965
ES8247F4FF397C9EEE3B,CompTIA Mobility+,Certification,https://lightcast.io/open-skills/skills/ES8247F4FF397C9EEE3B
ES7F658143F7732A4370,CompTIA Mobility+ CE,Certification,https://lightcast.io/open-skills/skills/ES7F658143F7732A4370
ES6B434C2CF63B597EC8,CompTIA Network Infrastructure Professional (CNIP),Certification,https://lightcast.io/open-skills/skills/ES6B434C2CF63B597EC8
ES172D091ADDE4099318,CompTIA Network Security Professional (CNSP),Certification,https://lightcast.io/open-skills/skills/ES172D091ADDE4099318
ESA39860CF3ABE935680,CompTIA Network Vulnerability Assessment Professional (CNVP),Certification,https://lightcast.io/open-skills/skills/ESA39860CF3ABE935680
KS122706VP1WFMJD4FSG,CompTIA Network+,Certification,https://lightcast.io/open-skills/skills/KS122706VP1WFMJD4FSG
ESFD8914A260A60315A2,CompTIA Network+ CE,Certification,https://lightcast.io/open-skills/skills/ESFD8914A260A60315A2
ESAB4B32A88D29F237C3,CompTIA PenTest+ CE,Certification,https://lightcast.io/open-skills/skills/ESAB4B32A88D29F237C3
ES91DECC05250BA0EA85,CompTIA Printing and Document Imaging (PDI+),Certification,https://lightcast.io/open-skills/skills/ES91DECC05250BA0EA85
KS1284L6PB4SJZH1DLG1,CompTIA Project+,Certification,https://lightcast.io/open-skills/skills/KS1284L6PB4SJZH1DLG1
KS4402S6RNPD43LD6RPB,CompTIA Radio Frequency Identification (RFID+),Certification,https://lightcast.io/open-skills/skills/KS4402S6RNPD43LD6RPB
ES73611846253E7070DF,CompTIA Secure Cloud Professional (CSCP),Certification,https://lightcast.io/open-skills/skills/ES73611846253E7070DF
ESB3CBADE167329F7A95,CompTIA Secure Infrastructure Specialist (CSIS),Certification,https://lightcast.io/open-skills/skills/ESB3CBADE167329F7A95
ES318AD8E86C547CD0C1,CompTIA Security Analytics Expert (CSAE),Certification,https://lightcast.io/open-skills/skills/ES318AD8E86C547CD0C1
ESABE0AECAF675D129E9,CompTIA Security Analytics Professional (CSAP),Certification,https://lightcast.io/open-skills/skills/ESABE0AECAF675D129E9
ES6AC08B063AB8C223E9,CompTIA Security Infrastructure Expert (CSIE),Certification,https://lightcast.io/open-skills/skills/ES6AC08B063AB8C223E9
KS12271640T4KP1141YP,CompTIA Security+,Certification,https://lightcast.io/open-skills/skills/KS12271640T4KP1141YP
ES1CCE03021A6323BAF7,CompTIA Security+ CE,Certification,https://lightcast.io/open-skills/skills/ES1CCE03021A6323BAF7
KS440H664B13ZMBN8F71,CompTIA Server+,Certification,https://lightcast.io/open-skills/skills/KS440H664B13ZMBN8F71
ESFB4A6F49C3717DA3F0,CompTIA Storage+ Powered By SNIA,Certification,https://lightcast.io/open-skills/skills/ESFB4A6F49C3717DA3F0
ES456BBC59ADB1DDCD54,CompTIA Storage+ Powered By SNIA CE,Certification,https://lightcast.io/open-skills/skills/ES456BBC59ADB1DDCD54
ES8E54FE9D3BED495532,CompTIA Strata - IT Fundamentals,Certification,https://lightcast.io/open-skills/skills/ES8E54FE9D3BED495532
ES8FFC10C2CA8ACD48BD,CompTIA Strata - Network Technology Engineer,Certification,https://lightcast.io/open-skills/skills/ES8FFC10C2CA8ACD48BD
ESD15772F21FEEC64A2C,CompTIA Strata - PC Functionality,Certification,https://lightcast.io/open-skills/skills/ESD15772F21FEEC64A2C
ESDC7C554BDD74B8906D,CompTIA Strata - PC Hardware Technology Engineer,Certification,https://lightcast.io/open-skills/skills/ESDC7C554BDD74B8906D
ES5D2B8EF797F881D321,CompTIA Strata - PC Operating System Engineer,Certification,https://lightcast.io/open-skills/skills/ES5D2B8EF797F881D321
ESA9891601E6230158B5,CompTIA Strata - PC Technology,Certification,https://lightcast.io/open-skills/skills/ESA9891601E6230158B5
ES54CCCB698C55B100E0,CompTIA Systems Support Specialist (CSSS),Certification,https://lightcast.io/open-skills/skills/ES54CCCB698C55B100E0
ES93155CE61109AAD45F,CompTIA e-Biz+,Certification,https://lightcast.io/open-skills/skills/ES93155CE61109AAD45F
ES9702959A868DA8CAAB,CompTIA i-Net+,Certification,https://lightcast.io/open-skills/skills/ES9702959A868DA8CAAB
KS1227J6ZZTWPKN2HR0Q,Computer Electronics Certification,Certification,https://lightcast.io/open-skills/skills/KS1227J6ZZTWPKN2HR0Q
KS121VK6PC585ZG1NTZG,Computer Hacking Forensic Investigator,Certification,https://lightcast.io/open-skills/skills/KS121VK6PC585ZG1NTZG
KS1227V6XMJLHMHDN7F2,Computer Technical Support Certification,Certification,https://lightcast.io/open-skills/skills/KS1227V6XMJLHMHDN7F2
KS7G6LJ6FZVKBGKJSHJP,Concealed Handgun License,Certification,https://lightcast.io/open-skills/skills/KS7G6LJ6FZVKBGKJSHJP
KS7G7W76DG2TS4B0NZZ7,Concealed Pistol License,Certification,https://lightcast.io/open-skills/skills/KS7G7W76DG2TS4B0NZZ7
KS121SG6NY1K82R0GXZN,Concrete Flatwork Finisher And Technician,Certification,https://lightcast.io/open-skills/skills/KS121SG6NY1K82R0GXZN
KS122KS71S5VZ2HV11NN,Concrete Transportation Construction Inspector,Certification,https://lightcast.io/open-skills/skills/KS122KS71S5VZ2HV11NN
ES62C68F63F0C7E354BA,Conductor Certification,Certification,https://lightcast.io/open-skills/skills/ES62C68F63F0C7E354BA
ESE304F7FE97020952D6,Confidential Clearance,Certification,https://lightcast.io/open-skills/skills/ESE304F7FE97020952D6
KS1229T61LHPQCBNH5DH,Construction Documents Technologist,Certification,https://lightcast.io/open-skills/skills/KS1229T61LHPQCBNH5DH
KS121WF78SP5N4YKVJ46,Construction Health And Safety Technician,Certification,https://lightcast.io/open-skills/skills/KS121WF78SP5N4YKVJ46
ES4B220EA21009583570,Construction White Card,Certification,https://lightcast.io/open-skills/skills/ES4B220EA21009583570
KS121W36L01NV3WMFG4H,Consumer Health Information Specialization,Certification,https://lightcast.io/open-skills/skills/KS121W36L01NV3WMFG4H
ES61542D89A955B60751,Contractor License,Certification,https://lightcast.io/open-skills/skills/ES61542D89A955B60751
ESD17DD1296EFCCCF0AF,Control Tower Operator (CTO) Certification,Certification,https://lightcast.io/open-skills/skills/ESD17DD1296EFCCCF0AF
ESE791DD91CA1A8AE24F,Controlled Dangerous Substance (CDS) License,Certification,https://lightcast.io/open-skills/skills/ESE791DD91CA1A8AE24F
ESAF06ECAC74156DB287,Core Domestic Gas Safety (CCN1),Certification,https://lightcast.io/open-skills/skills/ESAF06ECAC74156DB287
ESD886EEB0FB68A7F1D5,Coronal Polishing Certificate,Certification,https://lightcast.io/open-skills/skills/ESD886EEB0FB68A7F1D5
KS121GZ6XHKTTT6D72KS,Corporate Certified Opthalmic Assistant,Certification,https://lightcast.io/open-skills/skills/KS121GZ6XHKTTT6D72KS
ESE60A92218DD22E15F0,Corporate Training Certification,Certification,https://lightcast.io/open-skills/skills/ESE60A92218DD22E15F0
ES29A156FCFF1B119DF7,Correctional Behavioral Health Certification (CBHC),Certification,https://lightcast.io/open-skills/skills/ES29A156FCFF1B119DF7
ESF8D7C3C71651269C77,Cosmetology License,Certification,https://lightcast.io/open-skills/skills/ESF8D7C3C71651269C77
ES4A5E471AEF9905EA76,Council For Accreditation In Occupational Hearing Conservation (CAOHC) Certification,Certification,https://lightcast.io/open-skills/skills/ES4A5E471AEF9905EA76
KSMN7E3XK7QNVBBGSU8M,Counter Intelligence Polygraph (CI Clearance),Certification,https://lightcast.io/open-skills/skills/KSMN7E3XK7QNVBBGSU8M
ESE4F6D91D66C45C63F9,Court Interpreter Certification,Certification,https://lightcast.io/open-skills/skills/ESE4F6D91D66C45C63F9
KS122K46889FHQ7ZG6L0,Court Substance Abuse Management Specialist,Certification,https://lightcast.io/open-skills/skills/KS122K46889FHQ7ZG6L0
ES730A04A1703A613843,Credit Business Associate (CBA),Certification,https://lightcast.io/open-skills/skills/ES730A04A1703A613843
ES88B6210042156B2395,Credit Business Fellow (CBF),Certification,https://lightcast.io/open-skills/skills/ES88B6210042156B2395
ESFA4C59305A5B8143F9,Credit Risk Certification (CRC),Certification,https://lightcast.io/open-skills/skills/ESFA4C59305A5B8143F9
ES2CD6E83E1B57C97666,Crestron Certified Programmer,Certification,https://lightcast.io/open-skills/skills/ES2CD6E83E1B57C97666
ES3DDB425FA34BC12E22,Crisis Intervention Certification,Certification,https://lightcast.io/open-skills/skills/ES3DDB425FA34BC12E22
ESCFEB62FF1CA39D9CF3,Crisis Prevention Institute (CPI) Certification,Certification,https://lightcast.io/open-skills/skills/ESCFEB62FF1CA39D9CF3
KS121GZ6G363JZRLR9WW,Critical Care Nurse Specialist (CCNS),Certification,https://lightcast.io/open-skills/skills/KS121GZ6G363JZRLR9WW
KS121H36DKHP2N5N3HC2,Critical Care Registered Nurse (CCRN),Certification,https://lightcast.io/open-skills/skills/KS121H36DKHP2N5N3HC2
ESCFB94D68685A3D9926,Critical Care Registered Nurse - Acute/Critical Care Knowledge Professional (CCRN-K),Certification,https://lightcast.io/open-skills/skills/ESCFB94D68685A3D9926
ES312C6E592C879F1B8F,Critical Care Registered Nurse - Cardiac Medicine (CCRN-CMC),Certification,https://lightcast.io/open-skills/skills/ES312C6E592C879F1B8F
ESD4B6AE4B1873722AA3,Critical Care Registered Nurse - Cardiac Surgery (CCRN-CSC),Certification,https://lightcast.io/open-skills/skills/ESD4B6AE4B1873722AA3
ESA594A96BBCA57426B2,Critical Care Registered Nurse - TeleICU Acute/Critical Care (CCRN-E),Certification,https://lightcast.io/open-skills/skills/ESA594A96BBCA57426B2
ESA7E58EBD668DAA5E43,Customer Service & Sales Certified Specialist,Certification,https://lightcast.io/open-skills/skills/ESA7E58EBD668DAA5E43
ES632E56DCF4C4CB49E7,Customer Service Certification,Certification,https://lightcast.io/open-skills/skills/ES632E56DCF4C4CB49E7
KS122K6764Q78891G7S9,Cybersecurity Forensic Analyst,Certification,https://lightcast.io/open-skills/skills/KS122K6764Q78891G7S9
ES82B17936F16E83B09C,Cybersecurity Maturity Model Certification (CMMC),Certification,https://lightcast.io/open-skills/skills/ES82B17936F16E83B09C
ES2CB8A8C2C094EE7BBF,Cytologist (CT-ASCP),Certification,https://lightcast.io/open-skills/skills/ES2CB8A8C2C094EE7BBF
ES4B477E7457252F352C,DAWIA Level 1,Certification,https://lightcast.io/open-skills/skills/ES4B477E7457252F352C
ESEFB69844DDD66E1F1D,DAWIA Level 2,Certification,https://lightcast.io/open-skills/skills/ESEFB69844DDD66E1F1D
ESC655659E9DD56E386D,DAWIA Level 3,Certification,https://lightcast.io/open-skills/skills/ESC655659E9DD56E386D
KS121HW5Y417N6KDCSLW,DME Specialist Certification,Certification,https://lightcast.io/open-skills/skills/KS121HW5Y417N6KDCSLW
ES79D7274626AE5F18F1,DO-178B/C (Software Considerations in Airborne Systems and Equipment Certification),Certification,https://lightcast.io/open-skills/skills/ES79D7274626AE5F18F1
ESEFC577DF7AA1AFE8AF,DOT Certification,Certification,https://lightcast.io/open-skills/skills/ESEFC577DF7AA1AFE8AF
ES92C69B1D137D8DFA6E,DOT Certified Medical Examiner,Certification,https://lightcast.io/open-skills/skills/ES92C69B1D137D8DFA6E
KS122QF5X6J2GK1NMSMJ,Data Warehousing Concepts Certification,Certification,https://lightcast.io/open-skills/skills/KS122QF5X6J2GK1NMSMJ
ES48317F01E533A056BE,Decision And Risk Management Professional (DRMP),Certification,https://lightcast.io/open-skills/skills/ES48317F01E533A056BE
ESF091EA4D50274A1C40,Delegated Examining Certification,Certification,https://lightcast.io/open-skills/skills/ESF091EA4D50274A1C40
KS122RV69B3DTJ6MBCG3,Dell Certified Storage Networking Professional,Certification,https://lightcast.io/open-skills/skills/KS122RV69B3DTJ6MBCG3
KS122RV61D863NRRPY49,Dell Certified Systems Expert,Certification,https://lightcast.io/open-skills/skills/KS122RV61D863NRRPY49
ESA17A49DF332E1BA553,Dental Hygiene License,Certification,https://lightcast.io/open-skills/skills/ESA17A49DF332E1BA553
KS122RQ6VKFXHJS00JXS,Dermatology Certified Nurse Practitioner (DCNP),Certification,https://lightcast.io/open-skills/skills/KS122RQ6VKFXHJS00JXS
KS123346JT8LNDSK4Y3J,Dermatology Nurse Certified (DNC),Certification,https://lightcast.io/open-skills/skills/KS123346JT8LNDSK4Y3J
ES7751364F3C51A84CC8,Dietetic Technician Registered (DTR/NDTR),Certification,https://lightcast.io/open-skills/skills/ES7751364F3C51A84CC8
KS122YK73Z36234SQ63F,Digital Imaging Technician,Certification,https://lightcast.io/open-skills/skills/KS122YK73Z36234SQ63F
ES2029B907149A614C74,Digital Marketing Certification,Certification,https://lightcast.io/open-skills/skills/ES2029B907149A614C74
KS122X36HZW07W2W9Y49,Diploma In Hardware And Networking Technologies (DHNT),Certification,https://lightcast.io/open-skills/skills/KS122X36HZW07W2W9Y49
KS1274Y6QKJH6K9N98Q1,Diploma In Nursing,Certification,https://lightcast.io/open-skills/skills/KS1274Y6QKJH6K9N98Q1
KS122N277LRZW5HXRKDD,Diplomate American College Of Laboratory Animal Medicine,Certification,https://lightcast.io/open-skills/skills/KS122N277LRZW5HXRKDD
KS122RV6CRYSSLBVHYB9,Diplomate In Clinical Social Work,Certification,https://lightcast.io/open-skills/skills/KS122RV6CRYSSLBVHYB9
KS122RL69PDW94V0GK4M,Diplomate In Cognitive-Behavioral Therapy,Certification,https://lightcast.io/open-skills/skills/KS122RL69PDW94V0GK4M
ES2306F822E43D592FBE,Diplomate In Laboratory Management (DLM-ASCP),Certification,https://lightcast.io/open-skills/skills/ES2306F822E43D592FBE
ES835D7AD6C8286E98A3,Direct Endorsement Designation,Certification,https://lightcast.io/open-skills/skills/ES835D7AD6C8286E98A3
ESE2798E96520AFE557F,Direct Support Professional (DSP) Certification,Certification,https://lightcast.io/open-skills/skills/ESE2798E96520AFE557F
ESD25EB82013E8DBB3F2,Direct Support Professional I (DSP I),Certification,https://lightcast.io/open-skills/skills/ESD25EB82013E8DBB3F2
ES9EB13EE31E199058AA,Direct Support Professional II (DSP II),Certification,https://lightcast.io/open-skills/skills/ES9EB13EE31E199058AA
ES2BFC6C8D688819FAE9,Direct Support Professional III (DSP III),Certification,https://lightcast.io/open-skills/skills/ES2BFC6C8D688819FAE9
KS1235C76R32T5TBMV5T,Disaster Recovery Certified Specialist (DRCS),Certification,https://lightcast.io/open-skills/skills/KS1235C76R32T5TBMV5T
KS1231Q64RBX2SYBZN95,Distance Education Certification,Certification,https://lightcast.io/open-skills/skills/KS1231Q64RBX2SYBZN95
KS122WY5VSGKJJ80KSL9,Distributed Generation Certified Professional,Certification,https://lightcast.io/open-skills/skills/KS122WY5VSGKJJ80KSL9
ESD3DF7DC0189CBC5BC9,Diver Certification,Certification,https://lightcast.io/open-skills/skills/ESD3DF7DC0189CBC5BC9
ES1155C076BFCF361B76,Diversity Equity And Inclusion Certification,Certification,https://lightcast.io/open-skills/skills/ES1155C076BFCF361B76
ESB15786D0DA01362469,DoD Information Assurance (IA) Certification,Certification,https://lightcast.io/open-skills/skills/ESB15786D0DA01362469
ES13F9D52A14D3E8EECA,DoD Information Assurance Certification And Accreditation Process (DIACAP),Certification,https://lightcast.io/open-skills/skills/ES13F9D52A14D3E8EECA
ESE21752BA4D5476587A,Doctor Of Physical Therapy,Certification,https://lightcast.io/open-skills/skills/ESE21752BA4D5476587A
ESBAB1F2FDB73B75AA50,Doctor Of Public Health,Certification,https://lightcast.io/open-skills/skills/ESBAB1F2FDB73B75AA50
ESA433131A26A6D32475,Doctor of Nursing Practice (DNP),Certification,https://lightcast.io/open-skills/skills/ESA433131A26A6D32475
ES5A2A99AEF658D60F41,Donor Phlebotomy Technician (DPT-ASCP),Certification,https://lightcast.io/open-skills/skills/ES5A2A99AEF658D60F41
ES3F999146C1E5E16E33,Doubles Endorsement,Certification,https://lightcast.io/open-skills/skills/ES3F999146C1E5E16E33
KS1234N6XNMM535F7CL7,Doula Certification,Certification,https://lightcast.io/open-skills/skills/KS1234N6XNMM535F7CL7
KS1235J6P1F8SYDRY3FN,Dreamweaver Mx Certification,Certification,https://lightcast.io/open-skills/skills/KS1235J6P1F8SYDRY3FN
ESEE8C22D4145F236478,Drone Pilot Certificate,Certification,https://lightcast.io/open-skills/skills/ESEE8C22D4145F236478
ESB8BEDD4F7507FD9E54,Drug Enforcement Agency (DEA) License,Certification,https://lightcast.io/open-skills/skills/ESB8BEDD4F7507FD9E54
KS123626CXDM2PCN7XYP,Drug Recognition Expert,Certification,https://lightcast.io/open-skills/skills/KS123626CXDM2PCN7XYP
KS123BG6VMZ8TMVFQFMM,EC Council Certified Secure Programmer,Certification,https://lightcast.io/open-skills/skills/KS123BG6VMZ8TMVFQFMM
KS123BC6ZGSQZ6QGX23G,EC Council Certified Security Analyst,Certification,https://lightcast.io/open-skills/skills/KS123BC6ZGSQZ6QGX23G
KS123GY64LHLB0PSMQT1,EMC Implementation Engineer Certification,Certification,https://lightcast.io/open-skills/skills/KS123GY64LHLB0PSMQT1
KS123GV6XDRFHBC7QD0Y,EMC Proven Professional Certification,Certification,https://lightcast.io/open-skills/skills/KS123GV6XDRFHBC7QD0Y
KS123H065FMFXNQ8ZT5Y,EMC Storage Administrator Certification,Certification,https://lightcast.io/open-skills/skills/KS123H065FMFXNQ8ZT5Y
KS123H06NSVR03VYDSG0,EMC Storage Technologist Certification,Certification,https://lightcast.io/open-skills/skills/KS123H06NSVR03VYDSG0
KS123H177ZYZ5Y7SCHPF,EMC Technology Architect Certification,Certification,https://lightcast.io/open-skills/skills/KS123H177ZYZ5Y7SCHPF
KS123LN765V5BKNQ71TZ,EPA 608 Technician Certification,Certification,https://lightcast.io/open-skills/skills/KS123LN765V5BKNQ71TZ
ESB4EE64E1D671A3D9AB,EPA Section 608 Technician Certification,Certification,https://lightcast.io/open-skills/skills/ESB4EE64E1D671A3D9AB
ESD0054B7F613A3C492E,EPA Type I Certification,Certification,https://lightcast.io/open-skills/skills/ESD0054B7F613A3C492E
ESA77A12278EE8E5D263,EPA Type II Certification,Certification,https://lightcast.io/open-skills/skills/ESA77A12278EE8E5D263
ES4EC247455986A87538,EPA Universal Certification,Certification,https://lightcast.io/open-skills/skills/ES4EC247455986A87538
ES8545504918D182A36A,Early Childhood Ancillary Certificate,Certification,https://lightcast.io/open-skills/skills/ES8545504918D182A36A
KS7G1Z56M6LFWWTQNN7J,Early Educator Certification,Certification,https://lightcast.io/open-skills/skills/KS7G1Z56M6LFWWTQNN7J
ES4F22258E21EAD9B940,Earned Value Professional (EVP),Certification,https://lightcast.io/open-skills/skills/ES4F22258E21EAD9B940
KS1239Z75W7009NB022W,Economic Development Finance Professional,Certification,https://lightcast.io/open-skills/skills/KS1239Z75W7009NB022W
ES2DC448445D000BAF6B,Eight Disciplines (8D) Certification,Certification,https://lightcast.io/open-skills/skills/ES2DC448445D000BAF6B
ES79301D851A8CC9E42F,Electric Vehicle Infrastructure Training Program (EVITP),Certification,https://lightcast.io/open-skills/skills/ES79301D851A8CC9E42F
KS123DJ73RN8QW04HXW4,Electrical Maintenance Technician Certificates,Certification,https://lightcast.io/open-skills/skills/KS123DJ73RN8QW04HXW4
KS123F875P8KHTXQ6HMR,Electronic Document Professional,Certification,https://lightcast.io/open-skills/skills/KS123F875P8KHTXQ6HMR
ES1EC8EB73511DB15295,Electrostatic Discharge Control (ESD) Certification,Certification,https://lightcast.io/open-skills/skills/ES1EC8EB73511DB15295
KS123B9764Y0NGMTHXNF,Elite Certified Recruitment Expert (ECRE),Certification,https://lightcast.io/open-skills/skills/KS123B9764Y0NGMTHXNF
ES98EEAB205B2CCC256B,Elite Cruise Counselor,Certification,https://lightcast.io/open-skills/skills/ES98EEAB205B2CCC256B
ES8CDFF0FF2CAE673079,Eloqua Certification,Certification,https://lightcast.io/open-skills/skills/ES8CDFF0FF2CAE673079
ES190C28B55E82B07CDE,Embalming License,Certification,https://lightcast.io/open-skills/skills/ES190C28B55E82B07CDE
ESB1C287502F2D2C514D,Emergency Medical Dispatcher (EMD) Certification,Certification,https://lightcast.io/open-skills/skills/ESB1C287502F2D2C514D
KS123H66CYLHJNM4G6XY,Emergency Medical Responder (EMR),Certification,https://lightcast.io/open-skills/skills/KS123H66CYLHJNM4G6XY
ESF85978FDCECD6E12DD,Emergency Medical Services (EMS) Certification,Certification,https://lightcast.io/open-skills/skills/ESF85978FDCECD6E12DD
ES18D2064E9ED3EF98C5,Emergency Medical Technician (EMT),Certification,https://lightcast.io/open-skills/skills/ES18D2064E9ED3EF98C5
ES729F3529B12FDA694D,Emergency Medical Technician - Basic (EMT-B),Certification,https://lightcast.io/open-skills/skills/ES729F3529B12FDA694D
ESDFD75DE88A21671B6F,Emergency Medical Technician - Instructor Coordinator (EMT-IC),Certification,https://lightcast.io/open-skills/skills/ESDFD75DE88A21671B6F
ES999F11E6B116F95FC9,Emergency Medical Technician - Intermediate (EMT-I),Certification,https://lightcast.io/open-skills/skills/ES999F11E6B116F95FC9
KS123H76NJHZ704YVK2J,Emergency Number Professional,Certification,https://lightcast.io/open-skills/skills/KS123H76NJHZ704YVK2J
ESB5DB0E302670C04061,Emergency Nurse Pediatric Course (ENPC),Certification,https://lightcast.io/open-skills/skills/ESB5DB0E302670C04061
ES22F8855FD1B7708A59,Emergency Nurse Practitioner (ENP-BC),Certification,https://lightcast.io/open-skills/skills/ES22F8855FD1B7708A59
ES140161B1A63061203D,Emergency Nurse Practitioner - Certified (ENP-C),Certification,https://lightcast.io/open-skills/skills/ES140161B1A63061203D
KS7G0V56KDYS7NRGJFZK,Emergency Nurses Association,Certification,https://lightcast.io/open-skills/skills/KS7G0V56KDYS7NRGJFZK
ESB1209A33E189B3B27D,Emergency Vehicle Operator Course (EVOC),Certification,https://lightcast.io/open-skills/skills/ESB1209A33E189B3B27D
ES49DBC308A4E49764F3,EnCase Certified Examiner,Certification,https://lightcast.io/open-skills/skills/ES49DBC308A4E49764F3
KS1239S5X0PLV3KXC7JD,Endocrine Certification In Neck Ultrasound,Certification,https://lightcast.io/open-skills/skills/KS1239S5X0PLV3KXC7JD
ESDDECEF9E95F772C22F,Engineer in Training,Certification,https://lightcast.io/open-skills/skills/ESDDECEF9E95F772C22F
ES3DFF8E202C70D58252,English Endorsement,Certification,https://lightcast.io/open-skills/skills/ES3DFF8E202C70D58252
ES42B4EDFDA0DA46693F,English Language Arts (ELA) Certification,Certification,https://lightcast.io/open-skills/skills/ES42B4EDFDA0DA46693F
ES551DDAB1AD57478012,English Learner Authorization,Certification,https://lightcast.io/open-skills/skills/ES551DDAB1AD57478012
ESEFE9F00E46D5117923,Enrolled Actuary (EA),Certification,https://lightcast.io/open-skills/skills/ESEFE9F00E46D5117923
ES14E5A846EA561E398D,Enrolled Agent (EA),Certification,https://lightcast.io/open-skills/skills/ES14E5A846EA561E398D
KS7G6RB795N9NR2443S1,Enterprise Desktop Administrator (Microsoft Certified IT Professional),Certification,https://lightcast.io/open-skills/skills/KS7G6RB795N9NR2443S1
ESAFB3C5F8AF498FEE95,Entertainment Technician Certification Program (ETCP),Certification,https://lightcast.io/open-skills/skills/ESAFB3C5F8AF498FEE95
KS123L06WBC3XG3WW7V4,Environmental Certification,Certification,https://lightcast.io/open-skills/skills/KS123L06WBC3XG3WW7V4
KS123L16TQ1D7L2FLFXN,Environmental Compliance Certification,Certification,https://lightcast.io/open-skills/skills/KS123L16TQ1D7L2FLFXN
ESA7612C795610D9D4B0,Epic EMR Certification,Certification,https://lightcast.io/open-skills/skills/ESA7612C795610D9D4B0
KS123CC71ST8J9D1WMXF,Equine Facility Manager Certification,Certification,https://lightcast.io/open-skills/skills/KS123CC71ST8J9D1WMXF
ESB0589DA8B725097065,Esthetician License,Certification,https://lightcast.io/open-skills/skills/ESB0589DA8B725097065
ESF3A5871886FB8F65EA,Event Management Certification,Certification,https://lightcast.io/open-skills/skills/ESF3A5871886FB8F65EA
ES84498FF691EC3C49EA,Executive Assistant Certification,Certification,https://lightcast.io/open-skills/skills/ES84498FF691EC3C49EA
ESA682891AA67BF20A41,Executive Secretary Certification,Certification,https://lightcast.io/open-skills/skills/ESA682891AA67BF20A41
ES1F6C42E19AB0CDEB4B,Expanded Functions Dental Assistant,Certification,https://lightcast.io/open-skills/skills/ES1F6C42E19AB0CDEB4B
KS123CD60T5BN2RRLFPK,Expert Field Medical Badge,Certification,https://lightcast.io/open-skills/skills/KS123CD60T5BN2RRLFPK
ES6846363AB3C4388778,F5 Certification,Certification,https://lightcast.io/open-skills/skills/ES6846363AB3C4388778
ES7A9A0934A51F922646,F5 Certified Administrator,Certification,https://lightcast.io/open-skills/skills/ES7A9A0934A51F922646
ESDD32F870B8E5C6EA97,F5 Certified Solution Expert,Certification,https://lightcast.io/open-skills/skills/ESDD32F870B8E5C6EA97
ES99F72C65DAB1C72359,F5 Certified Technical Professional,Certification,https://lightcast.io/open-skills/skills/ES99F72C65DAB1C72359
ES28C2A52D3C315FC2F6,F5 Certified Technical Specialist,Certification,https://lightcast.io/open-skills/skills/ES28C2A52D3C315FC2F6
ES96BE7877860664A02A,FAA Aircraft Dispatcher Certification,Certification,https://lightcast.io/open-skills/skills/ES96BE7877860664A02A
ES645DF2C4DB324CFCE8,FAA Certified Aviation Maintenance Technician,Certification,https://lightcast.io/open-skills/skills/ES645DF2C4DB324CFCE8
ESE06F5D688CA5054662,FAA First Class Medical Certificate,Certification,https://lightcast.io/open-skills/skills/ESE06F5D688CA5054662
KS125125W155JYT477H9,FAA Instrument Rating,Certification,https://lightcast.io/open-skills/skills/KS125125W155JYT477H9
ES2CBDA770846582590C,FAA Multi-Engine Rating,Certification,https://lightcast.io/open-skills/skills/ES2CBDA770846582590C
ESAEC54C48AB24A557B4,FAA Second Class Medical Certificate,Certification,https://lightcast.io/open-skills/skills/ESAEC54C48AB24A557B4
ESE3E5C38EA965C60521,FCC Commercial Radio Operators License,Certification,https://lightcast.io/open-skills/skills/ESE3E5C38EA965C60521
ESAEEFBED26A210972D3,FCC First Class Radiotelegraph Operator's Certificate,Certification,https://lightcast.io/open-skills/skills/ESAEEFBED26A210972D3
ESF3EF641AE7896EFF3A,FCC First Class Radiotelephone Operator License,Certification,https://lightcast.io/open-skills/skills/ESF3EF641AE7896EFF3A
ES65E89EAC6D0DABF046,FCC GMDSS Radio Maintainer's License,Certification,https://lightcast.io/open-skills/skills/ES65E89EAC6D0DABF046
ESB2B8D966861A7A291D,FCC GMDSS Radio Operator's License,Certification,https://lightcast.io/open-skills/skills/ESB2B8D966861A7A291D
ES54C079DF2A1B4220C1,FCC General Radiotelephone Operator License (GROL),Certification,https://lightcast.io/open-skills/skills/ES54C079DF2A1B4220C1
ESDA666370296115FEDF,FCC Marine Radio Operator Permit (MROP),Certification,https://lightcast.io/open-skills/skills/ESDA666370296115FEDF
ES9DC58E90C20E744C13,FCC Radiotelegraph Operator License,Certification,https://lightcast.io/open-skills/skills/ES9DC58E90C20E744C13
KS4401W6X7L19KWMS3GD,FCC Restricted Radiotelephone Operator Permit,Certification,https://lightcast.io/open-skills/skills/KS4401W6X7L19KWMS3GD
ESEDFD6090502A7C9A7B,FCC Second Class Radiotelegraph Operator's Certificate,Certification,https://lightcast.io/open-skills/skills/ESEDFD6090502A7C9A7B
ES3CA776B44B52B6A245,FCC Second Class Radiotelephone Operator License,Certification,https://lightcast.io/open-skills/skills/ES3CA776B44B52B6A245
ES235191E7D2D42A9B8B,FCC Third Class Radiotelegraph Operator's Certificate,Certification,https://lightcast.io/open-skills/skills/ES235191E7D2D42A9B8B
ESB72333F26CEBA5CC7F,FCC Third Class Radiotelephone Operator License,Certification,https://lightcast.io/open-skills/skills/ESB72333F26CEBA5CC7F
ES635AC39AE28DBC13ED,FINRA Series 14 (Compliance Official),Certification,https://lightcast.io/open-skills/skills/ES635AC39AE28DBC13ED
ESAEE6BED988F26E6E6A,FINRA Series 16 (Supervisory Analysts),Certification,https://lightcast.io/open-skills/skills/ESAEE6BED988F26E6E6A
KSWP0WJ6X6CZG4YSK8Z5,FINRA Series 22 (Direct Participation Programs Limited Representative),Certification,https://lightcast.io/open-skills/skills/KSWP0WJ6X6CZG4YSK8Z5
ES2A70364972B730F7A3,FINRA Series 23 (General Securities Principal - Sales Supervisor Module),Certification,https://lightcast.io/open-skills/skills/ES2A70364972B730F7A3
KSWP1FV6DTP6JL74H3X2,FINRA Series 24 (General Securities Principal),Certification,https://lightcast.io/open-skills/skills/KSWP1FV6DTP6JL74H3X2
KSWP5SL637ZHQY3FLV9S,FINRA Series 26 (Investment Company And Variable Contracts Products Principal),Certification,https://lightcast.io/open-skills/skills/KSWP5SL637ZHQY3FLV9S
KSWP4357235G7YZSHY7R,FINRA Series 27 (Financial And Operations Principal),Certification,https://lightcast.io/open-skills/skills/KSWP4357235G7YZSHY7R
ES7F02C0ED4E9234FB4F,FINRA Series 28 (Introducing Broker/Dealer Financial And Operations Principal),Certification,https://lightcast.io/open-skills/skills/ES7F02C0ED4E9234FB4F
KSWP4QW6KRS7SWF5JVNV,FINRA Series 3 (National Commodities Futures),Certification,https://lightcast.io/open-skills/skills/KSWP4QW6KRS7SWF5JVNV
ESE06231CD88647DD299,FINRA Series 30 (NFA Branch Manager),Certification,https://lightcast.io/open-skills/skills/ESE06231CD88647DD299
KSWP5PX75Q43Y5M7YX08,FINRA Series 31 (Futures Managed Funds),Certification,https://lightcast.io/open-skills/skills/KSWP5PX75Q43Y5M7YX08
ES245AF88FAE05D9E9EB,FINRA Series 34 (Retail Off-Exchange Forex),Certification,https://lightcast.io/open-skills/skills/ES245AF88FAE05D9E9EB
ES7F6764873479E164D2,FINRA Series 39 (Direct Participation Programs Limited Principal),Certification,https://lightcast.io/open-skills/skills/ES7F6764873479E164D2
KSWP88K6NCFBWXFZJ3NY,FINRA Series 4 (Registered Options Principal),Certification,https://lightcast.io/open-skills/skills/KSWP88K6NCFBWXFZJ3NY
ES87234C77F35BE9C781,FINRA Series 50 (Municipal Advisor Representative),Certification,https://lightcast.io/open-skills/skills/ES87234C77F35BE9C781
ESBCC93D79A483954AEE,FINRA Series 51 (Municipal Fund Securities Limited Principal),Certification,https://lightcast.io/open-skills/skills/ESBCC93D79A483954AEE
KSWP1JH6QQ0GY8FSCK8Q,FINRA Series 52 (Municipal Securities Representative),Certification,https://lightcast.io/open-skills/skills/KSWP1JH6QQ0GY8FSCK8Q
KSWP6256N1NVBJYLYY4P,FINRA Series 53 (Municipal Securities Principal),Certification,https://lightcast.io/open-skills/skills/KSWP6256N1NVBJYLYY4P
ESE0431DE8EDB5DC5530,FINRA Series 54 (Municipal Advisor Principal),Certification,https://lightcast.io/open-skills/skills/ESE0431DE8EDB5DC5530
KSWP1586HNRC0WF5WN1T,FINRA Series 55 (Equity Trader),Certification,https://lightcast.io/open-skills/skills/KSWP1586HNRC0WF5WN1T
KSWP5CD6WKNT0JM2D3PL,FINRA Series 56 (Proprietary Trader),Certification,https://lightcast.io/open-skills/skills/KSWP5CD6WKNT0JM2D3PL
ES87A45F64FD65A13EAE,FINRA Series 57 (Securities Trader Representative),Certification,https://lightcast.io/open-skills/skills/ES87A45F64FD65A13EAE
KSWP5F96T57BCTLCXJVC,FINRA Series 6 (Investment Company And Variable Contracts),Certification,https://lightcast.io/open-skills/skills/KSWP5F96T57BCTLCXJVC
ES939084E95104FDE192,FINRA Series 62 (Corporate Securities Representative),Certification,https://lightcast.io/open-skills/skills/ES939084E95104FDE192
KSWP303677ZYB0RZ3MMV,FINRA Series 63 (Uniform Securities Agent State Law),Certification,https://lightcast.io/open-skills/skills/KSWP303677ZYB0RZ3MMV
KSWP40874XN90CNXVP5V,FINRA Series 65 (Uniform Investment Adviser Law),Certification,https://lightcast.io/open-skills/skills/KSWP40874XN90CNXVP5V
KSWP2CR78VR0P5BXTQSB,FINRA Series 66 (Uniform Combined State Law),Certification,https://lightcast.io/open-skills/skills/KSWP2CR78VR0P5BXTQSB
KSWP3706600KGQ88NFGB,FINRA Series 7 (General Securities Representative),Certification,https://lightcast.io/open-skills/skills/KSWP3706600KGQ88NFGB
KSWP7HF6RSB1M2RMXGVF,FINRA Series 79 (Investment Banking Representative),Certification,https://lightcast.io/open-skills/skills/KSWP7HF6RSB1M2RMXGVF
ES6056F8A3F911C3E2C4,FINRA Series 82 (Private Securities Offerings Representative),Certification,https://lightcast.io/open-skills/skills/ES6056F8A3F911C3E2C4
KSWP7PX66N3C7QFVB9BT,FINRA Series 86/87 (Research Analyst),Certification,https://lightcast.io/open-skills/skills/KSWP7PX66N3C7QFVB9BT
KSWP72M5ZMKBQGN5XDRJ,FINRA Series 9/10 (General Securities Sales Supervisor),Certification,https://lightcast.io/open-skills/skills/KSWP72M5ZMKBQGN5XDRJ
KSWP6MH6GDC3PQKBW45W,FINRA Series 99 (Operations Professional),Certification,https://lightcast.io/open-skills/skills/KSWP6MH6GDC3PQKBW45W
ESDA1BA72F87CB6B461A,Facebook Blueprint Certification,Certification,https://lightcast.io/open-skills/skills/ESDA1BA72F87CB6B461A
ES1602655A1D374F691C,Facilitator Certification,Certification,https://lightcast.io/open-skills/skills/ES1602655A1D374F691C
KS123SZ5YFW5KZKGW3BD,Facilities Maintenance Technician Certificate,Certification,https://lightcast.io/open-skills/skills/KS123SZ5YFW5KZKGW3BD
ESD90491E6805DB2C4BF,Facilities Management Administrator (FMA),Certification,https://lightcast.io/open-skills/skills/ESD90491E6805DB2C4BF
KS124156ZMTCR0XTD2V3,Facility Management Professional (FMP),Certification,https://lightcast.io/open-skills/skills/KS124156ZMTCR0XTD2V3
ES5F6A4687EF9CE34A9B,Fair Credit Reporting Act (FCRA) Certification,Certification,https://lightcast.io/open-skills/skills/ES5F6A4687EF9CE34A9B
ESB4473F9D445DB3ACF8,Fair Debt Collection Practices Act (FDCPA) Certification,Certification,https://lightcast.io/open-skills/skills/ESB4473F9D445DB3ACF8
ES18D050EB6B6ACCE274,Faith Community Nursing Certification,Certification,https://lightcast.io/open-skills/skills/ES18D050EB6B6ACCE274
KS123TH757QBPT3KGKQ1,Family Nurse Practitioner (FNP),Certification,https://lightcast.io/open-skills/skills/KS123TH757QBPT3KGKQ1
ESFB50EAA632936BB081,Federal Aviation Administration (FAA) Certification,Certification,https://lightcast.io/open-skills/skills/ESFB50EAA632936BB081
KS123WL6F0JTBVDH45SV,Fellow Of Financial Services Institute,Certification,https://lightcast.io/open-skills/skills/KS123WL6F0JTBVDH45SV
KS1240D6M61TRWVGB5PN,Fellow Of Life Management Institute,Certification,https://lightcast.io/open-skills/skills/KS1240D6M61TRWVGB5PN
ESF01472F6DAF4407564,Fellow Of The American College Of Healthcare Executives (FACHE),Certification,https://lightcast.io/open-skills/skills/ESF01472F6DAF4407564
KS123VD6QMQ413HVGGFP,Fellow Of The Casualty Actuarial Society (FCAS),Certification,https://lightcast.io/open-skills/skills/KS123VD6QMQ413HVGGFP
KS123WL76P11YMN7QGM7,Fellow Of The Healthcare Financial Management Association,Certification,https://lightcast.io/open-skills/skills/KS123WL76P11YMN7QGM7
ESBE598E4A3E4E68398A,Fellow Of The Society of Actuaries,Certification,https://lightcast.io/open-skills/skills/ESBE598E4A3E4E68398A
KS123WS784PTDH5JB3CK,Fiber Optics Certification,Certification,https://lightcast.io/open-skills/skills/KS123WS784PTDH5JB3CK
KS123WT6SWB7QMY6MSVJ,Fiber Optics Installer Certification,Certification,https://lightcast.io/open-skills/skills/KS123WT6SWB7QMY6MSVJ
KS123WT6ZS5L8TDS588K,Fiber Optics Technician Certification,Certification,https://lightcast.io/open-skills/skills/KS123WT6ZS5L8TDS588K
KS123VM784M65JZ036FV,Field Certified Security Specialist,Certification,https://lightcast.io/open-skills/skills/KS123VM784M65JZ036FV
KS123VM6JCHXPCHK7CG8,Field Certified Systems Administration,Certification,https://lightcast.io/open-skills/skills/KS123VM6JCHXPCHK7CG8
KS123VM73XGMG2W8D6G0,Field Certified Systems Engineer,Certification,https://lightcast.io/open-skills/skills/KS123VM73XGMG2W8D6G0
ESA97611AAA5A6746171,Field Service Management Certification,Certification,https://lightcast.io/open-skills/skills/ESA97611AAA5A6746171
ESED2CE28A775A484F30,Finance Certification,Certification,https://lightcast.io/open-skills/skills/ESED2CE28A775A484F30
KS123Y66B6ST57BB70QP,Financial Accounting Certification,Certification,https://lightcast.io/open-skills/skills/KS123Y66B6ST57BB70QP
KS123TR71TTMPVJ1SY7H,Financial Accounting Standards Board (FASB) Certified,Certification,https://lightcast.io/open-skills/skills/KS123TR71TTMPVJ1SY7H
ES85F78904CBFF85D51E,Financial Information Associate (FIA),Certification,https://lightcast.io/open-skills/skills/ES85F78904CBFF85D51E
KS123YM5YXFS0NV7TS3D,Financial Services Specialist,Certification,https://lightcast.io/open-skills/skills/KS123YM5YXFS0NV7TS3D
ES9886E71ECD73DCC0FC,Fire Apparatus Driver/Operator - Aerial,Certification,https://lightcast.io/open-skills/skills/ES9886E71ECD73DCC0FC
ES6FBDEB55E1A78EC3A9,Fire Apparatus Driver/Operator - Aircraft Rescue And Firefighting (ARFF),Certification,https://lightcast.io/open-skills/skills/ES6FBDEB55E1A78EC3A9
ES1581C45D5CF2A16268,Fire Apparatus Driver/Operator - Mobile Water Supply,Certification,https://lightcast.io/open-skills/skills/ES1581C45D5CF2A16268
ESD767A54D83488F8282,Fire Apparatus Driver/Operator - Pump,Certification,https://lightcast.io/open-skills/skills/ESD767A54D83488F8282
ES8A82D47743DF130350,Fire Apparatus Driver/Operator - Tiller,Certification,https://lightcast.io/open-skills/skills/ES8A82D47743DF130350
ES65B78FA65B521A1C23,Fire Apparatus Driver/Operator - Wildland Apparatus,Certification,https://lightcast.io/open-skills/skills/ES65B78FA65B521A1C23
KS123YZ6KXRCGYMNHKTH,Fire Safety Certificates,Certification,https://lightcast.io/open-skills/skills/KS123YZ6KXRCGYMNHKTH
ES985317746F4FE977AE,Firearms Instructor Certification,Certification,https://lightcast.io/open-skills/skills/ES985317746F4FE977AE
ES9ECFAE0FA5BA1387DB,Firefighter Certification,Certification,https://lightcast.io/open-skills/skills/ES9ECFAE0FA5BA1387DB
ES78C5F4EBF0E4B6519A,Firefighter I Certification,Certification,https://lightcast.io/open-skills/skills/ES78C5F4EBF0E4B6519A
ES5FFFDEC9301B0C7EA8,Firefighter II Certification,Certification,https://lightcast.io/open-skills/skills/ES5FFFDEC9301B0C7EA8
ESBC2A810020AA419D48,First Aid Certification,Certification,https://lightcast.io/open-skills/skills/ESBC2A810020AA419D48
KS7G32T6168P77M93Y4G,First Certificate In English,Certification,https://lightcast.io/open-skills/skills/KS7G32T6168P77M93Y4G
KS123ZG656LLB8T8F84G,Fitness Professional,Certification,https://lightcast.io/open-skills/skills/KS123ZG656LLB8T8F84G
ES1772D97D99BFC05F34,Flagger Certification,Certification,https://lightcast.io/open-skills/skills/ES1772D97D99BFC05F34
ESC00EEDC31CBD9E6170,Flight Attendant Certification,Certification,https://lightcast.io/open-skills/skills/ESC00EEDC31CBD9E6170
ESEED8424272AE474CD2,Food Handler's Card,Certification,https://lightcast.io/open-skills/skills/ESEED8424272AE474CD2
ESAE24653FE6C8F772FB,Food Protection Manager Certification,Certification,https://lightcast.io/open-skills/skills/ESAE24653FE6C8F772FB
ES6D1654ECE36B3B4E31,Food Safety Certification,Certification,https://lightcast.io/open-skills/skills/ES6D1654ECE36B3B4E31
KS1241L67JWPWZ7VVQ4H,Food Safety Manager Certification,Certification,https://lightcast.io/open-skills/skills/KS1241L67JWPWZ7VVQ4H
ES723C7134EEF39BC913,Food Sanitation Certification,Certification,https://lightcast.io/open-skills/skills/ES723C7134EEF39BC913
KS1244W6FXFC7SP6SMPV,Food Service Sanitation Manager Certification,Certification,https://lightcast.io/open-skills/skills/KS1244W6FXFC7SP6SMPV
KS1241M6LSP637NF5XKN,Foodservice Management Professional,Certification,https://lightcast.io/open-skills/skills/KS1241M6LSP637NF5XKN
KS1242371X6ZNFSS2W9R,Forensic Certified Public Accountant,Certification,https://lightcast.io/open-skills/skills/KS1242371X6ZNFSS2W9R
ESD2C89DD49B4AD0E2F2,Forklift Certification,Certification,https://lightcast.io/open-skills/skills/ESD2C89DD49B4AD0E2F2
KS123VJ6C7HSVY3B093G,Fortinet Certified Network Security Administrator,Certification,https://lightcast.io/open-skills/skills/KS123VJ6C7HSVY3B093G
KS123VJ6W1QSGNDQHM5Z,Fortinet Certified Network Security Professional,Certification,https://lightcast.io/open-skills/skills/KS123VJ6W1QSGNDQHM5Z
KS124376Y82VM39NWRN2,Frame Relay Certification,Certification,https://lightcast.io/open-skills/skills/KS124376Y82VM39NWRN2
ESAC6819B8640CC66783,Fraternal Insurance Counselor,Certification,https://lightcast.io/open-skills/skills/ESAC6819B8640CC66783
KS258XOFHDHUQWGFECI8,Full Scope Polygraph (FSP Clearance),Certification,https://lightcast.io/open-skills/skills/KS258XOFHDHUQWGFECI8
ES65DB62BFC186224093,Functional Independence Measure (FIM),Certification,https://lightcast.io/open-skills/skills/ES65DB62BFC186224093
KS1245B5YG7FST1L9FLH,Functional Skills Qualification,Certification,https://lightcast.io/open-skills/skills/KS1245B5YG7FST1L9FLH
KS1245B6K2CR98884XM4,Functional Training Specialist,Certification,https://lightcast.io/open-skills/skills/KS1245B6K2CR98884XM4
ESDBFF1C4DEBCEF9A66E,Fundamental Payroll Certification (FPC),Certification,https://lightcast.io/open-skills/skills/ESDBFF1C4DEBCEF9A66E
ES31AB651383F97BC8DD,Fundamentals Of Alcohol And Other Drug Problems (FAODP) Exam,Certification,https://lightcast.io/open-skills/skills/ES31AB651383F97BC8DD
ES452BB32D7849FB6FCE,Funeral Director License,Certification,https://lightcast.io/open-skills/skills/ES452BB32D7849FB6FCE
KS681FH71DTYVZMMBTYV,Further Offshore Emergency Training,Certification,https://lightcast.io/open-skills/skills/KS681FH71DTYVZMMBTYV
KS124756ZM1DDCVFGN4K,GIAC Assessing and Auditing Wireless Networks,Certification,https://lightcast.io/open-skills/skills/KS124756ZM1DDCVFGN4K
KS124C26BB3V8SJBGQ6T,GIAC Certifications,Certification,https://lightcast.io/open-skills/skills/KS124C26BB3V8SJBGQ6T
ESFDA91817A363A39F49,GIAC Certified Enterprise Defender (GCED),Certification,https://lightcast.io/open-skills/skills/ESFDA91817A363A39F49
KS124786D6FWCYKKF6PG,GIAC Certified Firewall Analyst,Certification,https://lightcast.io/open-skills/skills/KS124786D6FWCYKKF6PG
KS124786BK1NR16G0KX7,GIAC Certified Forensic Examiner,Certification,https://lightcast.io/open-skills/skills/KS124786BK1NR16G0KX7
KS1247775YKZ8X1NHWB4,GIAC Certified Forensics Analyst,Certification,https://lightcast.io/open-skills/skills/KS1247775YKZ8X1NHWB4
KS124675W6VQV77WQSX7,GIAC Certified ISO-17799 Specialist,Certification,https://lightcast.io/open-skills/skills/KS124675W6VQV77WQSX7
ESA553558D7DE19E5340,GIAC Certified ISO-27000 Specialist,Certification,https://lightcast.io/open-skills/skills/ESA553558D7DE19E5340
KS124C36LV5LX6816QVV,GIAC Certified Incident Handler,Certification,https://lightcast.io/open-skills/skills/KS124C36LV5LX6816QVV
KS1247969ZFNQYLFVTM3,GIAC Certified Intrusion Analyst,Certification,https://lightcast.io/open-skills/skills/KS1247969ZFNQYLFVTM3
ES78EB673830A3E2DB59,GIAC Certified Project Manager (GCPM),Certification,https://lightcast.io/open-skills/skills/ES78EB673830A3E2DB59
KS1247F5Y02G419QJWRV,GIAC Certified Security Consultant,Certification,https://lightcast.io/open-skills/skills/KS1247F5Y02G419QJWRV
KS1247F6R9NFDR1WQFG3,GIAC Certified Unix Security Administrator,Certification,https://lightcast.io/open-skills/skills/KS1247F6R9NFDR1WQFG3
KS124C3748C1D8DKDK7Q,GIAC Certified Windows Security Administrator,Certification,https://lightcast.io/open-skills/skills/KS124C3748C1D8DKDK7Q
ES66857BFC1E768D8621,GIAC Cyber Threat Intelligence,Certification,https://lightcast.io/open-skills/skills/ES66857BFC1E768D8621
ES6CF351103CAD8C8090,GIAC Exploit Researcher And Advanced Penetration Tester,Certification,https://lightcast.io/open-skills/skills/ES6CF351103CAD8C8090
ESF0F0CF2A4FA7B70A19,GIAC Global Industrial Cyber Security Professional,Certification,https://lightcast.io/open-skills/skills/ESF0F0CF2A4FA7B70A19
ES5F15267CAC3A290110,GIAC Information Security Fundamentals,Certification,https://lightcast.io/open-skills/skills/ES5F15267CAC3A290110
KS124C46200SPXLJM7BS,GIAC Information Security Officer,Certification,https://lightcast.io/open-skills/skills/KS124C46200SPXLJM7BS
KS124C46MPMD7G1DP7ZG,GIAC Information Security Professional,Certification,https://lightcast.io/open-skills/skills/KS124C46MPMD7G1DP7ZG
ES77566F0A4B15707CFA,GIAC Mobile Device Security Analyst (GMOB),Certification,https://lightcast.io/open-skills/skills/ES77566F0A4B15707CFA
ES62EF8C6D9029981956,GIAC Network Forensic Analyst,Certification,https://lightcast.io/open-skills/skills/ES62EF8C6D9029981956
ES8FB57977D60AD3AC55,GIAC Penetration Tester,Certification,https://lightcast.io/open-skills/skills/ES8FB57977D60AD3AC55
ESB929AA89145FDEBB14,GIAC Python Coder (GPYC),Certification,https://lightcast.io/open-skills/skills/ESB929AA89145FDEBB14
KS1246B6HFDGL6PMFWSS,GIAC Reverse Engineering Malware,Certification,https://lightcast.io/open-skills/skills/KS1246B6HFDGL6PMFWSS
ES2CB30056C79C0668FE,GIAC Secure Software Programmer .NET (GSSP-.NET),Certification,https://lightcast.io/open-skills/skills/ES2CB30056C79C0668FE
ES54B351D29C83FEEC51,GIAC Secure Software Programmer C (GSSP-C),Certification,https://lightcast.io/open-skills/skills/ES54B351D29C83FEEC51
ES26074CFE6EB22524D9,GIAC Secure Software Programmer Java (GSSP-JAVA),Certification,https://lightcast.io/open-skills/skills/ES26074CFE6EB22524D9
KS124JN79HL6RHJJG8RZ,GIAC Securing Oracle Certification,Certification,https://lightcast.io/open-skills/skills/KS124JN79HL6RHJJG8RZ
KS124JD5VQNSLT2N6FN8,GIAC Security Audit Essentials,Certification,https://lightcast.io/open-skills/skills/KS124JD5VQNSLT2N6FN8
KS124C579Q6L36X26LJR,GIAC Security Essentials Certification (GSEC),Certification,https://lightcast.io/open-skills/skills/KS124C579Q6L36X26LJR
KS124C666G93Q4V2D91D,GIAC Security Leadership Certification,Certification,https://lightcast.io/open-skills/skills/KS124C666G93Q4V2D91D
KS124JN6WF74J6X68Y0J,GIAC Systems And Network Auditor (GSNA),Certification,https://lightcast.io/open-skills/skills/KS124JN6WF74J6X68Y0J
ES2042647831D5254959,GIAC Web Application Defender,Certification,https://lightcast.io/open-skills/skills/ES2042647831D5254959
ESED8BA594F11028977B,GIAC Web Application Penetration Tester,Certification,https://lightcast.io/open-skills/skills/ESED8BA594F11028977B
KS1247F78M9GF97XMT2P,GIAC Windows Security Administrator Certification,Certification,https://lightcast.io/open-skills/skills/KS1247F78M9GF97XMT2P
ES348078725C87C9CED6,GIS Certification,Certification,https://lightcast.io/open-skills/skills/ES348078725C87C9CED6
ESCFDD6E0C6621011086,Gas Meter Safety (MET1),Certification,https://lightcast.io/open-skills/skills/ESCFDD6E0C6621011086
ESB96505847B5F724D18,General Anesthesia License,Certification,https://lightcast.io/open-skills/skills/ESB96505847B5F724D18
KS1248P61T15XPYFP6GH,General Motors Parts Consultant,Certification,https://lightcast.io/open-skills/skills/KS1248P61T15XPYFP6GH
ES5D6AAF32E52F761A72,Geometric Dimensioning And Tolerancing Professional (GDTP) Certification,Certification,https://lightcast.io/open-skills/skills/ES5D6AAF32E52F761A72
KS124BK66WJ3R4DVQF2L,Geriatric Certified Specialist,Certification,https://lightcast.io/open-skills/skills/KS124BK66WJ3R4DVQF2L
ES9065B6EB22526B24AB,Geriatric Education For Emergency Medical Services (GEMS),Certification,https://lightcast.io/open-skills/skills/ES9065B6EB22526B24AB
ES32F8CC524D62F6E80D,Geriatric Education For Emergency Medical Services Instructor (GEMS-I),Certification,https://lightcast.io/open-skills/skills/ES32F8CC524D62F6E80D
KS7G2N06K3WXXT7N771Z,Geriatric Resource Nurse,Certification,https://lightcast.io/open-skills/skills/KS7G2N06K3WXXT7N771Z
ES254BE63BE0E8CDAC49,Gerontological Nurse Practitioner (GNP-BC),Certification,https://lightcast.io/open-skills/skills/ES254BE63BE0E8CDAC49
ES8166D0DB2BCD55F073,Gerontological Nursing Board Certification (GERO-BC),Certification,https://lightcast.io/open-skills/skills/ES8166D0DB2BCD55F073
KS7G11R6RZ8Q7LLNFS0J,Global Association Of Risk Professionals,Certification,https://lightcast.io/open-skills/skills/KS7G11R6RZ8Q7LLNFS0J
KS1247762S8SXS2Q5DQR,Global Career Development Facilitator,Certification,https://lightcast.io/open-skills/skills/KS1247762S8SXS2Q5DQR
KS124GN66W8C92F9LXHC,Global Professional In Human Resources,Certification,https://lightcast.io/open-skills/skills/KS124GN66W8C92F9LXHC
KS124CY6RG4QF38YBTQT,Global Remuneration Professional,Certification,https://lightcast.io/open-skills/skills/KS124CY6RG4QF38YBTQT
ES3B00086DF4C3338B0F,Google Ads Certification,Certification,https://lightcast.io/open-skills/skills/ES3B00086DF4C3338B0F
ES6AE4B9654DD895DFA9,Google Advanced Analytics Certificate,Certification,https://lightcast.io/open-skills/skills/ES6AE4B9654DD895DFA9
ESE742872F93D7403F5A,Google Analytics Certification,Certification,https://lightcast.io/open-skills/skills/ESE742872F93D7403F5A
ESCAF5A4B24D1901B0A6,Google Associate Cloud Engineer,Certification,https://lightcast.io/open-skills/skills/ESCAF5A4B24D1901B0A6
ESCECF5B08E8EFBBE99F,Google Business Intelligence Certificate,Certification,https://lightcast.io/open-skills/skills/ESCECF5B08E8EFBBE99F
ES39645F2FC39D1BC4EF,Google Cybersecurity Professional Certificate,Certification,https://lightcast.io/open-skills/skills/ES39645F2FC39D1BC4EF
ESBB214BE828B3CAA2EC,Google Data Analytics Certificate,Certification,https://lightcast.io/open-skills/skills/ESBB214BE828B3CAA2EC
ESAFB1EC867C1C0F7F52,Google Digital Marketing Certificate,Certification,https://lightcast.io/open-skills/skills/ESAFB1EC867C1C0F7F52
ESE53F8B7CB266DEFA8F,Google IT Automation Certificate,Certification,https://lightcast.io/open-skills/skills/ESE53F8B7CB266DEFA8F
ES30DDB0B98AF179AF8E,Google IT Support Certificate,Certification,https://lightcast.io/open-skills/skills/ES30DDB0B98AF179AF8E
ESBFBD6ED9E80058B669,Google Professional Cloud Architect,Certification,https://lightcast.io/open-skills/skills/ESBFBD6ED9E80058B669
ES4F6F6AFD47DD3787C3,Google Project Management Certificate,Certification,https://lightcast.io/open-skills/skills/ES4F6F6AFD47DD3787C3
ES393906B090B5D00782,Google UX Design Certificate,Certification,https://lightcast.io/open-skills/skills/ES393906B090B5D00782
KS124GN6MFM89JQQSG01,Graduate Personal Property Appraiser,Certification,https://lightcast.io/open-skills/skills/KS124GN6MFM89JQQSG01
KS124J55W92BXT5FCNJH,Ground Instructor,Certification,https://lightcast.io/open-skills/skills/KS124J55W92BXT5FCNJH
KS124J96VDRQDNH2CSCJ,Group Exercise Leadership Certification,Certification,https://lightcast.io/open-skills/skills/KS124J96VDRQDNH2CSCJ
KS124BS6HC5FBW35ZWR9,Group Fitness Instructor Certification,Certification,https://lightcast.io/open-skills/skills/KS124BS6HC5FBW35ZWR9
ESB0227FD98483AFE4C0,HAZWOPER Certification,Certification,https://lightcast.io/open-skills/skills/ESB0227FD98483AFE4C0
ESDB01C44052BCE02798,HDI Customer Service Representative (HDI-CSR),Certification,https://lightcast.io/open-skills/skills/ESDB01C44052BCE02798
ESB6B3EF1E692AAE2FEF,HDI Desktop Advanced Support Technician (HDI-DAST),Certification,https://lightcast.io/open-skills/skills/ESB6B3EF1E692AAE2FEF
ES9B1B497989A8ADD129,HDI Desktop Support Manager (HDI-DSM),Certification,https://lightcast.io/open-skills/skills/ES9B1B497989A8ADD129
ESCAC6D3BBFCB4B56984,HDI Desktop Support Technician (HDI-DST),Certification,https://lightcast.io/open-skills/skills/ESCAC6D3BBFCB4B56984
ESD2400CA7FDFBB693B8,HDI Support Center Analyst (HDI-SCA),Certification,https://lightcast.io/open-skills/skills/ESD2400CA7FDFBB693B8
ES8013BF5FD81AFB0D38,HDI Support Center Director (HDI-SCD),Certification,https://lightcast.io/open-skills/skills/ES8013BF5FD81AFB0D38
ESD83195175CF8AF7584,HDI Support Center Manager (HDI-SCM),Certification,https://lightcast.io/open-skills/skills/ESD83195175CF8AF7584
ES633C4C5A5E6C0CDD88,HDI Support Center Team Lead (HDI-SCTL),Certification,https://lightcast.io/open-skills/skills/ES633C4C5A5E6C0CDD88
ES955237649AE5E625E6,HIV/AIDS Certification,Certification,https://lightcast.io/open-skills/skills/ES955237649AE5E625E6
KS1205865YHHMQ3M4P62,HIV/AIDS Certified Registered Nurse (ACRN),Certification,https://lightcast.io/open-skills/skills/KS1205865YHHMQ3M4P62
KS124SN5XTDZM9TCPSH2,HP Accredited Integration Specialist,Certification,https://lightcast.io/open-skills/skills/KS124SN5XTDZM9TCPSH2
KS124SN5ZMKYJW2M6Q93,HP Accredited Platform Specialist,Certification,https://lightcast.io/open-skills/skills/KS124SN5ZMKYJW2M6Q93
ES93CECFA258A7FF80B8,HP Certification,Certification,https://lightcast.io/open-skills/skills/ES93CECFA258A7FF80B8
KS124SQ60GQNNY81VND6,HP Certified System Administrator,Certification,https://lightcast.io/open-skills/skills/KS124SQ60GQNNY81VND6
KS124SQ63WH7B1PF2736,HP Certified Systems Engineer,Certification,https://lightcast.io/open-skills/skills/KS124SQ63WH7B1PF2736
KS1266D5WBB6XR1T496P,HP Master Accredited Systems Engineer,Certification,https://lightcast.io/open-skills/skills/KS1266D5WBB6XR1T496P
ESDE8463A5DE231BE358,HP WinRunner Certification,Certification,https://lightcast.io/open-skills/skills/ESDE8463A5DE231BE358
KS124TW6WLZ1N69033FP,HTML 4.0 Certification,Certification,https://lightcast.io/open-skills/skills/KS124TW6WLZ1N69033FP
KS124VB6JK6J0P4XXLPN,HUBZone Certification,Certification,https://lightcast.io/open-skills/skills/KS124VB6JK6J0P4XXLPN
ES7C625C0BBC42042760,HVAC Certification,Certification,https://lightcast.io/open-skills/skills/ES7C625C0BBC42042760
ES22006FC711481B103D,HVAC Excellence Certification,Certification,https://lightcast.io/open-skills/skills/ES22006FC711481B103D
ESC9EFADC9E202A14AE9,HVAC Excellence Professional Level Certification,Certification,https://lightcast.io/open-skills/skills/ESC9EFADC9E202A14AE9
KS124LN60PPKFMB24JWD,Hardware Certification,Certification,https://lightcast.io/open-skills/skills/KS124LN60PPKFMB24JWD
ES72037592D86D2CA03A,Hazard Analysis And Critical Control Point (HACCP) Certification,Certification,https://lightcast.io/open-skills/skills/ES72037592D86D2CA03A
ES7D56AB2322671839F1,Hazard Communication (HazCom) Certification,Certification,https://lightcast.io/open-skills/skills/ES7D56AB2322671839F1
ESD6679CEEB0F6965FCE,Hazardous Material Transportation Certification,Certification,https://lightcast.io/open-skills/skills/ESD6679CEEB0F6965FCE
ES801BC9F98AD101CA96,Hazardous Materials Certification,Certification,https://lightcast.io/open-skills/skills/ES801BC9F98AD101CA96
ES4084AED5B44AF9C42F,Hazardous Materials Certification - Awareness Level,Certification,https://lightcast.io/open-skills/skills/ES4084AED5B44AF9C42F
ES20854F3DD6913812BE,Hazardous Materials Certification - Incident Commander Level,Certification,https://lightcast.io/open-skills/skills/ES20854F3DD6913812BE
ES4386A9D14F11CBBDF0,Hazardous Materials Certification - Operations Level,Certification,https://lightcast.io/open-skills/skills/ES4386A9D14F11CBBDF0
ES6D8C6697BA00CD5D2F,Hazardous Materials Certification - Specialist Level,Certification,https://lightcast.io/open-skills/skills/ES6D8C6697BA00CD5D2F
ES23EFF2C264ED6021EE,Hazardous Materials Certification - Technician Level,Certification,https://lightcast.io/open-skills/skills/ES23EFF2C264ED6021EE
ESAEB454FF3DF065DAE7,Hazmat Endorsement,Certification,https://lightcast.io/open-skills/skills/ESAEB454FF3DF065DAE7
KS124TM6DZQ2JCVJSX7F,Health And Safety Officer Certification,Certification,https://lightcast.io/open-skills/skills/KS124TM6DZQ2JCVJSX7F
ES4357975B39DD2F6822,Health And Wellness Nurse Coach (HWNC-BC),Certification,https://lightcast.io/open-skills/skills/ES4357975B39DD2F6822
KS124M678N5CWK4RMKZ3,Health Care Anti-Fraud Associate,Certification,https://lightcast.io/open-skills/skills/KS124M678N5CWK4RMKZ3
KS124N1638XJJPPLYGWN,Health Promotion Director Certification,Certification,https://lightcast.io/open-skills/skills/KS124N1638XJJPPLYGWN
ES24EF9448948F5A353F,HealthCare Information Security And Privacy Practitioner (HCISPP),Certification,https://lightcast.io/open-skills/skills/ES24EF9448948F5A353F
ESECC7EB251C5E1EAEA0,Healthcare Accreditation Certified Professional (HACP),Certification,https://lightcast.io/open-skills/skills/ESECC7EB251C5E1EAEA0
ESCC2703BA1B8014D2AA,Healthcare Financial Management Association (HFMA) Certification,Certification,https://lightcast.io/open-skills/skills/ESCC2703BA1B8014D2AA
KS124T562DW465NQK54V,Healthcare Professionals For Assisted Dying,Certification,https://lightcast.io/open-skills/skills/KS124T562DW465NQK54V
ESF6E87222D69F4F7D80,Healthcare Sterile Processing Association (HSPA),Certification,https://lightcast.io/open-skills/skills/ESF6E87222D69F4F7D80
ES6322A630989A210E43,Hearing Aid Dispenser,Certification,https://lightcast.io/open-skills/skills/ES6322A630989A210E43
KS124N671F465DYN6CGH,Hearing Instrument Specialist,Certification,https://lightcast.io/open-skills/skills/KS124N671F465DYN6CGH
KS124N96S8L0VRHDK5NX,Heartsaver CPR AED,Certification,https://lightcast.io/open-skills/skills/KS124N96S8L0VRHDK5NX
KS124NB6PSP21L065907,Heartsaver First Aid,Certification,https://lightcast.io/open-skills/skills/KS124NB6PSP21L065907
KS124NC6S9GSPR72H3MZ,Heartsaver Pediatric First Aid,Certification,https://lightcast.io/open-skills/skills/KS124NC6S9GSPR72H3MZ
KS124NJ6H4ND50SR6W36,Heat Pump Specialist,Certification,https://lightcast.io/open-skills/skills/KS124NJ6H4ND50SR6W36
KS124NQ73BV9TBQ6PDYC,Heating Specialist,Certification,https://lightcast.io/open-skills/skills/KS124NQ73BV9TBQ6PDYC
ESC542589E65B8393995,Heavy Rigid Driver's License,Certification,https://lightcast.io/open-skills/skills/ESC542589E65B8393995
KS7G2H55WWHS0BZRZ1ZN,Help Desk Certification,Certification,https://lightcast.io/open-skills/skills/KS7G2H55WWHS0BZRZ1ZN
ES6B06B9D498E51FCF7C,Hemostasis Nursing Certification,Certification,https://lightcast.io/open-skills/skills/ES6B06B9D498E51FCF7C
ESD9F7A4897BAD191F98,Herbicide Applicator License,Certification,https://lightcast.io/open-skills/skills/ESD9F7A4897BAD191F98
KS124M86R21TQ3ZDWMB0,High-Complexity Clinical Laboratory Director,Certification,https://lightcast.io/open-skills/skills/KS124M86R21TQ3ZDWMB0
ES866756FAD4ED1F7773,High-Risk Perinatal Nursing Certification,Certification,https://lightcast.io/open-skills/skills/ES866756FAD4ED1F7773
ES3AE1B27BC63A6E0A42,Hoisting License,Certification,https://lightcast.io/open-skills/skills/ES3AE1B27BC63A6E0A42
KS124RC6PDYK4MCCQDBC,Holistic Information Security Practitioner,Certification,https://lightcast.io/open-skills/skills/KS124RC6PDYK4MCCQDBC
ES190732927A929E8F34,Holistic Nurse (HN-BC),Certification,https://lightcast.io/open-skills/skills/ES190732927A929E8F34
ES524EC20BFA12E3C78F,Holistic Nurse Baccalaureate (HNB-BC),Certification,https://lightcast.io/open-skills/skills/ES524EC20BFA12E3C78F
ES588B14D18640BB6569,Home Care Clinical Specialist - OASIS (HCS-O),Certification,https://lightcast.io/open-skills/skills/ES588B14D18640BB6569
ES466E5046E49B2D4C2C,Home Health Clinical Nurse Specialist Certification (HHCNS-BC),Certification,https://lightcast.io/open-skills/skills/ES466E5046E49B2D4C2C
ES33BDDF2E7FD72E73FB,Home Health Nursing Certification,Certification,https://lightcast.io/open-skills/skills/ES33BDDF2E7FD72E73FB
KS124V25W80LXP1SMQQP,Horticultural Therapist Registered,Certification,https://lightcast.io/open-skills/skills/KS124V25W80LXP1SMQQP
ES30EB0509BE8D8E0664,Housekeeper Certification,Certification,https://lightcast.io/open-skills/skills/ES30EB0509BE8D8E0664
KS124M76XQYDYD0BXMWX,Housing Credit Certified Professional,Certification,https://lightcast.io/open-skills/skills/KS124M76XQYDYD0BXMWX
KS124MD74V48LC57RWP2,Housing Development Finance Professional,Certification,https://lightcast.io/open-skills/skills/KS124MD74V48LC57RWP2
ES25B8865F74B23B112D,IAM Certificate In Asset Management,Certification,https://lightcast.io/open-skills/skills/ES25B8865F74B23B112D
ESE132BDA571FDEF9F15,IAM Level I Certification,Certification,https://lightcast.io/open-skills/skills/ESE132BDA571FDEF9F15
ES8645191673F1673FAF,IAM Level II Certification,Certification,https://lightcast.io/open-skills/skills/ES8645191673F1673FAF
ES2F0E3368E3945B6EA8,IAM Level III Certification,Certification,https://lightcast.io/open-skills/skills/ES2F0E3368E3945B6EA8
ES5CF4B64B140FCADDA0,IAT Level I Certification,Certification,https://lightcast.io/open-skills/skills/ES5CF4B64B140FCADDA0
ESC032FCD69B12A41096,IAT Level II Certification,Certification,https://lightcast.io/open-skills/skills/ESC032FCD69B12A41096
ES55B77287F35A8B9EF6,IAT Level III Certification,Certification,https://lightcast.io/open-skills/skills/ES55B77287F35A8B9EF6
ESB5C49697AF9650D5EE,IATF 16949 Certified Auditor,Certification,https://lightcast.io/open-skills/skills/ESB5C49697AF9650D5EE
ESF5915F8C6912C8FF31,IBM Certified,Certification,https://lightcast.io/open-skills/skills/ESF5915F8C6912C8FF31
ES336699BAA6AF9C615F,IBM Certified Administrator,Certification,https://lightcast.io/open-skills/skills/ES336699BAA6AF9C615F
ESF533ADD54DF1A42396,IBM Certified Associate,Certification,https://lightcast.io/open-skills/skills/ESF533ADD54DF1A42396
ESD1D230C599B665552A,IBM Certified Associate Architect,Certification,https://lightcast.io/open-skills/skills/ESD1D230C599B665552A
ES40892154E886F5074B,IBM Certified Developer,Certification,https://lightcast.io/open-skills/skills/ES40892154E886F5074B
KS124Y263DRXLNHL0240,IBM Certified Instructor,Certification,https://lightcast.io/open-skills/skills/KS124Y263DRXLNHL0240
ESCD598370FB7B718DEE,IBM Certified Professional Architect,Certification,https://lightcast.io/open-skills/skills/ESCD598370FB7B718DEE
KS124Y26S08CM4X7XFM3,IBM Certified SOA Associate,Certification,https://lightcast.io/open-skills/skills/KS124Y26S08CM4X7XFM3
KS124Y45YW8P0SHLGMG4,IBM Certified SOA Solution Designer,Certification,https://lightcast.io/open-skills/skills/KS124Y45YW8P0SHLGMG4
ES342661E8E490F080D6,IBM Certified Solution Architect,Certification,https://lightcast.io/open-skills/skills/ES342661E8E490F080D6
ES71B8D505446A8E38F8,IBM Certified Solution Expert,Certification,https://lightcast.io/open-skills/skills/ES71B8D505446A8E38F8
ESBEBEAE7C94F66F65FD,IBM Certified Specialist,Certification,https://lightcast.io/open-skills/skills/ESBEBEAE7C94F66F65FD
KS124Y06DT897F79Y7S4,IBM Certified System Administrator,Certification,https://lightcast.io/open-skills/skills/KS124Y06DT897F79Y7S4
KS124ZL6YD59R14KJZFJ,ICCP Certification,Certification,https://lightcast.io/open-skills/skills/KS124ZL6YD59R14KJZFJ
ESB0A0784ED0A4C4BACB,IGSHPA Accredited Geothermal Installer,Certification,https://lightcast.io/open-skills/skills/ESB0A0784ED0A4C4BACB
ES11DC1A69D522A6609B,IGSHPA Certified Geothermal Inspector,Certification,https://lightcast.io/open-skills/skills/ES11DC1A69D522A6609B
ESAB4EC2D22D2EDA39CA,IIBA Agile Analysis Certification,Certification,https://lightcast.io/open-skills/skills/ESAB4EC2D22D2EDA39CA
ESB6A1212E24600538F3,IIBA Entry Certificate In Business Analysis (ECBA),Certification,https://lightcast.io/open-skills/skills/ESB6A1212E24600538F3
ES840B7EAF4E64D09BC5,IMI Accreditation Electric Vehicle Technician,Certification,https://lightcast.io/open-skills/skills/ES840B7EAF4E64D09BC5
ESA608DBC4A9EDDC3BE0,IMI Level 2 Award In Electric/Hybrid Vehicle Hazard Management For Emergency And Recovery Personnel,Certification,https://lightcast.io/open-skills/skills/ESA608DBC4A9EDDC3BE0
ES3D181123A989CFCF45,IMI Level 2 Award In Electric/Hybrid Vehicle Routine Maintenance Activities,Certification,https://lightcast.io/open-skills/skills/ES3D181123A989CFCF45
ES9F9F6A66B5E5FA3CC4,IMI Level 2 Award In Preparing Heavy Electric/Hybrid Vehicles For Repair,Certification,https://lightcast.io/open-skills/skills/ES9F9F6A66B5E5FA3CC4
ES8E26D4FF1788C395F9,IMI Level 3 Award In Electric/Hybrid Vehicle System Repair And Replacement,Certification,https://lightcast.io/open-skills/skills/ES8E26D4FF1788C395F9
ESD0C7EC1267E6B9067F,IMI Level 3 Award In Heavy Electric/Hybrid Vehicle System Repair And Replacement,Certification,https://lightcast.io/open-skills/skills/ESD0C7EC1267E6B9067F
ESCB4A353D9D8FC8EA7F,IMI Level 4 Award In The Diagnosis Testing And Repair Of Electric/Hybrid Vehicles And Components (VRQ),Certification,https://lightcast.io/open-skills/skills/ESCB4A353D9D8FC8EA7F
KS680X364MMBN94M3YYR,IOSH Managing Safely,Certification,https://lightcast.io/open-skills/skills/KS680X364MMBN94M3YYR
ES682134E6DBF1333553,IPC Soldering Certification,Certification,https://lightcast.io/open-skills/skills/ES682134E6DBF1333553
ES4EFBC28DDD5A55C42F,IPMA Certified Project Management Associate,Certification,https://lightcast.io/open-skills/skills/ES4EFBC28DDD5A55C42F
KS125F26TW0NN6LHQSMQ,ISPI Certified,Certification,https://lightcast.io/open-skills/skills/KS125F26TW0NN6LHQSMQ
KS125FM6FGCWJLY73HDR,ITIL Certifications,Certification,https://lightcast.io/open-skills/skills/KS125FM6FGCWJLY73HDR
ESA859CB4AA7B897D348,ITIL Expert Certification,Certification,https://lightcast.io/open-skills/skills/ESA859CB4AA7B897D348
ES486C652090D9D12C2B,ITIL Foundation Certification,Certification,https://lightcast.io/open-skills/skills/ES486C652090D9D12C2B
ES1C7A3FEE773D3450F9,ITIL Intermediate Certification,Certification,https://lightcast.io/open-skills/skills/ES1C7A3FEE773D3450F9
ES2F910CE1BA52113B34,ITIL Master Certification,Certification,https://lightcast.io/open-skills/skills/ES2F910CE1BA52113B34
ES568148FF374E9662F8,ITIL Practitioner Certification,Certification,https://lightcast.io/open-skills/skills/ES568148FF374E9662F8
ESEF3BBFF32A1E2EAB2F,IV (Intravenous) Certification,Certification,https://lightcast.io/open-skills/skills/ESEF3BBFF32A1E2EAB2F
ES24B70D44DDEF757867,Immunization Certification,Certification,https://lightcast.io/open-skills/skills/ES24B70D44DDEF757867
KS125CS64H8KM6F74LZ4,Industry Radiography Radiation Safety Personnel,Certification,https://lightcast.io/open-skills/skills/KS125CS64H8KM6F74LZ4
ES5C70478391B07E9651,Informatics Nursing Certification,Certification,https://lightcast.io/open-skills/skills/ES5C70478391B07E9651
ES46DA7E0716A4D39A33,Information Advice And Guidance (IAG) Qualification,Certification,https://lightcast.io/open-skills/skills/ES46DA7E0716A4D39A33
KS125F55X74R3GDSLV3K,Information Systems Security Architecture Professional,Certification,https://lightcast.io/open-skills/skills/KS125F55X74R3GDSLV3K
KS125F56GR6MLP1CSRQ7,Information Systems Security Engineering Professional,Certification,https://lightcast.io/open-skills/skills/KS125F56GR6MLP1CSRQ7
KS125F56WNM5RJZWY28Q,Information Systems Security Management Professional,Certification,https://lightcast.io/open-skills/skills/KS125F56WNM5RJZWY28Q
KS1254S6K9MZJV2PWR12,Information Technology Certified Professional,Certification,https://lightcast.io/open-skills/skills/KS1254S6K9MZJV2PWR12
ES8EB03262ADE6CF1CB8,Injection Molding Certification,Certification,https://lightcast.io/open-skills/skills/ES8EB03262ADE6CF1CB8
KS1255M6BSNG53R6VGZM,Inpatient Obstetric Nursing (RNC-OB),Certification,https://lightcast.io/open-skills/skills/KS1255M6BSNG53R6VGZM
KS7G1GS6LBZ21DGMS6JC,Institute For Supply Management,Certification,https://lightcast.io/open-skills/skills/KS7G1GS6LBZ21DGMS6JC
KS1251D6Z0RNFM2NYJ0Y,Institute Of Inspection Cleaning And Restoration Certification,Certification,https://lightcast.io/open-skills/skills/KS1251D6Z0RNFM2NYJ0Y
KS7G72X6C8XV4WLSWNJQ,Institute Of Internal Auditors (IIA),Certification,https://lightcast.io/open-skills/skills/KS7G72X6C8XV4WLSWNJQ
ES9CD071C5F13C6D49F4,Institute of Chartered Accountants of Scotland (ICAS),Certification,https://lightcast.io/open-skills/skills/ES9CD071C5F13C6D49F4
ES6B7D079C4BC2AD143B,Insurance License,Certification,https://lightcast.io/open-skills/skills/ES6B7D079C4BC2AD143B
KS124X862P5L1ZMW5Y4C,International Accredited Business Accountant,Certification,https://lightcast.io/open-skills/skills/KS124X862P5L1ZMW5Y4C
KS124XJ7199NNW28TLCD,International Board Certified Lactation Consultant (IBCLC),Certification,https://lightcast.io/open-skills/skills/KS124XJ7199NNW28TLCD
ES9164CB5E5388FB65E6,International Board Of Heart Rhythm Examiners (IBHRE) Certification,Certification,https://lightcast.io/open-skills/skills/ES9164CB5E5388FB65E6
KS1258G6BZ7HYJVGSJS2,International Certificate Of Competence,Certification,https://lightcast.io/open-skills/skills/KS1258G6BZ7HYJVGSJS2
ES4D4B393BEC5423C7BD,International Certified Credit Executive (ICCE),Certification,https://lightcast.io/open-skills/skills/ES4D4B393BEC5423C7BD
KS7G5V56RD3R80NWF1HS,International Computer Driving Licence (ICDL/ECDL),Certification,https://lightcast.io/open-skills/skills/KS7G5V56RD3R80NWF1HS
KS1251D6WYGCTL9YWWYZ,International Institute Of Business Analysis (IIBA) Certified,Certification,https://lightcast.io/open-skills/skills/KS1251D6WYGCTL9YWWYZ
KS1258R6Q7SYLRSM2WFN,International Medical Laboratory Technician,Certification,https://lightcast.io/open-skills/skills/KS1258R6Q7SYLRSM2WFN
ESBC43C5F9ACB5A1C881,International Software Testing Qualifications Board (ISTQB) Certified,Certification,https://lightcast.io/open-skills/skills/ESBC43C5F9ACB5A1C881
KS124ZL5YY0FKBGPD2C9,Internet And Computing Core Certification,Certification,https://lightcast.io/open-skills/skills/KS124ZL5YY0FKBGPD2C9
KS125977347Q8KZ43RTN,Internet Security Certification,Certification,https://lightcast.io/open-skills/skills/KS125977347Q8KZ43RTN
KS125J460NPFMGB23N3P,JCL Certification,Certification,https://lightcast.io/open-skills/skills/KS125J460NPFMGB23N3P
ES21D383C581E4F75BBE,Jamf Certification,Certification,https://lightcast.io/open-skills/skills/ES21D383C581E4F75BBE
KS125GL6F1TX1D5ZTRTM,Java 2 Certification,Certification,https://lightcast.io/open-skills/skills/KS125GL6F1TX1D5ZTRTM
KS125HL6TZC7C7LJC9GP,JavaScript Development Certified Professional,Certification,https://lightcast.io/open-skills/skills/KS125HL6TZC7C7LJC9GP
KS125J45WG1DFGSR5HB7,Jetking Certified Hardware Networking Professional (JCHNP),Certification,https://lightcast.io/open-skills/skills/KS125J45WG1DFGSR5HB7
ES7A86194EC907EA3417,Journeyman Certified Electronics Technician,Certification,https://lightcast.io/open-skills/skills/ES7A86194EC907EA3417
ESD3322CF89F7D67ED4A,Journeyman Electrician,Certification,https://lightcast.io/open-skills/skills/ESD3322CF89F7D67ED4A
ES524146365DBC77E9FF,Journeyman Ironworker,Certification,https://lightcast.io/open-skills/skills/ES524146365DBC77E9FF
KS125VQ6PHC7BDB1946H,Journeyman Lineman,Certification,https://lightcast.io/open-skills/skills/KS125VQ6PHC7BDB1946H
KS125K06YNMXQ5Z2PFHP,Juniper Network Certified Internet Professional (JNCIP),Certification,https://lightcast.io/open-skills/skills/KS125K06YNMXQ5Z2PFHP
KS125K26S99BX2YB55MX,Juniper Networks Certified Associate,Certification,https://lightcast.io/open-skills/skills/KS125K26S99BX2YB55MX
KS125K05WLQTDZL0T7LX,Juniper Networks Certified Internet Associate,Certification,https://lightcast.io/open-skills/skills/KS125K05WLQTDZL0T7LX
KS125K065BR2Y4TWV4M9,Juniper Networks Certified Internet Expert,Certification,https://lightcast.io/open-skills/skills/KS125K065BR2Y4TWV4M9
KS125K16NWXD75WJKYJK,Juniper Networks Certified Internet Specialist,Certification,https://lightcast.io/open-skills/skills/KS125K16NWXD75WJKYJK
KS125LJ6K6PKKGQ1B88G,Juniper Networks Technical Certification,Certification,https://lightcast.io/open-skills/skills/KS125LJ6K6PKKGQ1B88G
ES99B64B0B8DF24CCAB1,Kaizen Certification,Certification,https://lightcast.io/open-skills/skills/ES99B64B0B8DF24CCAB1
ESB7AB068B3A5A45A3FD,Kanban Certification,Certification,https://lightcast.io/open-skills/skills/ESB7AB068B3A5A45A3FD
KS125MS6YQV2XHY3H6DH,Kickboxing Certification,Certification,https://lightcast.io/open-skills/skills/KS125MS6YQV2XHY3H6DH
ES1C8FF0F17B359A2740,LEED Accredited Professional (AP),Certification,https://lightcast.io/open-skills/skills/ES1C8FF0F17B359A2740
ESB7152123ADFD3A89C1,LEED Green Associate,Certification,https://lightcast.io/open-skills/skills/ESB7152123ADFD3A89C1
KS7G0TD65SMF2MH3QL3T,LR-Jet (Pilot Certificate Aircraft Type Designation),Certification,https://lightcast.io/open-skills/skills/KS7G0TD65SMF2MH3QL3T
KS125R16G6PBBY228K0Y,Laboratory Aggregate Testing Technician,Certification,https://lightcast.io/open-skills/skills/KS125R16G6PBBY228K0Y
ESAA9D7C3E6A043C7BA6,Laboratory Analyst Certification,Certification,https://lightcast.io/open-skills/skills/ESAA9D7C3E6A043C7BA6
ES8A1BBD9396BC3CA294,Laboratory Animal Technician (LAT),Certification,https://lightcast.io/open-skills/skills/ES8A1BBD9396BC3CA294
ES2DEB1ED4476EE13B4F,Laboratory Animal Technologist (LATG),Certification,https://lightcast.io/open-skills/skills/ES2DEB1ED4476EE13B4F
ESDC0FE7893211430D85,Laboratory Safety Certification,Certification,https://lightcast.io/open-skills/skills/ESDC0FE7893211430D85
KS125PJ6MJVM3N1SBR7V,Lamaze Certified Childbirth Educator,Certification,https://lightcast.io/open-skills/skills/KS125PJ6MJVM3N1SBR7V
KS1260360BLB6C7YY762,Land Surveyor In Training,Certification,https://lightcast.io/open-skills/skills/KS1260360BLB6C7YY762
ESDA0E3E16EB41E69CEC,Landscape Architect License,Certification,https://lightcast.io/open-skills/skills/ESDA0E3E16EB41E69CEC
ES6A766BDDE169DE0978,Landscape Industry Certified,Certification,https://lightcast.io/open-skills/skills/ES6A766BDDE169DE0978
ES35095AF17ACF0E2B27,Landscape Technician Certification,Certification,https://lightcast.io/open-skills/skills/ES35095AF17ACF0E2B27
ES9CF5E9F626DA925060,Language Arts Endorsement,Certification,https://lightcast.io/open-skills/skills/ES9CF5E9F626DA925060
KS125R46RS47NW8BXBZV,Law Licenses,Certification,https://lightcast.io/open-skills/skills/KS125R46RS47NW8BXBZV
ES138F3DF1C344EA6583,Lay Minister Certification,Certification,https://lightcast.io/open-skills/skills/ES138F3DF1C344EA6583
KS125S0645LJSRBFB961,Lean Bronze Certification,Certification,https://lightcast.io/open-skills/skills/KS125S0645LJSRBFB961
ES252B076B9FD4BCB974,Lean Certification,Certification,https://lightcast.io/open-skills/skills/ES252B076B9FD4BCB974
KS125S0759CPRL7RTDJY,Lean Gold Certification,Certification,https://lightcast.io/open-skills/skills/KS125S0759CPRL7RTDJY
KS7G1PM77PFYD5BCR67D,Lean Management Certification,Certification,https://lightcast.io/open-skills/skills/KS7G1PM77PFYD5BCR67D
ES90B325ACC1F9B28317,Lean Manufacturing Certification,Certification,https://lightcast.io/open-skills/skills/ES90B325ACC1F9B28317
ES69F28C96336EB88131,Lean Project Management Certification,Certification,https://lightcast.io/open-skills/skills/ES69F28C96336EB88131
ESBF988522740FDAE5B2,Lean Silver Certification,Certification,https://lightcast.io/open-skills/skills/ESBF988522740FDAE5B2
KS126085Y5H5R7G4467Q,Lean Six Sigma Black Belt,Certification,https://lightcast.io/open-skills/skills/KS126085Y5H5R7G4467Q
ES345D39438E04D37E88,Lean Six Sigma Certification,Certification,https://lightcast.io/open-skills/skills/ES345D39438E04D37E88
ES731ACFC0C46B3FD52C,Lean Six Sigma Champion,Certification,https://lightcast.io/open-skills/skills/ES731ACFC0C46B3FD52C
KS12609644MGKC336YWN,Lean Six Sigma Green Belt,Certification,https://lightcast.io/open-skills/skills/KS12609644MGKC336YWN
ESBFE7808594B12BA398,Lean Six Sigma Master Black Belt,Certification,https://lightcast.io/open-skills/skills/ESBFE7808594B12BA398
ES30CA441610FB6AA4E9,Lean Six Sigma White Belt,Certification,https://lightcast.io/open-skills/skills/ES30CA441610FB6AA4E9
ES5BA78322FB1F916BF2,Lean Six Sigma Yellow Belt,Certification,https://lightcast.io/open-skills/skills/ES5BA78322FB1F916BF2
KS125RM6CTQYJ377HDPP,Leather Cleaning Technician,Certification,https://lightcast.io/open-skills/skills/KS125RM6CTQYJ377HDPP
KS125XY68T2T2SL194HD,Legal Nurse Consultant Certified (LNCC),Certification,https://lightcast.io/open-skills/skills/KS125XY68T2T2SL194HD
ES1A518495F797DC9276,Level 2 Award In Knowledge Of Service And Repair Of Electrically Propelled Light Vehicles,Certification,https://lightcast.io/open-skills/skills/ES1A518495F797DC9276
ESF7B58E55EC201C9692,Level 2 Award In Knowledge Of The Service And Repair Of Electrically Propelled Buses And Coaches,Certification,https://lightcast.io/open-skills/skills/ESF7B58E55EC201C9692
ES488B2D09F164AF1B5B,Level 2 Award In The Service And Repair Of Electrically Propelled Commercial HGV Vehicles,Certification,https://lightcast.io/open-skills/skills/ES488B2D09F164AF1B5B
ESD53A85326E4328F9DF,Level 2 Award In The Service And Repair Of Electrically Propelled Light Vehicles,Certification,https://lightcast.io/open-skills/skills/ESD53A85326E4328F9DF
ES8EBD621B5F3D2BD43E,Lexmark Certification,Certification,https://lightcast.io/open-skills/skills/ES8EBD621B5F3D2BD43E
ES81B90AD63DBB6C6F9C,Librarian Certification,Certification,https://lightcast.io/open-skills/skills/ES81B90AD63DBB6C6F9C
KS125RD661Z17P68W187,Licensed Baccalaureate Social Worker,Certification,https://lightcast.io/open-skills/skills/KS125RD661Z17P68W187
KS125RJ6J2QZWVWZWRH7,Licensed Chemical Dependency Counselor (LCDC),Certification,https://lightcast.io/open-skills/skills/KS125RJ6J2QZWVWZWRH7
KS125RH78YCY4733ZHXS,Licensed Clinical Alcohol And Drug Counselor,Certification,https://lightcast.io/open-skills/skills/KS125RH78YCY4733ZHXS
KS125TP6687JRJ4G88Q2,Licensed Clinical Professional Counselor,Certification,https://lightcast.io/open-skills/skills/KS125TP6687JRJ4G88Q2
KS125RM61JGH8LH28PXG,Licensed Clinical Social Worker (LCSW),Certification,https://lightcast.io/open-skills/skills/KS125RM61JGH8LH28PXG
KS125RM691J008ZY4HNX,Licensed Clinical Social Worker Associate,Certification,https://lightcast.io/open-skills/skills/KS125RM691J008ZY4HNX
KS125T3769BZMBWN1HKM,Licensed Graduate Social Worker,Certification,https://lightcast.io/open-skills/skills/KS125T3769BZMBWN1HKM
KS125T55Y08MW284D1CK,Licensed Healthcare Risk Manager,Certification,https://lightcast.io/open-skills/skills/KS125T55Y08MW284D1CK
KS125TM67L2F79HSYMJN,Licensed Independent Chemical Dependency Counselor (LICDC),Certification,https://lightcast.io/open-skills/skills/KS125TM67L2F79HSYMJN
KS125TR73R5M131L69P7,Licensed Independent Clinical Social Worker,Certification,https://lightcast.io/open-skills/skills/KS125TR73R5M131L69P7
KS125X06RZ5BBB66GJ81,Licensed Independent Social Worker,Certification,https://lightcast.io/open-skills/skills/KS125X06RZ5BBB66GJ81
ES489F96D6831CE751AE,Licensed Insurance Producer,Certification,https://lightcast.io/open-skills/skills/ES489F96D6831CE751AE
KS125XT65542HBR972Y0,Licensed Marriage And Family Therapist (LMFT),Certification,https://lightcast.io/open-skills/skills/KS125XT65542HBR972Y0
KS125XW63HY1QBV30DCJ,Licensed Massage Therapist,Certification,https://lightcast.io/open-skills/skills/KS125XW63HY1QBV30DCJ
KS125TP79VL7WTL410N5,Licensed Master Social Worker,Certification,https://lightcast.io/open-skills/skills/KS125TP79VL7WTL410N5
ES7352DF6DAA28CABA5D,Licensed Mental Health Counselor (LMHC),Certification,https://lightcast.io/open-skills/skills/ES7352DF6DAA28CABA5D
KS125XV5WTFWTMG2RWYT,Licensed Mental Health Professional,Certification,https://lightcast.io/open-skills/skills/KS125XV5WTFWTMG2RWYT
KS125XX5XTJGDY6HTHFR,Licensed Millimeter Wave Service,Certification,https://lightcast.io/open-skills/skills/KS125XX5XTJGDY6HTHFR
ES606AC02A6CA15E1D68,Licensed Minister,Certification,https://lightcast.io/open-skills/skills/ES606AC02A6CA15E1D68
ESE5E9725663D1458230,Licensed Nursing Assistant (LNA),Certification,https://lightcast.io/open-skills/skills/ESE5E9725663D1458230
ES34DA67D1C4461F7FF0,Licensed Nursing Home Administrator (LNHA),Certification,https://lightcast.io/open-skills/skills/ES34DA67D1C4461F7FF0
KS125TQ6VZDLZC9ZZPGW,Licensed Penetration Tester,Certification,https://lightcast.io/open-skills/skills/KS125TQ6VZDLZC9ZZPGW
KS125TQ71KC2TZMRFGSR,Licensed Practical Nurse (LPN),Certification,https://lightcast.io/open-skills/skills/KS125TQ71KC2TZMRFGSR
KS125ZN6ZH4WKMV5ZDPC,Licensed Professional Clinical Counselor,Certification,https://lightcast.io/open-skills/skills/KS125ZN6ZH4WKMV5ZDPC
KS125ZN6J4X8LHH98NZ3,Licensed Professional Counselor (LPC),Certification,https://lightcast.io/open-skills/skills/KS125ZN6J4X8LHH98NZ3
KS125ZN79MSZ2LXXWPSV,Licensed Professional Counselor Of Mental Health (LPCMH),Certification,https://lightcast.io/open-skills/skills/KS125ZN79MSZ2LXXWPSV
ES30EDC902B631F490A1,Licensed Residential Care/Assisted Living Administrator,Certification,https://lightcast.io/open-skills/skills/ES30EDC902B631F490A1
KS12609658VHFJLKM8PD,Licensed Social Worker,Certification,https://lightcast.io/open-skills/skills/KS12609658VHFJLKM8PD
KS126025X6MQP60XJKZ4,Licensed Specialist Clinical Social Worker,Certification,https://lightcast.io/open-skills/skills/KS126025X6MQP60XJKZ4
KS1261360Z7Q4VQYT63R,Licensed Vocational Nurse (LVN),Certification,https://lightcast.io/open-skills/skills/KS1261360Z7Q4VQYT63R
ESF985B10E5E0F032AF5,Life Accident And Health Insurance License,Certification,https://lightcast.io/open-skills/skills/ESF985B10E5E0F032AF5
ES30CBB4603A59D2E46A,Life And Health Insurance License,Certification,https://lightcast.io/open-skills/skills/ES30CBB4603A59D2E46A
ES1439D770783833ADB1,Life Coach Certification,Certification,https://lightcast.io/open-skills/skills/ES1439D770783833ADB1
ES49C944793AFC3F8B90,Life Insurance License,Certification,https://lightcast.io/open-skills/skills/ES49C944793AFC3F8B90
KS1260Y6ZZSFL4NTKB4J,Life Underwriter Training Council Fellow (LUTCF),Certification,https://lightcast.io/open-skills/skills/KS1260Y6ZZSFL4NTKB4J
ES81F2CD0E18DF054265,Lifeguard Certification,Certification,https://lightcast.io/open-skills/skills/ES81F2CD0E18DF054265
KS125XR5X2ZGBGNTTZ3Y,Limited License Master Social Worker,Certification,https://lightcast.io/open-skills/skills/KS125XR5X2ZGBGNTTZ3Y
KS125XR6WSG8Y4TYGWSG,Limited Licensed Professional Counselor (LLPC),Certification,https://lightcast.io/open-skills/skills/KS125XR6WSG8Y4TYGWSG
ES405D4C0E7A3CEFE3AD,Line And Antenna Sweep (LAS),Certification,https://lightcast.io/open-skills/skills/ES405D4C0E7A3CEFE3AD
KS125W36GP4NHCC7FYFF,Linux Certified Engineer,Certification,https://lightcast.io/open-skills/skills/KS125W36GP4NHCC7FYFF
KS7G0K95YWHZ10SC49B4,Linux Certified Instructor,Certification,https://lightcast.io/open-skills/skills/KS7G0K95YWHZ10SC49B4
KS125W36M12F0GP5H0KX,Linux Certified Professional,Certification,https://lightcast.io/open-skills/skills/KS125W36M12F0GP5H0KX
ES3413A49EBBD81BFFE7,Linux Professional Institute - Linux Essentials,Certification,https://lightcast.io/open-skills/skills/ES3413A49EBBD81BFFE7
KS125ZT5VPGBRJSN7MPY,Linux Professional Institute Certification,Certification,https://lightcast.io/open-skills/skills/KS125ZT5VPGBRJSN7MPY
ES5DBE638DAEE2AF0EEB,Linux Professional Institute LPIC-1,Certification,https://lightcast.io/open-skills/skills/ES5DBE638DAEE2AF0EEB
ESABF5FF5CFFB70A2AFC,Linux Professional Institute LPIC-2,Certification,https://lightcast.io/open-skills/skills/ESABF5FF5CFFB70A2AFC
ES2A963B849C0C4038AC,Linux Professional Institute LPIC-3,Certification,https://lightcast.io/open-skills/skills/ES2A963B849C0C4038AC
KS7G6ST73GQRCPDGQB1X,Linux/GNU Certified Administrator,Certification,https://lightcast.io/open-skills/skills/KS7G6ST73GQRCPDGQB1X
ESB1C5A0B719C3F53FDE,Local Anesthesia License,Certification,https://lightcast.io/open-skills/skills/ESB1C5A0B719C3F53FDE
KS125Y67585171KZKQ04,Local Area Networks Certified Professional,Certification,https://lightcast.io/open-skills/skills/KS125Y67585171KZKQ04
KS1260B6Y1S7N6M1R0XZ,Long Term Care Professional,Certification,https://lightcast.io/open-skills/skills/KS1260B6Y1S7N6M1R0XZ
KS7G51G6696YQZ4PBMFZ,Loss Mitigation Certification,Certification,https://lightcast.io/open-skills/skills/KS7G51G6696YQZ4PBMFZ
ES8A8AFA34A2DEF71F6E,Loss Prevention Certified,Certification,https://lightcast.io/open-skills/skills/ES8A8AFA34A2DEF71F6E
KS125ZK71XMWV7LZQSTQ,Low Risk Neonatal Nursing (RNC-LRN),Certification,https://lightcast.io/open-skills/skills/KS125ZK71XMWV7LZQSTQ
ES2644B7B43EDD309462,Lymphedema Certification,Certification,https://lightcast.io/open-skills/skills/ES2644B7B43EDD309462
ESE8D09B4F6CFF36F225,MA Class 1A Hoisting License,Certification,https://lightcast.io/open-skills/skills/ESE8D09B4F6CFF36F225
ES9B3FC5126320486899,MA Class 1B Hoisting License,Certification,https://lightcast.io/open-skills/skills/ES9B3FC5126320486899
ESDF9BEE132A09F01BF5,MA Class 1C Hoisting License,Certification,https://lightcast.io/open-skills/skills/ESDF9BEE132A09F01BF5
ES2FA77130449D40EA39,MA Class 1D Hoisting License,Certification,https://lightcast.io/open-skills/skills/ES2FA77130449D40EA39
ES6878B124BB631C4EB3,MA Class 2A Hoisting License,Certification,https://lightcast.io/open-skills/skills/ES6878B124BB631C4EB3
ESD1F1896815E6C171CC,MA Class 2A/1C Hoisting License,Certification,https://lightcast.io/open-skills/skills/ESD1F1896815E6C171CC
ES7F84449F34723A5859,MA Class 2B Hoisting License,Certification,https://lightcast.io/open-skills/skills/ES7F84449F34723A5859
ES8A8E025EFF2C1675E2,MA Class 2C Hoisting License,Certification,https://lightcast.io/open-skills/skills/ES8A8E025EFF2C1675E2
ES735C50D2CBCAD7C833,MA Class 2D Hoisting License,Certification,https://lightcast.io/open-skills/skills/ES735C50D2CBCAD7C833
ES78FB16A08E447222D4,MA Class 3A Hoisting License,Certification,https://lightcast.io/open-skills/skills/ES78FB16A08E447222D4
ES577C0D6326DC1D2B7D,MA Class 4B Hoisting License,Certification,https://lightcast.io/open-skills/skills/ES577C0D6326DC1D2B7D
ES2BE37D04EC78F8DE9C,MA Class 4C Hoisting License,Certification,https://lightcast.io/open-skills/skills/ES2BE37D04EC78F8DE9C
ESB413FC98AAE5B94478,MA Class 4D Hoisting License,Certification,https://lightcast.io/open-skills/skills/ESB413FC98AAE5B94478
ESB196CDCB70B038C32E,MA Class 4E Hoisting License,Certification,https://lightcast.io/open-skills/skills/ESB196CDCB70B038C32E
ES9DC75DD2557012FCF4,MA Class 4F Hoisting License,Certification,https://lightcast.io/open-skills/skills/ES9DC75DD2557012FCF4
ESB7A4BA1D1991B94E52,MA Class 4G Hoisting License,Certification,https://lightcast.io/open-skills/skills/ESB7A4BA1D1991B94E52
ESCADB851468B8293B48,MIOSHA General Industry 10-Hour,Certification,https://lightcast.io/open-skills/skills/ESCADB851468B8293B48
ES58C4B6E3550D4E3962,MSDE Administrator I Certificate,Certification,https://lightcast.io/open-skills/skills/ES58C4B6E3550D4E3962
ES6415CE91BBA2A8BFF4,Magnetic Resonance Imaging (MRI) Certification,Certification,https://lightcast.io/open-skills/skills/ES6415CE91BBA2A8BFF4
KS126355VMSYM0718VDZ,Magnetic Resonance Imaging Technologist,Certification,https://lightcast.io/open-skills/skills/KS126355VMSYM0718VDZ
KS1263Z65SGNQ1KQXV6B,Managed Healthcare Professional,Certification,https://lightcast.io/open-skills/skills/KS1263Z65SGNQ1KQXV6B
ES91842CAD6761495BB6,Management Of Aggressive Behavior (MOAB) Certification,Certification,https://lightcast.io/open-skills/skills/ES91842CAD6761495BB6
ES6E52E2D61B11756050,Mandated Reporter Certification,Certification,https://lightcast.io/open-skills/skills/ES6E52E2D61B11756050
ESECCE8B526DB110114A,Manufacturing Technician Level 1 (MT1) Certification,Certification,https://lightcast.io/open-skills/skills/ESECCE8B526DB110114A
KS1268H6K9Z6G41C0JYB,Massachusetts Certified Public Purchasing Official (MCPPO),Certification,https://lightcast.io/open-skills/skills/KS1268H6K9Z6G41C0JYB
KS1266C6LD3H00GCFTJZ,Massage Therapy Certification,Certification,https://lightcast.io/open-skills/skills/KS1266C6LD3H00GCFTJZ
KS1266D6639LV5M35DFT,Master Business Continuity Professional,Certification,https://lightcast.io/open-skills/skills/KS1266D6639LV5M35DFT
KS1266J5ZQXPY94ST0JM,Master CIW Administrator,Certification,https://lightcast.io/open-skills/skills/KS1266J5ZQXPY94ST0JM
KS1266J6KR12CNQ3N2YL,Master CIW Designer,Certification,https://lightcast.io/open-skills/skills/KS1266J6KR12CNQ3N2YL
KS1266D6KM3WY19MJR90,Master Certified Coach,Certification,https://lightcast.io/open-skills/skills/KS1266D6KM3WY19MJR90
KS1266F71L87FM78VKKR,Master Certified Electronics Technician,Certification,https://lightcast.io/open-skills/skills/KS1266F71L87FM78VKKR
KS125136V1X2BQ6SBSZY,Master Certified Food Executive,Certification,https://lightcast.io/open-skills/skills/KS125136V1X2BQ6SBSZY
KS1266H67ST2PJXKWWQV,Master Certified Internet Web Professional,Certification,https://lightcast.io/open-skills/skills/KS1266H67ST2PJXKWWQV
KS1268C743PJ85K4MF1Z,Master Certified Internet Webmaster In Design (MCIWD),Certification,https://lightcast.io/open-skills/skills/KS1268C743PJ85K4MF1Z
KS1268F6CWBS1B7RF41F,Master Certified Negotiation Expert,Certification,https://lightcast.io/open-skills/skills/KS1268F6CWBS1B7RF41F
KS1266H6MP52G37KG9NP,Master Certified Novell Engineer,Certification,https://lightcast.io/open-skills/skills/KS1266H6MP52G37KG9NP
KS1268J6BD58DX63BML3,Master Certified Retirement Specialist,Certification,https://lightcast.io/open-skills/skills/KS1268J6BD58DX63BML3
KS1266K6WBQ27XXPT3QX,Master Craftsman,Certification,https://lightcast.io/open-skills/skills/KS1266K6WBQ27XXPT3QX
ESF6E2DCE22CE19D0113,Master Cruise Counselor,Certification,https://lightcast.io/open-skills/skills/ESF6E2DCE22CE19D0113
ES839221D6B364EC85E0,Master Decorative Artist,Certification,https://lightcast.io/open-skills/skills/ES839221D6B364EC85E0
ESF1623C46CA50F8A36A,Master Financial Controller,Certification,https://lightcast.io/open-skills/skills/ESF1623C46CA50F8A36A
KS126FX6R33W9RTXRMSV,Master Fitness Specialist Certification,Certification,https://lightcast.io/open-skills/skills/KS126FX6R33W9RTXRMSV
ES742FAD65BD378C7BEE,Master HVAC License,Certification,https://lightcast.io/open-skills/skills/ES742FAD65BD378C7BEE
KS7G0MR67M0BRYR44YDM,Master Of Business Administration (MBA),Certification,https://lightcast.io/open-skills/skills/KS7G0MR67M0BRYR44YDM
ES6B9E50FF62C04DFD29,Master Of Towing Vessels,Certification,https://lightcast.io/open-skills/skills/ES6B9E50FF62C04DFD29
KS1266N6Z04M0PHY33GC,Master Personal Fitness Trainer,Certification,https://lightcast.io/open-skills/skills/KS1266N6Z04M0PHY33GC
KS1266N77PC4S550YMBS,Master School Bus Technician,Certification,https://lightcast.io/open-skills/skills/KS1266N77PC4S550YMBS
KS1266P6M5BFH24ZN56Z,Master Scuba Diver,Certification,https://lightcast.io/open-skills/skills/KS1266P6M5BFH24ZN56Z
KS1266Q65PZVDRCG3V8M,Master Transit Bus Technician,Certification,https://lightcast.io/open-skills/skills/KS1266Q65PZVDRCG3V8M
ES2306F6AC4F62715FFC,Master of Healthcare Administration,Certification,https://lightcast.io/open-skills/skills/ES2306F6AC4F62715FFC
ES609057967D3737BBDC,Mate (Pilot) Of Towing Vessels,Certification,https://lightcast.io/open-skills/skills/ES609057967D3737BBDC
KS1266Y6B11KCWKFYGS4,Materials Selection/Design Specialist,Certification,https://lightcast.io/open-skills/skills/KS1266Y6B11KCWKFYGS4
ES2169A432D6BAEB78F3,Maternal Newborn Nursing (RNC-MN),Certification,https://lightcast.io/open-skills/skills/ES2169A432D6BAEB78F3
ES4F00011DE45BD9BB3F,Math Endorsement,Certification,https://lightcast.io/open-skills/skills/ES4F00011DE45BD9BB3F
ES26ED0DB66B9D781881,Maynard Operation Sequence Technique (MOST) Certification,Certification,https://lightcast.io/open-skills/skills/ES26ED0DB66B9D781881
ES418C3233CB2968F832,Meat Cutter Certification,Certification,https://lightcast.io/open-skills/skills/ES418C3233CB2968F832
ESB8176A3B63878C59A7,Mechatronics Certification,Certification,https://lightcast.io/open-skills/skills/ESB8176A3B63878C59A7
ES6C8A931DA516DD28C8,Medical Aesthetician License,Certification,https://lightcast.io/open-skills/skills/ES6C8A931DA516DD28C8
ES7FA55A9082D19BC869,Medical Billing And Coding Certification,Certification,https://lightcast.io/open-skills/skills/ES7FA55A9082D19BC869
KS1268G74VGYRCYN069X,Medical Care Person In Charge,Certification,https://lightcast.io/open-skills/skills/KS1268G74VGYRCYN069X
KS126B26GDL5FM0TNHXX,Medical Certificate,Certification,https://lightcast.io/open-skills/skills/KS126B26GDL5FM0TNHXX
KS126B36G31K8LTH2B9S,Medical Certifications,Certification,https://lightcast.io/open-skills/skills/KS126B36G31K8LTH2B9S
ES6CBACF75E8BDC53F20,Medical Coding Certification,Certification,https://lightcast.io/open-skills/skills/ES6CBACF75E8BDC53F20
KS126B777FZ4C2PH5SDL,Medical Exercise Specialist,Certification,https://lightcast.io/open-skills/skills/KS126B777FZ4C2PH5SDL
ESDDBCE0791F49D5147F,Medical Laboratory Assistant (MLA-ASCP),Certification,https://lightcast.io/open-skills/skills/ESDDBCE0791F49D5147F
ES2DF8CA0E8CEEB08FC7,Medical Laboratory Scientist (MLS-ASCP),Certification,https://lightcast.io/open-skills/skills/ES2DF8CA0E8CEEB08FC7
ES231CD0EBDE74E67FEA,Medical Laboratory Technician (MLT-ASCP),Certification,https://lightcast.io/open-skills/skills/ES231CD0EBDE74E67FEA
KS126BD6SWTVWLY24SRC,Medical License,Certification,https://lightcast.io/open-skills/skills/KS126BD6SWTVWLY24SRC
KS126BN6QZT4LD666VLG,Medical Review Officer,Certification,https://lightcast.io/open-skills/skills/KS126BN6QZT4LD666VLG
KS126BS6HYQ9WX8DJRNK,Medical Surgical Nursing Certification,Certification,https://lightcast.io/open-skills/skills/KS126BS6HYQ9WX8DJRNK
ESB305AC0278EC84821D,Medical Telemetry Certification,Certification,https://lightcast.io/open-skills/skills/ESB305AC0278EC84821D
KS126RQ6RWDVSM9Y16BL,Medical-Surgical Nursing Board Certification (MEDSURG-BC),Certification,https://lightcast.io/open-skills/skills/KS126RQ6RWDVSM9Y16BL
ESFDC31E99BA60182D99,Medication Administration Certification,Certification,https://lightcast.io/open-skills/skills/ESFDC31E99BA60182D99
ES874661E61612F924CC,Medication Administration Program (MAP) Certification,Certification,https://lightcast.io/open-skills/skills/ES874661E61612F924CC
KS1261W6LF2CF4PT250W,Medication Aide Certification Examination (MACE),Certification,https://lightcast.io/open-skills/skills/KS1261W6LF2CF4PT250W
ESD363FA6E26801F5B2E,Medication Therapy Management (MTM) Certification,Certification,https://lightcast.io/open-skills/skills/ESD363FA6E26801F5B2E
KS1261K6VFKQTQ3D5H01,Member Of The American Academy Of Actuaries (MAAA),Certification,https://lightcast.io/open-skills/skills/KS1261K6VFKQTQ3D5H01
ES6B07A051482A481DC3,Meter Operation Code Of Practice Agreement (MOCOPA),Certification,https://lightcast.io/open-skills/skills/ES6B07A051482A481DC3
ESDDCF1E8A69A7E33F70,Micro-Miniature (2M) Certified Technician,Certification,https://lightcast.io/open-skills/skills/ESDDCF1E8A69A7E33F70
ES183534EFBB0EC73F44,Microsoft Azure Certification,Certification,https://lightcast.io/open-skills/skills/ES183534EFBB0EC73F44
KS126H16R44PPPZJFY1Z,Microsoft Business Certification,Certification,https://lightcast.io/open-skills/skills/KS126H16R44PPPZJFY1Z
KS126H36LX0QH2XV38FF,Microsoft Certified Application Developer,Certification,https://lightcast.io/open-skills/skills/KS126H36LX0QH2XV38FF
KS126H3780WWC273JHRJ,Microsoft Certified Application Specialist,Certification,https://lightcast.io/open-skills/skills/KS126H3780WWC273JHRJ
KS126H45Y5GV2WZTPT7X,Microsoft Certified Architect,Certification,https://lightcast.io/open-skills/skills/KS126H45Y5GV2WZTPT7X
KS126857039QLPB239F8,Microsoft Certified Database Administrator,Certification,https://lightcast.io/open-skills/skills/KS126857039QLPB239F8
KS126866R7TT6XJPHQ3M,Microsoft Certified Desktop Support Technician,Certification,https://lightcast.io/open-skills/skills/KS126866R7TT6XJPHQ3M
KS1268C69J6WK7QD4PK1,Microsoft Certified IT Professional,Certification,https://lightcast.io/open-skills/skills/KS1268C69J6WK7QD4PK1
KS126H56CFK1TXCT7Y2W,Microsoft Certified Learning Consultant,Certification,https://lightcast.io/open-skills/skills/KS126H56CFK1TXCT7Y2W
KS126H56LT9GNSVJTMQ5,Microsoft Certified Master,Certification,https://lightcast.io/open-skills/skills/KS126H56LT9GNSVJTMQ5
KS1268F6NMK98D1ZN6CH,Microsoft Certified Network Product Specialist,Certification,https://lightcast.io/open-skills/skills/KS1268F6NMK98D1ZN6CH
KS126H56V0367451P05W,Microsoft Certified Partner,Certification,https://lightcast.io/open-skills/skills/KS126H56V0367451P05W
KS1267X747W6K2Y3TZL8,Microsoft Certified Professional,Certification,https://lightcast.io/open-skills/skills/KS1267X747W6K2Y3TZL8
KS1268G68T7XRBKR3D5C,Microsoft Certified Professional + Internet,Certification,https://lightcast.io/open-skills/skills/KS1268G68T7XRBKR3D5C
KS1268G6M1QG774DW8DX,Microsoft Certified Professional + Site Building,Certification,https://lightcast.io/open-skills/skills/KS1268G6M1QG774DW8DX
KS1268G6Z9GD60GFZZ99,Microsoft Certified Professional Developer,Certification,https://lightcast.io/open-skills/skills/KS1268G6Z9GD60GFZZ99
ES73EA37B7B8DBE55722,Microsoft Certified SharePoint Developer,Certification,https://lightcast.io/open-skills/skills/ES73EA37B7B8DBE55722
KS1268L6BVFBP4F4ZCK2,Microsoft Certified Solution Developer (MCSD),Certification,https://lightcast.io/open-skills/skills/KS1268L6BVFBP4F4ZCK2
KS126H66DXM6GF39QR5H,Microsoft Certified Solutions Associate,Certification,https://lightcast.io/open-skills/skills/KS126H66DXM6GF39QR5H
KS126H767Z7NYKGJ0LM5,Microsoft Certified Solutions Expert,Certification,https://lightcast.io/open-skills/skills/KS126H767Z7NYKGJ0LM5
KS126H86PSL1GDFMNJXB,Microsoft Certified Solutions Master,Certification,https://lightcast.io/open-skills/skills/KS126H86PSL1GDFMNJXB
KS1268L5WLLW6TY4KKPZ,Microsoft Certified Systems Administrator,Certification,https://lightcast.io/open-skills/skills/KS1268L5WLLW6TY4KKPZ
KS1268L5X20MR18D2BQT,Microsoft Certified Systems Administrator- Messaging (MCSAM),Certification,https://lightcast.io/open-skills/skills/KS1268L5X20MR18D2BQT
KS1268L628BGGR7BFW2R,Microsoft Certified Systems Administrator- Security (MCSAS),Certification,https://lightcast.io/open-skills/skills/KS1268L628BGGR7BFW2R
KS1268L6LKZGY3ZSZYZX,Microsoft Certified Systems Engineer,Certification,https://lightcast.io/open-skills/skills/KS1268L6LKZGY3ZSZYZX
KS1268M61CD11059SJRX,Microsoft Certified Systems Engineer + Internet,Certification,https://lightcast.io/open-skills/skills/KS1268M61CD11059SJRX
KS1268M72VJDQW59GSVS,Microsoft Certified Systems Engineer- Security,Certification,https://lightcast.io/open-skills/skills/KS1268M72VJDQW59GSVS
KS126JV6PT4J3K1ZCRR6,Microsoft Certified Technology Associate,Certification,https://lightcast.io/open-skills/skills/KS126JV6PT4J3K1ZCRR6
KS126H960FWG9WQV8GNP,Microsoft Certified Technology Specialist,Certification,https://lightcast.io/open-skills/skills/KS126H960FWG9WQV8GNP
KS126H96SF377R48HBW7,Microsoft Certified Trainer,Certification,https://lightcast.io/open-skills/skills/KS126H96SF377R48HBW7
KS126H96X1MFT7J3XD2M,Microsoft Certified Training Partner,Certification,https://lightcast.io/open-skills/skills/KS126H96X1MFT7J3XD2M
ES8EECE68CB25EC96F70,Microsoft Certified: Azure AI Engineer Associate,Certification,https://lightcast.io/open-skills/skills/ES8EECE68CB25EC96F70
ESB3631405EBEEEB0053,Microsoft Certified: Azure AI Fundamentals,Certification,https://lightcast.io/open-skills/skills/ESB3631405EBEEEB0053
ESFA70F50E982F629081,Microsoft Certified: Azure Administrator Associate,Certification,https://lightcast.io/open-skills/skills/ESFA70F50E982F629081
ES5E801B132B1738E74C,Microsoft Certified: Azure Cosmos DB Developer Specialty,Certification,https://lightcast.io/open-skills/skills/ES5E801B132B1738E74C
ES788DC8051D756D8B26,Microsoft Certified: Azure Data Engineer Associate,Certification,https://lightcast.io/open-skills/skills/ES788DC8051D756D8B26
ESAFB223A264F18B879A,Microsoft Certified: Azure Data Fundamentals,Certification,https://lightcast.io/open-skills/skills/ESAFB223A264F18B879A
ES6B5B8FCD1B149E1658,Microsoft Certified: Azure Data Scientist Associate,Certification,https://lightcast.io/open-skills/skills/ES6B5B8FCD1B149E1658
ES38AF1E5B267F838337,Microsoft Certified: Azure Database Administrator Associate,Certification,https://lightcast.io/open-skills/skills/ES38AF1E5B267F838337
ESA4571E3A6114152346,Microsoft Certified: Azure Developer Associate,Certification,https://lightcast.io/open-skills/skills/ESA4571E3A6114152346
ES1F3C3033F69AEECD34,Microsoft Certified: Azure Enterprise Data Analyst Associate,Certification,https://lightcast.io/open-skills/skills/ES1F3C3033F69AEECD34
ES9FFEBF0F83EF7A5785,Microsoft Certified: Azure For SAP Workloads Specialty,Certification,https://lightcast.io/open-skills/skills/ES9FFEBF0F83EF7A5785
ES24213ADEE82425C6A2,Microsoft Certified: Azure Fundamentals,Certification,https://lightcast.io/open-skills/skills/ES24213ADEE82425C6A2
ESDF1AFC0677D65BE2A7,Microsoft Certified: Azure IoT Developer Specialty,Certification,https://lightcast.io/open-skills/skills/ESDF1AFC0677D65BE2A7
ES1C0F4CA5D7B835E389,Microsoft Certified: Azure Network Engineer Associate,Certification,https://lightcast.io/open-skills/skills/ES1C0F4CA5D7B835E389
ES54E0C3B5490BC3B849,Microsoft Certified: Azure Security Engineer Associate,Certification,https://lightcast.io/open-skills/skills/ES54E0C3B5490BC3B849
ESE4F0D77D318DED1E07,Microsoft Certified: Azure Solutions Architect Expert,Certification,https://lightcast.io/open-skills/skills/ESE4F0D77D318DED1E07
ESF0D192374AB6917378,Microsoft Certified: Azure Support Engineer For Connectivity Specialty,Certification,https://lightcast.io/open-skills/skills/ESF0D192374AB6917378
ESC790E1D6DF18846C8C,Microsoft Certified: Azure Virtual Desktop Specialty,Certification,https://lightcast.io/open-skills/skills/ESC790E1D6DF18846C8C
ES40E702A64ADF312568,Microsoft Certified: Dynamics 365 Fundamentals (CRM),Certification,https://lightcast.io/open-skills/skills/ES40E702A64ADF312568
ESA1971DBEB7FED2E13C,Microsoft Dynamics 365 Field Service Certification,Certification,https://lightcast.io/open-skills/skills/ESA1971DBEB7FED2E13C
KS126J56WCCHH73VTCV7,Microsoft Office Specialist,Certification,https://lightcast.io/open-skills/skills/KS126J56WCCHH73VTCV7
ES40442C85736584A15C,Microsoft Office Specialist (MOS) - Access,Certification,https://lightcast.io/open-skills/skills/ES40442C85736584A15C
ES10911C7E28949BA3A1,Microsoft Office Specialist (MOS) - Excel,Certification,https://lightcast.io/open-skills/skills/ES10911C7E28949BA3A1
ES6A40C30FA9890FDE1E,Microsoft Office Specialist (MOS) - OneNote,Certification,https://lightcast.io/open-skills/skills/ES6A40C30FA9890FDE1E
ES1DAC7E1F64BA58F1CB,Microsoft Office Specialist (MOS) - Outlook,Certification,https://lightcast.io/open-skills/skills/ES1DAC7E1F64BA58F1CB
ES8EF1D4067781935BF7,Microsoft Office Specialist (MOS) - PowerPoint,Certification,https://lightcast.io/open-skills/skills/ES8EF1D4067781935BF7
ESFB2DDEC6DDCDD66B77,Microsoft Office Specialist (MOS) - SharePoint,Certification,https://lightcast.io/open-skills/skills/ESFB2DDEC6DDCDD66B77
ESC491E8EF5EEB85962E,Microsoft Office Specialist (MOS) - Word,Certification,https://lightcast.io/open-skills/skills/ESC491E8EF5EEB85962E
KS126J5787N5D1YXR0FM,Microsoft Office Specialist Master,Certification,https://lightcast.io/open-skills/skills/KS126J5787N5D1YXR0FM
KS126J65Y6FJC39CH85S,Microsoft Office User Specialist,Certification,https://lightcast.io/open-skills/skills/KS126J65Y6FJC39CH85S
KS126JD5YBG135ZKRS68,Microsoft Project Certification,Certification,https://lightcast.io/open-skills/skills/KS126JD5YBG135ZKRS68
KS126JQ6ZWWVP02H9F02,Microsoft Specialist,Certification,https://lightcast.io/open-skills/skills/KS126JQ6ZWWVP02H9F02
ESF1D2B29CA1B1F9F2BB,Microsoft Windows Certification,Certification,https://lightcast.io/open-skills/skills/ESF1D2B29CA1B1F9F2BB
ES5F0B629A39F58C04B3,Microsoft Windows Server Certification,Certification,https://lightcast.io/open-skills/skills/ES5F0B629A39F58C04B3
ESC0C3A72D2D602A5711,Midwife Sonography Certificate,Certification,https://lightcast.io/open-skills/skills/ESC0C3A72D2D602A5711
ESD986408F7DB8BA6898,Midwifery License,Certification,https://lightcast.io/open-skills/skills/ESD986408F7DB8BA6898
KS126RX5VVTZFPH3NVS0,MikroTik Certified Network Associate,Certification,https://lightcast.io/open-skills/skills/KS126RX5VVTZFPH3NVS0
KS126S06DR4MQ0G11THH,MikroTik Certified Routing Engineer,Certification,https://lightcast.io/open-skills/skills/KS126S06DR4MQ0G11THH
ESAEA6691E68CBF33C22,Military Driver's License,Certification,https://lightcast.io/open-skills/skills/ESAEA6691E68CBF33C22
KS684GQ6SN1MTVM79SQ0,Minimum Industry Safety Training,Certification,https://lightcast.io/open-skills/skills/KS684GQ6SN1MTVM79SQ0
ESB3564240A26BF26FBE,Mixologist Certification,Certification,https://lightcast.io/open-skills/skills/ESB3564240A26BF26FBE
KS1269L726VB5RNMJXLJ,Mobile Electronics Certified Professional,Certification,https://lightcast.io/open-skills/skills/KS1269L726VB5RNMJXLJ
KS126G2632L3GCCRF5D0,Mobile Intensive Care Nurse,Certification,https://lightcast.io/open-skills/skills/KS126G2632L3GCCRF5D0
ESEA3A85BBC06725CE51,MongoDB Certification,Certification,https://lightcast.io/open-skills/skills/ESEA3A85BBC06725CE51
ESB42093C12B2FA2D26C,MongoDB Certified DBA,Certification,https://lightcast.io/open-skills/skills/ESB42093C12B2FA2D26C
ESF11CE26239361DB4D8,MongoDB Certified Developer,Certification,https://lightcast.io/open-skills/skills/ESF11CE26239361DB4D8
KS1267X5YGXD5K6MF8N2,Mortgage Compliance Achievement,Certification,https://lightcast.io/open-skills/skills/KS1267X5YGXD5K6MF8N2
ESA15E352F62FC904EBD,Mortgage License,Certification,https://lightcast.io/open-skills/skills/ESA15E352F62FC904EBD
ES81FCD0899B938607ED,Motivational Interviewing Certification,Certification,https://lightcast.io/open-skills/skills/ES81FCD0899B938607ED
BGSB8587B71B6A946789,Multi-Engine Land (MEL),Certification,https://lightcast.io/open-skills/skills/BGSB8587B71B6A946789
ESD3C28990D197776C48,Music Therapist - Board Certified (MT-BC),Certification,https://lightcast.io/open-skills/skills/ESD3C28990D197776C48
KS126V267G9S9JQD687D,MySQL Certified Developer,Certification,https://lightcast.io/open-skills/skills/KS126V267G9S9JQD687D
ES49913A6642C70A8EAC,Myers-Briggs Type Indicator (MBTI) Certification,Certification,https://lightcast.io/open-skills/skills/ES49913A6642C70A8EAC
KS126WH75RDNGL4KBX1F,N-Power Certified Enterprise Systems Engineer,Certification,https://lightcast.io/open-skills/skills/KS126WH75RDNGL4KBX1F
ES4D007890BE2F8F24EC,NABCEP Certified Energy Practitioner,Certification,https://lightcast.io/open-skills/skills/ES4D007890BE2F8F24EC
KS126VK73FM99WRQ3MRC,NACSE Associate Network Specialist,Certification,https://lightcast.io/open-skills/skills/KS126VK73FM99WRQ3MRC
KS126V471JGGPQ5ZW4P4,NACSE Certified Webmaster,Certification,https://lightcast.io/open-skills/skills/KS126V471JGGPQ5ZW4P4
KS126V56PZ5PJBLPMMTT,NACSE Web Technician,Certification,https://lightcast.io/open-skills/skills/KS126V56PZ5PJBLPMMTT
KS126V57666QSLPXSD63,NAFA Certified,Certification,https://lightcast.io/open-skills/skills/KS126V57666QSLPXSD63
KS126V66S7XTT3KG8PFM,NAFA Certified Technician,Certification,https://lightcast.io/open-skills/skills/KS126V66S7XTT3KG8PFM
ES3C3CCA94C928D97526,NASM Nutrition Coach Certification,Certification,https://lightcast.io/open-skills/skills/ES3C3CCA94C928D97526
ES916BBC5878B560FE2C,NATE Air Conditioning Certification,Certification,https://lightcast.io/open-skills/skills/ES916BBC5878B560FE2C
ESEEB3E801E32BBBE377,NATE Air Distribution Certification,Certification,https://lightcast.io/open-skills/skills/ESEEB3E801E32BBBE377
ES8BE3DB6264A465972E,NATE Air To Air Heat Pump Certification,Certification,https://lightcast.io/open-skills/skills/ES8BE3DB6264A465972E
ES59787802A4D12E9D36,NATE Certification (North American Technician Excellence),Certification,https://lightcast.io/open-skills/skills/ES59787802A4D12E9D36
ESDC9663477A3D624E48,NATE Certified Ground Source Heat Pump Installer,Certification,https://lightcast.io/open-skills/skills/ESDC9663477A3D624E48
ES92DB034516B073B1C7,NATE Certified Senior Level Efficiency Analyst,Certification,https://lightcast.io/open-skills/skills/ES92DB034516B073B1C7
ES2A3F48CD98FF7296E5,NATE Commercial Refrigeration Certification,Certification,https://lightcast.io/open-skills/skills/ES2A3F48CD98FF7296E5
ESF73B9DE278FC4FEE97,NATE Gas Heating Certification,Certification,https://lightcast.io/open-skills/skills/ESF73B9DE278FC4FEE97
ESEA1F1F4A4E37D23164,NATE HVAC Performance Verifier Certification,Certification,https://lightcast.io/open-skills/skills/ESEA1F1F4A4E37D23164
ES590600C5DF282A4F79,NATE HVAC Support Technician Certificate,Certification,https://lightcast.io/open-skills/skills/ES590600C5DF282A4F79
ESF1F1E736360E5D10C6,NATE Heat Pump Certification,Certification,https://lightcast.io/open-skills/skills/ESF1F1E736360E5D10C6
ES5073E071E5EE401DA8,NATE Hydronics Gas Certification,Certification,https://lightcast.io/open-skills/skills/ES5073E071E5EE401DA8
ES7CD3146B3251A329F2,NATE Hydronics Oil Certification,Certification,https://lightcast.io/open-skills/skills/ES7CD3146B3251A329F2
ESEEF2E83D5EE4A340C0,NATE Light Commercial Refrigeration Certification,Certification,https://lightcast.io/open-skills/skills/ESEEF2E83D5EE4A340C0
ESD8DFD507E4354B0F51,NATE Low-GWP Refrigerants Certification,Certification,https://lightcast.io/open-skills/skills/ESD8DFD507E4354B0F51
ESC9A8A5FB3985F85F26,NATE Oil Heating Certification,Certification,https://lightcast.io/open-skills/skills/ESC9A8A5FB3985F85F26
ESCA1A7113F690C7A49F,NATE Ready-To-Work Certificate,Certification,https://lightcast.io/open-skills/skills/ESCA1A7113F690C7A49F
ESC64A8CC6F4F880AA35,NCCER Abnormal Operating Conditions,Certification,https://lightcast.io/open-skills/skills/ESC64A8CC6F4F880AA35
ES1EB5B08E727FDAE817,NCCER Alternative Energy,Certification,https://lightcast.io/open-skills/skills/ES1EB5B08E727FDAE817
ES9DD9382F231249408B,NCCER Basic Safety,Certification,https://lightcast.io/open-skills/skills/ES9DD9382F231249408B
ES7B79CAFFA6EFF46EB5,NCCER Boilermaking,Certification,https://lightcast.io/open-skills/skills/ES7B79CAFFA6EFF46EB5
ES50D7A99F7E27F7E2D9,NCCER Cabinetmaking,Certification,https://lightcast.io/open-skills/skills/ES50D7A99F7E27F7E2D9
ES16DDEF3A3EAC6565B8,NCCER Carpentry,Certification,https://lightcast.io/open-skills/skills/ES16DDEF3A3EAC6565B8
ESA02B352AFC7C94D0FE,NCCER Concrete Construction,Certification,https://lightcast.io/open-skills/skills/ESA02B352AFC7C94D0FE
ES6D56D8774C1B2C71B6,NCCER Construction Craft Laborer,Certification,https://lightcast.io/open-skills/skills/ES6D56D8774C1B2C71B6
ESDF2EDF11F65D1AE417,NCCER Construction Technology,Certification,https://lightcast.io/open-skills/skills/ESDF2EDF11F65D1AE417
ES2657649EAC3802827B,NCCER Core Curriculum,Certification,https://lightcast.io/open-skills/skills/ES2657649EAC3802827B
ES487A27F57901FA3010,NCCER Drywall,Certification,https://lightcast.io/open-skills/skills/ES487A27F57901FA3010
ES5A3332486A4CF785EA,NCCER Electrical,Certification,https://lightcast.io/open-skills/skills/ES5A3332486A4CF785EA
ESCEFD8975F6EF45298F,NCCER Electronic Systems Technician,Certification,https://lightcast.io/open-skills/skills/ESCEFD8975F6EF45298F
ES6D9E376E93B1D5F832,NCCER Fall Protection Orientation,Certification,https://lightcast.io/open-skills/skills/ES6D9E376E93B1D5F832
ES8D6ED82979281BDE1C,NCCER Field Safety,Certification,https://lightcast.io/open-skills/skills/ES8D6ED82979281BDE1C
ES73489172BC9DDE9AF9,NCCER Foreman,Certification,https://lightcast.io/open-skills/skills/ES73489172BC9DDE9AF9
ES2BCE59DBFE5A43943F,NCCER Fundamentals Of Crew Leadership,Certification,https://lightcast.io/open-skills/skills/ES2BCE59DBFE5A43943F
ES20D49CB44EBD17E32A,NCCER Glazier,Certification,https://lightcast.io/open-skills/skills/ES20D49CB44EBD17E32A
ES5A1C525DC09C631DD1,NCCER HEO Backhoe,Certification,https://lightcast.io/open-skills/skills/ES5A1C525DC09C631DD1
ES8EC78A07EB19F839C7,NCCER HEO Compaction Equipment,Certification,https://lightcast.io/open-skills/skills/ES8EC78A07EB19F839C7
ESB52C3C6B8C722468C3,NCCER HEO Dozer,Certification,https://lightcast.io/open-skills/skills/ESB52C3C6B8C722468C3
ES4ACF38F64EB4090D48,NCCER HEO Excavator,Certification,https://lightcast.io/open-skills/skills/ES4ACF38F64EB4090D48
ESF031741A1CB88CBBF2,NCCER HEO Forklift,Certification,https://lightcast.io/open-skills/skills/ESF031741A1CB88CBBF2
ES9A40441E8C2F6E855D,NCCER HEO Loader,Certification,https://lightcast.io/open-skills/skills/ES9A40441E8C2F6E855D
ES1230A4B62B1B37CA83,NCCER HEO Motor Grader,Certification,https://lightcast.io/open-skills/skills/ES1230A4B62B1B37CA83
ES4A726CA61326603FBB,NCCER HEO Off-Road Dump Truck,Certification,https://lightcast.io/open-skills/skills/ES4A726CA61326603FBB
ES40A7722710CD8F9847,NCCER HEO Operations Craft Completion,Certification,https://lightcast.io/open-skills/skills/ES40A7722710CD8F9847
ESE58F755F4DF8D214AE,NCCER HEO Scraper,Certification,https://lightcast.io/open-skills/skills/ESE58F755F4DF8D214AE
ES1B2F98F29744A95135,NCCER HEO Skid Steer,Certification,https://lightcast.io/open-skills/skills/ES1B2F98F29744A95135
ES4B4DD0C34C8D54C744,NCCER HVAC,Certification,https://lightcast.io/open-skills/skills/ES4B4DD0C34C8D54C744
ESDF457478E5F6FB62A5,NCCER HVACR,Certification,https://lightcast.io/open-skills/skills/ESDF457478E5F6FB62A5
ESC199F658234F2AF294,NCCER Heavy Equipment Operations,Certification,https://lightcast.io/open-skills/skills/ESC199F658234F2AF294
ES5C0D9C847C3351D4EF,NCCER Heavy Highway Construction,Certification,https://lightcast.io/open-skills/skills/ES5C0D9C847C3351D4EF
ESF6B3CCDE6A92B6665F,NCCER Hydroblasting,Certification,https://lightcast.io/open-skills/skills/ESF6B3CCDE6A92B6665F
ESE73406926B22720249,NCCER Industrial Coating & Lining Application Specialist,Certification,https://lightcast.io/open-skills/skills/ESE73406926B22720249
ESEEC51D6336D91D5F3F,NCCER Industrial Maintenance Electrical & Instrumentation Technician,Certification,https://lightcast.io/open-skills/skills/ESEEC51D6336D91D5F3F
ES91600995872F0B911E,NCCER Industrial Maintenance Mechanic,Certification,https://lightcast.io/open-skills/skills/ES91600995872F0B911E
ESFC64E7ED9F05C75EF3,NCCER Instrumentation,Certification,https://lightcast.io/open-skills/skills/ESFC64E7ED9F05C75EF3
ES89AB7FF7D0D5EC8C43,NCCER Ironworking,Certification,https://lightcast.io/open-skills/skills/ES89AB7FF7D0D5EC8C43
ES314ABF903FB748BFC6,NCCER Managing Electrical Hazards,Certification,https://lightcast.io/open-skills/skills/ES314ABF903FB748BFC6
ESCBD5A4571DD76758F8,NCCER Manufactured Construction Technology,Certification,https://lightcast.io/open-skills/skills/ESCBD5A4571DD76758F8
ES9C768DCD4EA6DBAA2A,NCCER Maritime Aluminum Welding,Certification,https://lightcast.io/open-skills/skills/ES9C768DCD4EA6DBAA2A
ES331C5D486157EF5196,NCCER Maritime Electrical,Certification,https://lightcast.io/open-skills/skills/ES331C5D486157EF5196
ES10353790FF3EAD9B2F,NCCER Maritime Pipefitting,Certification,https://lightcast.io/open-skills/skills/ES10353790FF3EAD9B2F
ESAD5E6F4284A649BA1F,NCCER Maritime Structural Fitter,Certification,https://lightcast.io/open-skills/skills/ESAD5E6F4284A649BA1F
ES40427F5EA9BC048A70,NCCER Maritime Welding,Certification,https://lightcast.io/open-skills/skills/ES40427F5EA9BC048A70
ES84F1A45D959DC5C9C8,NCCER Masonry,Certification,https://lightcast.io/open-skills/skills/ES84F1A45D959DC5C9C8
ES2E648DD0DE95DD586F,NCCER Mechanical Insulating,Certification,https://lightcast.io/open-skills/skills/ES2E648DD0DE95DD586F
ESB8B20845F57441F26C,NCCER Millwright,Certification,https://lightcast.io/open-skills/skills/ESB8B20845F57441F26C
ESF5ADAF2AFF67CB10D5,NCCER Mobile Crane Operator,Certification,https://lightcast.io/open-skills/skills/ESF5ADAF2AFF67CB10D5
ESF96AD596D12E0086B2,NCCER Painting,Certification,https://lightcast.io/open-skills/skills/ESF96AD596D12E0086B2
ES1FC888DCB91757ECF9,NCCER Pipefitting,Certification,https://lightcast.io/open-skills/skills/ES1FC888DCB91757ECF9
ESAF984885E79FC816A4,NCCER Pipelayer,Certification,https://lightcast.io/open-skills/skills/ESAF984885E79FC816A4
ESD6C700FBDD90F365D5,NCCER Pipeline Corrosion Control,Certification,https://lightcast.io/open-skills/skills/ESD6C700FBDD90F365D5
ESA2DA456CCB0657DCBE,NCCER Pipeline Electrical & Instrumentation,Certification,https://lightcast.io/open-skills/skills/ESA2DA456CCB0657DCBE
ESAB2C5740439BA82905,NCCER Pipeline Field & Control Center Operations,Certification,https://lightcast.io/open-skills/skills/ESAB2C5740439BA82905
ES101C20A1CC3B252635,NCCER Pipeline Maintenance & Mechanical,Certification,https://lightcast.io/open-skills/skills/ES101C20A1CC3B252635
ES27C2DCA431AD7B7636,NCCER Plumbing,Certification,https://lightcast.io/open-skills/skills/ES27C2DCA431AD7B7636
ES8BABADFE3AA64ADD49,NCCER Power Generation I&C Maintenance Technician,Certification,https://lightcast.io/open-skills/skills/ES8BABADFE3AA64ADD49
ESBEDDA12EFA6B8AEDDC,NCCER Power Generation Maintenance Electrician,Certification,https://lightcast.io/open-skills/skills/ESBEDDA12EFA6B8AEDDC
ES573A10782D8533CE82,NCCER Power Generation Maintenance Mechanic,Certification,https://lightcast.io/open-skills/skills/ES573A10782D8533CE82
ES7B88101ED4F1679BE6,NCCER Power Line Worker,Certification,https://lightcast.io/open-skills/skills/ES7B88101ED4F1679BE6
ESD6DB607BFD544198CE,NCCER Project Management,Certification,https://lightcast.io/open-skills/skills/ESD6DB607BFD544198CE
ESD24A3DE6FE1ECF8B12,NCCER Project Supervision,Certification,https://lightcast.io/open-skills/skills/ESD24A3DE6FE1ECF8B12
ESABB579E985218ED279,NCCER Reinforcing Ironwork,Certification,https://lightcast.io/open-skills/skills/ESABB579E985218ED279
ES4B75436581066F8514,NCCER Rigger,Certification,https://lightcast.io/open-skills/skills/ES4B75436581066F8514
ES8202E3C612D0E9189F,NCCER Roofing,Certification,https://lightcast.io/open-skills/skills/ES8202E3C612D0E9189F
ES647A3297D4DC0F956B,NCCER Safety Technology,Certification,https://lightcast.io/open-skills/skills/ES647A3297D4DC0F956B
ESFD47F3D4B39A179587,NCCER Scaffolding,Certification,https://lightcast.io/open-skills/skills/ESFD47F3D4B39A179587
ESF0234992AF540E968C,NCCER Sheet Metal,Certification,https://lightcast.io/open-skills/skills/ESF0234992AF540E968C
ESE0375B9F894A4FDDB0,NCCER Signal Person,Certification,https://lightcast.io/open-skills/skills/ESE0375B9F894A4FDDB0
ESF73BDC9E94045DFCDC,NCCER Site Layout,Certification,https://lightcast.io/open-skills/skills/ESF73BDC9E94045DFCDC
ESB3AC1F5F2F157A95A3,NCCER Solar Photovoltaics,Certification,https://lightcast.io/open-skills/skills/ESB3AC1F5F2F157A95A3
ESD7373B1FB3C9AC1FED,NCCER Sprinkler Fitting,Certification,https://lightcast.io/open-skills/skills/ESD7373B1FB3C9AC1FED
ES4C9E7F915E6C08A742,NCCER Sustainable Construction,Certification,https://lightcast.io/open-skills/skills/ES4C9E7F915E6C08A742
ESB64B0DF838584DDDE8,NCCER Tower Crane Operator,Certification,https://lightcast.io/open-skills/skills/ESB64B0DF838584DDDE8
ESAC7DD90AF3DE0F6497,NCCER Weatherization,Certification,https://lightcast.io/open-skills/skills/ESAC7DD90AF3DE0F6497
ESC6E27FC024DF81F4D9,NCCER Welding,Certification,https://lightcast.io/open-skills/skills/ESC6E27FC024DF81F4D9
ES3D2669AA347FDCD468,NCCER Wind Energy,Certification,https://lightcast.io/open-skills/skills/ES3D2669AA347FDCD468
KS683D96N0C55VR88G5Z,NEBOSH Certificate,Certification,https://lightcast.io/open-skills/skills/KS683D96N0C55VR88G5Z
KS6822X6G8X7HZQYH51L,NEBOSH Diploma,Certification,https://lightcast.io/open-skills/skills/KS6822X6G8X7HZQYH51L
KS1271373C9DY483K5F6,NHA Certified,Certification,https://lightcast.io/open-skills/skills/KS1271373C9DY483K5F6
ES80F7A4B9595128277C,NICET Asphalt Certification,Certification,https://lightcast.io/open-skills/skills/ES80F7A4B9595128277C
ESDD39DE10D70C024788,NICET Audio Systems,Certification,https://lightcast.io/open-skills/skills/ESDD39DE10D70C024788
ES6A4C360D871C112149,NICET Bridge Safety Inspection,Certification,https://lightcast.io/open-skills/skills/ES6A4C360D871C112149
ESC3541A1C781484DEED,NICET Certification (National Institute For Certification In Engineering Technologies),Certification,https://lightcast.io/open-skills/skills/ESC3541A1C781484DEED
ES6D3822F527F163175E,NICET Concrete Certification,Certification,https://lightcast.io/open-skills/skills/ES6D3822F527F163175E
ESC73A66AEF448D3A41E,NICET Construction Material Testing Certification,Certification,https://lightcast.io/open-skills/skills/ESC73A66AEF448D3A41E
ES919DBF8FCEE224EB22,NICET Electrical Power Testing,Certification,https://lightcast.io/open-skills/skills/ES919DBF8FCEE224EB22
ES153D32BF694D4B2BA7,NICET Erosion and Sediment Control,Certification,https://lightcast.io/open-skills/skills/ES153D32BF694D4B2BA7
ESC2BC3D3559385953FF,NICET Fire Alarm Systems,Certification,https://lightcast.io/open-skills/skills/ESC2BC3D3559385953FF
ES4BAF8084887BD156FB,NICET Geotechnical Engineering,Certification,https://lightcast.io/open-skills/skills/ES4BAF8084887BD156FB
ES4177C64DBEBCC5EECB,NICET Highway Construction Inspection Certification,Certification,https://lightcast.io/open-skills/skills/ES4177C64DBEBCC5EECB
ESECC19805CD3366B0E0,NICET Highway Design,Certification,https://lightcast.io/open-skills/skills/ESECC19805CD3366B0E0
ES5B30376C2A1E8C62E1,NICET Highway Surveys,Certification,https://lightcast.io/open-skills/skills/ES5B30376C2A1E8C62E1
ES2C7D3CEC3D3C07E4BE,NICET Highway System Maintenance And Preservation,Certification,https://lightcast.io/open-skills/skills/ES2C7D3CEC3D3C07E4BE
ESEC3F83512054C1C0D6,NICET Highway Traffic Operations,Certification,https://lightcast.io/open-skills/skills/ESEC3F83512054C1C0D6
ES84E55207F6804AA48E,NICET Industrial Instrumentation,Certification,https://lightcast.io/open-skills/skills/ES84E55207F6804AA48E
ES826154EB2199C00854,NICET Inspection And Testing Of Water-Based Systems,Certification,https://lightcast.io/open-skills/skills/ES826154EB2199C00854
ES8B17490E634B27E42C,NICET Level I Certification,Certification,https://lightcast.io/open-skills/skills/ES8B17490E634B27E42C
ESA9F1CD344D8081E961,NICET Level II Certification,Certification,https://lightcast.io/open-skills/skills/ESA9F1CD344D8081E961
ESDE72C56EB52730B924,NICET Level III Certification,Certification,https://lightcast.io/open-skills/skills/ESDE72C56EB52730B924
ES401443F76DFF2F3B62,NICET Level IV Certification,Certification,https://lightcast.io/open-skills/skills/ES401443F76DFF2F3B62
ES8E99662445C6EA4665,NICET Soils Certification,Certification,https://lightcast.io/open-skills/skills/ES8E99662445C6EA4665
ESAA649FB979C55117CE,NICET Special Hazards Systems Certification,Certification,https://lightcast.io/open-skills/skills/ESAA649FB979C55117CE
ESA238AB7B8A0C93DF30,NICET Stormwater And Wastewater System Inspection,Certification,https://lightcast.io/open-skills/skills/ESA238AB7B8A0C93DF30
ES20616AFA3414724B56,NICET Video Security Systems Designer,Certification,https://lightcast.io/open-skills/skills/ES20616AFA3414724B56
ESA32257A9217A0FED82,NICET Video Security Systems Technician,Certification,https://lightcast.io/open-skills/skills/ESA32257A9217A0FED82
ES4ED72FC53EA97708FF,NICET Water And Sewer Lines,Certification,https://lightcast.io/open-skills/skills/ES4ED72FC53EA97708FF
ES3F7E7DC0DB9C6375B8,NICET Water-Based Systems Layout,Certification,https://lightcast.io/open-skills/skills/ES3F7E7DC0DB9C6375B8
ES59FC435717DE61C26A,NICET Water/Wastewater Plants,Certification,https://lightcast.io/open-skills/skills/ES59FC435717DE61C26A
ESE0AFCEBF50A05E52EB,NIH Stroke Scale (NIHSS),Certification,https://lightcast.io/open-skills/skills/ESE0AFCEBF50A05E52EB
ES84E94E22880D66D62D,NIST Cybersecurity Framework (CSF),Certification,https://lightcast.io/open-skills/skills/ES84E94E22880D66D62D
KS1273Q68VWBNSNVPGWW,NRA Certified Pistol Instructor,Certification,https://lightcast.io/open-skills/skills/KS1273Q68VWBNSNVPGWW
KS1273Q6B0B4ZQ8KBLP6,NRA Certified Shotgun Instructor,Certification,https://lightcast.io/open-skills/skills/KS1273Q6B0B4ZQ8KBLP6
KS126V76KYFWRXQPBQ1N,National Affordable Housing Professional,Certification,https://lightcast.io/open-skills/skills/KS126V76KYFWRXQPBQ1N
KS126VB6F6R81M4GWPY1,National Apartment Leasing Professional,Certification,https://lightcast.io/open-skills/skills/KS126VB6F6R81M4GWPY1
KS7G6K371Y7XWV4NXPV0,National Apprenticeship Certificate,Certification,https://lightcast.io/open-skills/skills/KS7G6K371Y7XWV4NXPV0
ES9454FAF054A34137CD,National Board For Certification In Occupational Therapy (NBCOT) Certified,Certification,https://lightcast.io/open-skills/skills/ES9454FAF054A34137CD
ES5F49649A4C859379A2,National Center For Construction Education & Research (NCCER) Certification,Certification,https://lightcast.io/open-skills/skills/ES5F49649A4C859379A2
ES2416867AD5F52E0B4A,National Certification Commission For Acupuncture And Oriental Medicine (NCCAOM) Certification,Certification,https://lightcast.io/open-skills/skills/ES2416867AD5F52E0B4A
KS126VQ6N1HKBPJTNX51,National Certified Counselor,Certification,https://lightcast.io/open-skills/skills/KS126VQ6N1HKBPJTNX51
KS126VR6QWTQXB50KXMJ,National Certified Master Groomer,Certification,https://lightcast.io/open-skills/skills/KS126VR6QWTQXB50KXMJ
KS126WK714VX71HW4VFQ,National Certified Patient Care Technician (NCPCT),Certification,https://lightcast.io/open-skills/skills/KS126WK714VX71HW4VFQ
ESB4D72034DF45334C36,National Certified Peer Specialist (NCPS),Certification,https://lightcast.io/open-skills/skills/ESB4D72034DF45334C36
KS126VR6X4CSDG65ZS0C,National Certified Phlebotomy Technician,Certification,https://lightcast.io/open-skills/skills/KS126VR6X4CSDG65ZS0C
KS126WK5WK0KR62XQD2C,National Council For Interior Design Qualification (NCIDQ),Certification,https://lightcast.io/open-skills/skills/KS126WK5WK0KR62XQD2C
KS126WK6FJH70F09B063,National Council Licensure Examination,Certification,https://lightcast.io/open-skills/skills/KS126WK6FJH70F09B063
KS126WZ6Z1NNW5DCNTZB,National Examination Board In Occupational Safety And Health (NEBOSH) Certified,Certification,https://lightcast.io/open-skills/skills/KS126WZ6Z1NNW5DCNTZB
ES4BC7248265D8F0D9D4,National Green Infrastructure Certification Program,Certification,https://lightcast.io/open-skills/skills/ES4BC7248265D8F0D9D4
ES46BA90F1DA24470A70,National Incident Management Systems (NIMS) Certification,Certification,https://lightcast.io/open-skills/skills/ES46BA90F1DA24470A70
KS1271Q6S7DKKLXN2QTB,National Inspection Testing Certification,Certification,https://lightcast.io/open-skills/skills/KS1271Q6S7DKKLXN2QTB
ES592FECC77A1A675C1A,National Institute For Metalworking Skills (NIMS) Credentials,Certification,https://lightcast.io/open-skills/skills/ES592FECC77A1A675C1A
ESD7929B0A64C5E6614F,National Interpreter Certification (NIC),Certification,https://lightcast.io/open-skills/skills/ESD7929B0A64C5E6614F
KS1273N6B07DPKQMF2RT,National Pool Lifeguard Qualification,Certification,https://lightcast.io/open-skills/skills/KS1273N6B07DPKQMF2RT
ES5B88C39DA2BD367A8C,National Registry Of Certified Chemists (NRCC) Certification,Certification,https://lightcast.io/open-skills/skills/ES5B88C39DA2BD367A8C
ES9B1BCE85939A492C44,National Retail Federation (NRF) Certification,Certification,https://lightcast.io/open-skills/skills/ES9B1BCE85939A492C44
KS126VW62ZW96PW022SY,Nationally Certified Adult Nurse Practitioner,Certification,https://lightcast.io/open-skills/skills/KS126VW62ZW96PW022SY
KS126WN66P9C8RHTBLG8,Nationally Certified In Therapeutic Massage And Bodywork,Certification,https://lightcast.io/open-skills/skills/KS126WN66P9C8RHTBLG8
ES1A3CF8AA2D8E724E2F,Nationally Certified Psychiatric Technician (NCPT),Certification,https://lightcast.io/open-skills/skills/ES1A3CF8AA2D8E724E2F
KS126VW79TWY8VT8JTNK,Nationally Certified School Nurse (NCSN),Certification,https://lightcast.io/open-skills/skills/KS126VW79TWY8VT8JTNK
KS126VX5XFY2C508QX6P,Nationally Certified School Psychologist,Certification,https://lightcast.io/open-skills/skills/KS126VX5XFY2C508QX6P
ES44DA94BBD44266F945,Nationally Registered Advanced Emergency Medical Technician (NRAEMT),Certification,https://lightcast.io/open-skills/skills/ES44DA94BBD44266F945
ES85B235ED15C86D4DE5,Nationally Registered Certified Patient Care Technician (NRCPCT),Certification,https://lightcast.io/open-skills/skills/ES85B235ED15C86D4DE5
ES8C624C3F489CA6BB37,Nationally Registered Emergency Medical Responder (NREMR),Certification,https://lightcast.io/open-skills/skills/ES8C624C3F489CA6BB37
KS123J761Z14WWTP46SY,Nationally Registered Emergency Medical Technician (NREMT),Certification,https://lightcast.io/open-skills/skills/KS123J761Z14WWTP46SY
ESBB09FF1615F1970135,Nationally Registered Paramedic (NRP),Certification,https://lightcast.io/open-skills/skills/ESBB09FF1615F1970135
ES61F42518152F6FDE3B,Nationwide Mortgage Licensing System (NMLS),Certification,https://lightcast.io/open-skills/skills/ES61F42518152F6FDE3B
ESB2624EFECD094F0E59,Neonatal Acute Care Clinical Nurse Specialist (ACCNS-N),Certification,https://lightcast.io/open-skills/skills/ESB2624EFECD094F0E59
KS126XB5VM5Y7WZ2WBC0,Neonatal Intensive Care Nursing (RNC-NIC),Certification,https://lightcast.io/open-skills/skills/KS126XB5VM5Y7WZ2WBC0
KS126XB6NC4F9CD18Z3G,Neonatal Nurse Practitioner,Certification,https://lightcast.io/open-skills/skills/KS126XB6NC4F9CD18Z3G
ES8C4B95789EAB2A1B49,Neonatal Nurse Practitioner (NNP-BC),Certification,https://lightcast.io/open-skills/skills/ES8C4B95789EAB2A1B49
KS126XC6L3JSPQT2T33C,Neonatal Resuscitation Program Certification (NRP),Certification,https://lightcast.io/open-skills/skills/KS126XC6L3JSPQT2T33C
KS7G7JM5XKHYBNM721Q6,Neonatal/Pediatric Specialty (Credential For Respiratory Therapists),Certification,https://lightcast.io/open-skills/skills/KS7G7JM5XKHYBNM721Q6
KS1272369QP3F62K3C4G,Nephrology Nurses Certification Commission,Certification,https://lightcast.io/open-skills/skills/KS1272369QP3F62K3C4G
KS126ZQ5Z6LBLTGQW5Z6,Network Security Certification,Certification,https://lightcast.io/open-skills/skills/KS126ZQ5Z6LBLTGQW5Z6
KS126ZQ6KDRHQYKPD3HY,Network Security Certified Professional,Certification,https://lightcast.io/open-skills/skills/KS126ZQ6KDRHQYKPD3HY
KS126ZR690C6H81NW1VL,Network Security Specialist,Certification,https://lightcast.io/open-skills/skills/KS126ZR690C6H81NW1VL
KS126ZV74WRH16JKB3NB,Network Technical Support Certification,Certification,https://lightcast.io/open-skills/skills/KS126ZV74WRH16JKB3NB
KS126ZZ63S9HP37QFWSS,Networking Concepts Certification,Certification,https://lightcast.io/open-skills/skills/KS126ZZ63S9HP37QFWSS
KS127016JQ2J0FQQQP3S,Networking Specialist Certification,Certification,https://lightcast.io/open-skills/skills/KS127016JQ2J0FQQQP3S
KS1270Q6JVR2Q49HKN0M,New Product Development Professional,Certification,https://lightcast.io/open-skills/skills/KS1270Q6JVR2Q49HKN0M
KS7G21674XNCFPR94F82,NextGen Certified Professional,Certification,https://lightcast.io/open-skills/skills/KS7G21674XNCFPR94F82
KS127116LMHGB1LTR2H2,Ngenius Certified Professional,Certification,https://lightcast.io/open-skills/skills/KS127116LMHGB1LTR2H2
ES2ADF5B99CAB138D12E,Nitrous Oxide Certification,Certification,https://lightcast.io/open-skills/skills/ES2ADF5B99CAB138D12E
ES508CA6233FD5EE1126,No Child Left Behind Act (NCLB) Standards,Certification,https://lightcast.io/open-skills/skills/ES508CA6233FD5EE1126
ES1A3DF834B60D0278D5,Non-Clinical Certified Heart Failure Nurse (CHFN-K),Certification,https://lightcast.io/open-skills/skills/ES1A3DF834B60D0278D5
KS127226W08ZYB2BTMCH,Nortel Networks Certified Account Specialist,Certification,https://lightcast.io/open-skills/skills/KS127226W08ZYB2BTMCH
KS126WH5YHDBPJJ4TD9R,Nortel Networks Certified Design Expert,Certification,https://lightcast.io/open-skills/skills/KS126WH5YHDBPJJ4TD9R
KS127236K0DY4798C956,Nortel Networks Certified Design Specialist,Certification,https://lightcast.io/open-skills/skills/KS127236K0DY4798C956
KS127236XQNM0PQ00KTV,Nortel Networks Certified Support Expert,Certification,https://lightcast.io/open-skills/skills/KS127236XQNM0PQ00KTV
KS1272461MZ25TG09H5Q,Nortel Networks Certified Support Specialist,Certification,https://lightcast.io/open-skills/skills/KS1272461MZ25TG09H5Q
KS126WN5Z7PC5FH796MT,Nortel Networks Certified Technology Expert,Certification,https://lightcast.io/open-skills/skills/KS126WN5Z7PC5FH796MT
KS126WN6LRZVH6WGL8FN,Nortel Networks Certified Technology Specialist,Certification,https://lightcast.io/open-skills/skills/KS126WN6LRZVH6WGL8FN
ES46D2CAB86EFEE93ACD,Notary Signing Agent,Certification,https://lightcast.io/open-skills/skills/ES46D2CAB86EFEE93ACD
KS127376X1NRTZGWJQC1,Novell Certified Linux Administrator,Certification,https://lightcast.io/open-skills/skills/KS127376X1NRTZGWJQC1
KS127385VP54F7VJS4Q4,Novell Certified Linux Engineer,Certification,https://lightcast.io/open-skills/skills/KS127385VP54F7VJS4Q4
ESB44BC174EF9C35B921,Novell Certified Linux Professional,Certification,https://lightcast.io/open-skills/skills/ESB44BC174EF9C35B921
ES9F8BFBF7DED9BED6FA,Nurse Coach (NC-BC),Certification,https://lightcast.io/open-skills/skills/ES9F8BFBF7DED9BED6FA
ES4DF8459E46379EF3F5,Nurse Executive (NE-BC),Certification,https://lightcast.io/open-skills/skills/ES4DF8459E46379EF3F5
ES9024734DA7F7A6D43C,Nurse Executive Advanced (NEA-BC),Certification,https://lightcast.io/open-skills/skills/ES9024734DA7F7A6D43C
KS1273M5Z3GJ0VY4WP6T,Nurse Practitioner (APRN-CNP),Certification,https://lightcast.io/open-skills/skills/KS1273M5Z3GJ0VY4WP6T
ESE660D82838EDB885FB,Nursing Case Management Certification (CMGT-BC),Certification,https://lightcast.io/open-skills/skills/ESE660D82838EDB885FB
ESEFA211DE1F24DAA1CC,Nursing Professional Development (NPD-BC),Certification,https://lightcast.io/open-skills/skills/ESEFA211DE1F24DAA1CC
ES76CA68BE3AC4B4BCEB,Nutrition Certification,Certification,https://lightcast.io/open-skills/skills/ES76CA68BE3AC4B4BCEB
ESDFC196A73E4F921881,OASIS Certification,Certification,https://lightcast.io/open-skills/skills/ESDFC196A73E4F921881
ES7194B699B823789484,OMG Certified Expert In BPM,Certification,https://lightcast.io/open-skills/skills/ES7194B699B823789484
ES54D080F8B8501A09EB,OMG Certified SysML Professional,Certification,https://lightcast.io/open-skills/skills/ES54D080F8B8501A09EB
ES636A0553919517CCE8,OMG Certified UML Professional,Certification,https://lightcast.io/open-skills/skills/ES636A0553919517CCE8
KS680N072DL2H43SSQHH,OPITO Banksman Slinging Operations,Certification,https://lightcast.io/open-skills/skills/KS680N072DL2H43SSQHH
KS687RS6BMH5R6PX9TNM,OPITO Rigger Training Stage 1,Certification,https://lightcast.io/open-skills/skills/KS687RS6BMH5R6PX9TNM
KS127GB62S7LC432W30B,OSHA Certification,Certification,https://lightcast.io/open-skills/skills/KS127GB62S7LC432W30B
KS1277G64X630KPBVLQQ,Occupational Hygiene and Safety Technician (OHST),Certification,https://lightcast.io/open-skills/skills/KS1277G64X630KPBVLQQ
KS1276C62NTQKVHG7S6D,Occupational Therapist Registered,Certification,https://lightcast.io/open-skills/skills/KS1276C62NTQKVHG7S6D
KS127G879FX8QZ29C296,Offensive Security Certified Professional,Certification,https://lightcast.io/open-skills/skills/KS127G879FX8QZ29C296
KS127GQ5Z0G1KCLKZZYM,Offensive Security Wireless Professional,Certification,https://lightcast.io/open-skills/skills/KS127GQ5Z0G1KCLKZZYM
KS127895Y9CSWSQWX2VF,Oncology Certified Nurse (OCN),Certification,https://lightcast.io/open-skills/skills/KS127895Y9CSWSQWX2VF
KS127806JRN5MG74LDXN,Online Marketing Certified Professional,Certification,https://lightcast.io/open-skills/skills/KS127806JRN5MG74LDXN
ES21F7C2BA1C3045F4B1,Open Water Diver Certification,Certification,https://lightcast.io/open-skills/skills/ES21F7C2BA1C3045F4B1
KS127B077B66FFSD39J5,Open Water Scuba Instructor,Certification,https://lightcast.io/open-skills/skills/KS127B077B66FFSD39J5
KS127GT6TNSW5MTWQKXP,OpenText Content Server Business Consultant (OTLBC) Certification,Certification,https://lightcast.io/open-skills/skills/KS127GT6TNSW5MTWQKXP
KS127GV77YZD55GY9FKK,OpenText Content Server Developer Certification,Certification,https://lightcast.io/open-skills/skills/KS127GV77YZD55GY9FKK
KS127D36V6NSJ3QTCPVL,Operator Certification,Certification,https://lightcast.io/open-skills/skills/KS127D36V6NSJ3QTCPVL
ES92CFAFFD2AE1AAA475,Operator Of Uninspected Passenger Vessels (OUPV) License,Certification,https://lightcast.io/open-skills/skills/ES92CFAFFD2AE1AAA475
KS127D56CG30NZ69TKYM,Ophthalmic Surgical Assisting (OSA) Certification,Certification,https://lightcast.io/open-skills/skills/KS127D56CG30NZ69TKYM
ES19D9F6D66F6F2B7C2A,Oracle Absence Management Cloud Certification,Certification,https://lightcast.io/open-skills/skills/ES19D9F6D66F6F2B7C2A
ES18F8F038C2008CB192,Oracle Account Reconciliation Certification,Certification,https://lightcast.io/open-skills/skills/ES18F8F038C2008CB192
ESE8E15E9153D94BB498,Oracle Accounting Hub Cloud Certification,Certification,https://lightcast.io/open-skills/skills/ESE8E15E9153D94BB498
ES614C505ABEBD1DAB94,Oracle Application Development Framework Certification,Certification,https://lightcast.io/open-skills/skills/ES614C505ABEBD1DAB94
ES4BB50776D89F8541BA,Oracle Application Express Developer Certification,Certification,https://lightcast.io/open-skills/skills/ES4BB50776D89F8541BA
ES9C441253323529EE7A,Oracle Application Integration Architecture Certification,Certification,https://lightcast.io/open-skills/skills/ES9C441253323529EE7A
ES426CCF85444A967572,Oracle Application Server Certification,Certification,https://lightcast.io/open-skills/skills/ES426CCF85444A967572
ESF91130B4A2CC8C1258,Oracle Argus Certification,Certification,https://lightcast.io/open-skills/skills/ESF91130B4A2CC8C1258
ES4C7FCE11CACF12C285,Oracle Autonomous Database Cloud Certification,Certification,https://lightcast.io/open-skills/skills/ES4C7FCE11CACF12C285
ESC3CD2E4FFBB085C902,Oracle B2B Service Certification,Certification,https://lightcast.io/open-skills/skills/ESC3CD2E4FFBB085C902
ESA2CC447F7DCDB956C2,Oracle B2C Service Certification,Certification,https://lightcast.io/open-skills/skills/ESA2CC447F7DCDB956C2
ESBD609F127A6953C885,Oracle BPM Suite Certification,Certification,https://lightcast.io/open-skills/skills/ESBD609F127A6953C885
ESBAAA4FE09684529C1A,Oracle Benefits Cloud Certification,Certification,https://lightcast.io/open-skills/skills/ESBAAA4FE09684529C1A
ES273CB5089AC3E8B4FA,Oracle Business Intelligence Certification,Certification,https://lightcast.io/open-skills/skills/ES273CB5089AC3E8B4FA
ES20F11998502D3893A7,Oracle CPQ Certification,Certification,https://lightcast.io/open-skills/skills/ES20F11998502D3893A7
ESB0F9AC17122EEF2DC5,Oracle CRM On Demand Certification,Certification,https://lightcast.io/open-skills/skills/ESB0F9AC17122EEF2DC5
ESC57BA10C33F99F2D69,Oracle CX Commerce Certification,Certification,https://lightcast.io/open-skills/skills/ESC57BA10C33F99F2D69
ES419D7DED74FCCC4421,Oracle CX Sales Certification,Certification,https://lightcast.io/open-skills/skills/ES419D7DED74FCCC4421
ES3C91DF588A5BD98FA1,Oracle Certification,Certification,https://lightcast.io/open-skills/skills/ES3C91DF588A5BD98FA1
KS127F36W0RHDNJGK787,Oracle Certified Associate (OCA),Certification,https://lightcast.io/open-skills/skills/KS127F36W0RHDNJGK787
KS127695XKQRPKCH9VS5,Oracle Certified Associate Database Administrator,Certification,https://lightcast.io/open-skills/skills/KS127695XKQRPKCH9VS5
ES345541053E6EFE78A5,Oracle Certified Expert (OCE),Certification,https://lightcast.io/open-skills/skills/ES345541053E6EFE78A5
KS440B8766BBFP2V6GLM,Oracle Certified Master (OCM),Certification,https://lightcast.io/open-skills/skills/KS440B8766BBFP2V6GLM
ES91BEBA3032A3B99273,Oracle Certified Professional (OCP),Certification,https://lightcast.io/open-skills/skills/ES91BEBA3032A3B99273
KS1276K6WY5202SK83NT,Oracle Certified Professional Application Developer,Certification,https://lightcast.io/open-skills/skills/KS1276K6WY5202SK83NT
KS1276L62JJNQFGLX09F,Oracle Certified Professional Database Administrator,Certification,https://lightcast.io/open-skills/skills/KS1276L62JJNQFGLX09F
ESDFB63DCA45989AB4FF,Oracle Certified Specialist (OCS),Certification,https://lightcast.io/open-skills/skills/ESDFB63DCA45989AB4FF
ESF5D78F0DE3B62B36C1,Oracle Cloud Data Management Certification,Certification,https://lightcast.io/open-skills/skills/ESF5D78F0DE3B62B36C1
ESF29B6B6BFA6B39EE26,Oracle Cloud Database Migration And Integration Certification,Certification,https://lightcast.io/open-skills/skills/ESF29B6B6BFA6B39EE26
ESD192A6EE9E29CA93C3,Oracle Cloud Database Services Certification,Certification,https://lightcast.io/open-skills/skills/ESD192A6EE9E29CA93C3
ESCA18FA13AE09433CDF,Oracle Cloud Infrastructure (OCI) Certification,Certification,https://lightcast.io/open-skills/skills/ESCA18FA13AE09433CDF
ES5FA724AE569C5441B5,Oracle Cloud Platform Application Integration Certification,Certification,https://lightcast.io/open-skills/skills/ES5FA724AE569C5441B5
ES5A1426ADFDE89C6862,Oracle Cloud Platform Enterprise Analytics Certification,Certification,https://lightcast.io/open-skills/skills/ES5A1426ADFDE89C6862
ES16CE6193283889A4BE,Oracle Compensation Cloud Certification,Certification,https://lightcast.io/open-skills/skills/ES16CE6193283889A4BE
ES7A324C6AD072F9B655,Oracle Cost Management Certification,Certification,https://lightcast.io/open-skills/skills/ES7A324C6AD072F9B655
KS122QG5ZHLLPXV8WJ2L,Oracle Database 11g Administrator Certified Associate,Certification,https://lightcast.io/open-skills/skills/KS122QG5ZHLLPXV8WJ2L
ESAF2E7715E5A27DB1B8,Oracle Database Certification,Certification,https://lightcast.io/open-skills/skills/ESAF2E7715E5A27DB1B8
ES1741E7FFDB4070D1E3,Oracle Database SQL Certification,Certification,https://lightcast.io/open-skills/skills/ES1741E7FFDB4070D1E3
ESDF58D6CDE27D7CF139,Oracle E-Business Suite Certification,Certification,https://lightcast.io/open-skills/skills/ESDF58D6CDE27D7CF139
ES76731E6CDDB45A857A,Oracle Eloqua Certification,Certification,https://lightcast.io/open-skills/skills/ES76731E6CDDB45A857A
ESBE14F5398ED58BCB39,Oracle Enterprise Data Management Certification,Certification,https://lightcast.io/open-skills/skills/ESBE14F5398ED58BCB39
ESB6CE4C4717B6AED82F,Oracle Enterprise Manager Certification,Certification,https://lightcast.io/open-skills/skills/ESB6CE4C4717B6AED82F
ESB97285D182D6682384,Oracle Essbase Certification,Certification,https://lightcast.io/open-skills/skills/ESB97285D182D6682384
ES1DE716239345669725,Oracle Exadata Certification,Certification,https://lightcast.io/open-skills/skills/ES1DE716239345669725
ES3BF715B0F5A4FBA66B,Oracle FLEXCUBE Certification,Certification,https://lightcast.io/open-skills/skills/ES3BF715B0F5A4FBA66B
ESDAC127925E4E2CC7ED,Oracle Field Service Certification,Certification,https://lightcast.io/open-skills/skills/ESDAC127925E4E2CC7ED
ESE011D7C5F30312DDBA,Oracle Financial Consolidation And Close Certification,Certification,https://lightcast.io/open-skills/skills/ESE011D7C5F30312DDBA
ESB87BBB7CFC69660997,Oracle Financials Cloud: General Ledger Certification,Certification,https://lightcast.io/open-skills/skills/ESB87BBB7CFC69660997
ESF73F3AD8DE80C22CF5,Oracle Financials Cloud: Payables Certification,Certification,https://lightcast.io/open-skills/skills/ESF73F3AD8DE80C22CF5
ES3AADD44D6CFB09ADA1,Oracle Financials Cloud: Receivables Certification,Certification,https://lightcast.io/open-skills/skills/ES3AADD44D6CFB09ADA1
ES6A7CA4C3BAB26A1CD0,Oracle GoldenGate Certification,Certification,https://lightcast.io/open-skills/skills/ES6A7CA4C3BAB26A1CD0
ES4349C78D42E2C48AF4,Oracle Human Resources Cloud Certification,Certification,https://lightcast.io/open-skills/skills/ES4349C78D42E2C48AF4
ESB7EA46104A8E1689AA,Oracle Hyperion Certification,Certification,https://lightcast.io/open-skills/skills/ESB7EA46104A8E1689AA
ESB29FD3FDCD8309383B,Oracle Intelligent Advisor Certification,Certification,https://lightcast.io/open-skills/skills/ESB29FD3FDCD8309383B
ESF92476F4B9A4DF8B27,Oracle Inventory Certification,Certification,https://lightcast.io/open-skills/skills/ESF92476F4B9A4DF8B27
KS1276K6N0BCZ0TRGL6G,Oracle Java Certification,Certification,https://lightcast.io/open-skills/skills/KS1276K6N0BCZ0TRGL6G
ESFF9B0273699C85CAFA,Oracle Java ME Mobile Application Developer,Certification,https://lightcast.io/open-skills/skills/ESFF9B0273699C85CAFA
ESE25880C9AE72CC861D,Oracle Knowledge Management Certification,Certification,https://lightcast.io/open-skills/skills/ESE25880C9AE72CC861D
ES6C176D6FF8F7E40A75,Oracle Learning Cloud Certification,Certification,https://lightcast.io/open-skills/skills/ES6C176D6FF8F7E40A75
ES95682B6DA3F2C4121C,Oracle Linux Certification,Certification,https://lightcast.io/open-skills/skills/ES95682B6DA3F2C4121C
ES2499C22CC6880C4527,Oracle Maintenance Certification,Certification,https://lightcast.io/open-skills/skills/ES2499C22CC6880C4527
ES861CF12036AB65ABBF,Oracle Manufacturing Certification,Certification,https://lightcast.io/open-skills/skills/ES861CF12036AB65ABBF
ES3554E1CAD4816F7D9B,Oracle MySQL Certification,Certification,https://lightcast.io/open-skills/skills/ES3554E1CAD4816F7D9B
ESBA6391DF7000B9B69A,Oracle Narrative Reporting Certification,Certification,https://lightcast.io/open-skills/skills/ESBA6391DF7000B9B69A
ESFCC5588F5311B9DD8A,Oracle Order Management Certification,Certification,https://lightcast.io/open-skills/skills/ESFCC5588F5311B9DD8A
ES2E9E56FB757B1A36A1,Oracle Payroll Cloud Certification,Certification,https://lightcast.io/open-skills/skills/ES2E9E56FB757B1A36A1
ES4DF61BDEDB88454EBA,Oracle PeopleSoft Certification,Certification,https://lightcast.io/open-skills/skills/ES4DF61BDEDB88454EBA
ES438E4F168ADD59CB91,Oracle Planning And Collaboration Certification,Certification,https://lightcast.io/open-skills/skills/ES438E4F168ADD59CB91
ESD511778914AD0BAFB5,Oracle Planning Certification,Certification,https://lightcast.io/open-skills/skills/ESD511778914AD0BAFB5
ESF16D6BABC289E9A74B,Oracle Primavera Certification,Certification,https://lightcast.io/open-skills/skills/ESF16D6BABC289E9A74B
ES8936EFDB3FB1D96D6B,Oracle Procurement Certification,Certification,https://lightcast.io/open-skills/skills/ES8936EFDB3FB1D96D6B
ES7C584C3BF50DE41D90,Oracle Product Lifecycle Management Certification,Certification,https://lightcast.io/open-skills/skills/ES7C584C3BF50DE41D90
ESCC06D5AF1DAA21461F,Oracle Profitability And Cost Management Certification,Certification,https://lightcast.io/open-skills/skills/ESCC06D5AF1DAA21461F
ESA8C225A8A595831EB1,Oracle Project Management Cloud Certification,Certification,https://lightcast.io/open-skills/skills/ESA8C225A8A595831EB1
ES2E25FC09582083DEF6,Oracle Recruiting Cloud Certification,Certification,https://lightcast.io/open-skills/skills/ES2E25FC09582083DEF6
ES815F03DD4B69DACD28,Oracle Responsys Certification,Certification,https://lightcast.io/open-skills/skills/ES815F03DD4B69DACD28
ES2E15D945B966B29AE3,Oracle Revenue Management Cloud Certification,Certification,https://lightcast.io/open-skills/skills/ES2E15D945B966B29AE3
ES9AD746C6911589A1D2,Oracle Risk Management Cloud Certification,Certification,https://lightcast.io/open-skills/skills/ES9AD746C6911589A1D2
ES348A841E801973D8C4,Oracle SOA Suite Certification,Certification,https://lightcast.io/open-skills/skills/ES348A841E801973D8C4
ES383F3B05A92983525A,Oracle Service Center Certification,Certification,https://lightcast.io/open-skills/skills/ES383F3B05A92983525A
ES5C9870BE7DA0A3CB20,Oracle Solaris Certification,Certification,https://lightcast.io/open-skills/skills/ES5C9870BE7DA0A3CB20
ESE65F9867667BF01AE6,Oracle Solaris System Administrator,Certification,https://lightcast.io/open-skills/skills/ESE65F9867667BF01AE6
ES16CF305D5D83A1EE91,Oracle Talent Management Cloud Certification,Certification,https://lightcast.io/open-skills/skills/ES16CF305D5D83A1EE91
ES8A335357EF492292FB,Oracle Time And Labor Cloud Certification,Certification,https://lightcast.io/open-skills/skills/ES8A335357EF492292FB
ESEDF3BB20A99C69A213,Oracle Transportation Management Certification,Certification,https://lightcast.io/open-skills/skills/ESEDF3BB20A99C69A213
ES482564B846E3444583,Oracle Utilities Customer Care And Billing Certification,Certification,https://lightcast.io/open-skills/skills/ES482564B846E3444583
ES28A0429712C7F682F5,Oracle Utilities Customer Cloud Service Certification,Certification,https://lightcast.io/open-skills/skills/ES28A0429712C7F682F5
ES317260779993F970C5,Oracle VM 3.0 For x86 Certified Implementation Specialist,Certification,https://lightcast.io/open-skills/skills/ES317260779993F970C5
ES1CF5BD81157EE691AB,Oracle Warehouse Management Certification,Certification,https://lightcast.io/open-skills/skills/ES1CF5BD81157EE691AB
ESA3FB0E9595574BBE10,Oracle WebCenter Certification,Certification,https://lightcast.io/open-skills/skills/ESA3FB0E9595574BBE10
ESCE0FC39F894E9C1C43,Oracle WebLogic Certification,Certification,https://lightcast.io/open-skills/skills/ESCE0FC39F894E9C1C43
ES49D09FB7645DA51D9D,Orthopaedic Clinical Nurse Specialist - Certified (OCNS-C),Certification,https://lightcast.io/open-skills/skills/ES49D09FB7645DA51D9D
KS127G46R0YGXH0DPX9W,Orthopaedic Nurse Certified (ONC),Certification,https://lightcast.io/open-skills/skills/KS127G46R0YGXH0DPX9W
ES93391F3AA47E8A24D8,Orthopaedic Nurse Practitioner - Certified (ONP-C),Certification,https://lightcast.io/open-skills/skills/ES93391F3AA47E8A24D8
KS127H36RDDH5W46HTT0,Outdoor Emergency Care (OEC) Certification,Certification,https://lightcast.io/open-skills/skills/KS127H36RDDH5W46HTT0
KS127V66LRCZSPB9KJKL,PINS/OSHA Certification,Certification,https://lightcast.io/open-skills/skills/KS127V66LRCZSPB9KJKL
KS121PX639BPQ1S9Z6N1,PMI Agile Certified Practitioner,Certification,https://lightcast.io/open-skills/skills/KS121PX639BPQ1S9Z6N1
ES4C63F8B417DD751233,PMI Professional in Business Analysis,Certification,https://lightcast.io/open-skills/skills/ES4C63F8B417DD751233
ES8BC6A690F2A04A5BA6,PMI Risk Management Professional,Certification,https://lightcast.io/open-skills/skills/ES8BC6A690F2A04A5BA6
ESAE93777F41877A11A0,PMI Scheduling Professional,Certification,https://lightcast.io/open-skills/skills/ESAE93777F41877A11A0
KS1280Y67J703X34K5GF,PRINCE2 (PRojects IN Controlled Environments 2),Certification,https://lightcast.io/open-skills/skills/KS1280Y67J703X34K5GF
ESE72688E9F76D0110FA,PSIA/AASI Certification,Certification,https://lightcast.io/open-skills/skills/ESE72688E9F76D0110FA
ES809F78214B34B322E0,PSIA/AASI Level 1 Certification,Certification,https://lightcast.io/open-skills/skills/ES809F78214B34B322E0
ES7642C5F31CDCAA9DA5,PSIA/AASI Level 2 Certification,Certification,https://lightcast.io/open-skills/skills/ES7642C5F31CDCAA9DA5
ES73DCF584763792240A,PSIA/AASI Level 3 Certification,Certification,https://lightcast.io/open-skills/skills/ES73DCF584763792240A
ES15FA23C272D88C2B63,PV Installation Professional,Certification,https://lightcast.io/open-skills/skills/ES15FA23C272D88C2B63
ES65683CCCCFCB21B234,Pain Management Nursing (PMGT-BC),Certification,https://lightcast.io/open-skills/skills/ES65683CCCCFCB21B234
ES2F17DB5686FD27AA20,Pallet Jack Certification,Certification,https://lightcast.io/open-skills/skills/ES2F17DB5686FD27AA20
ES48949DE9F76805D8A2,Paramedic (EMT-P),Certification,https://lightcast.io/open-skills/skills/ES48949DE9F76805D8A2
ES97685F3ABBDDC8F9CA,Passenger Endorsement,Certification,https://lightcast.io/open-skills/skills/ES97685F3ABBDDC8F9CA
ES1AE9E71D2D46DCACD7,Pathologists' Assistant (PA-ASCP),Certification,https://lightcast.io/open-skills/skills/ES1AE9E71D2D46DCACD7
ES99098336AAC0E0EC07,Patient Identification and Matching,Certification,https://lightcast.io/open-skills/skills/ES99098336AAC0E0EC07
ESE1AD57FD7BBA3D3FB0,Pawnbroker License,Certification,https://lightcast.io/open-skills/skills/ESE1AD57FD7BBA3D3FB0
ESAF5BE3FCC557506CDC,Payroll Compliance Practitioner,Certification,https://lightcast.io/open-skills/skills/ESAF5BE3FCC557506CDC
ES70C1585082903F8BA4,Peace Officer Certification,Certification,https://lightcast.io/open-skills/skills/ES70C1585082903F8BA4
ESB83834B05BEEB00C88,Peace Officer Standards And Training (POST) Certificate,Certification,https://lightcast.io/open-skills/skills/ESB83834B05BEEB00C88
ESC71277839A2FD024F6,Pediatric Acute Care Clinical Nurse Specialist (ACCNS-P),Certification,https://lightcast.io/open-skills/skills/ESC71277839A2FD024F6
KS127JC64RQTFKH7BCD9,Pediatric Advanced Life Support (PALS),Certification,https://lightcast.io/open-skills/skills/KS127JC64RQTFKH7BCD9
ES7C87C7B8106F25A2FF,Pediatric Clinical Nurse Specialist (PCNS-BC),Certification,https://lightcast.io/open-skills/skills/ES7C87C7B8106F25A2FF
ES36988F0386327AE118,Pediatric Emergency Assessment Recognition And Stabilization (PEARS),Certification,https://lightcast.io/open-skills/skills/ES36988F0386327AE118
ES3C3CDC52FE3AD5E8B9,Pediatric Nursing (PED-BC),Certification,https://lightcast.io/open-skills/skills/ES3C3CDC52FE3AD5E8B9
ESCA7F4B63B7D1CADFE3,Pediatric Primary Care Mental Health Specialist (PMHS),Certification,https://lightcast.io/open-skills/skills/ESCA7F4B63B7D1CADFE3
ES5BC63501BAB3380C16,Pediatric Primary Care Nurse Practitioner (PPCNP-BC),Certification,https://lightcast.io/open-skills/skills/ES5BC63501BAB3380C16
ESBCBB49ED18923B67DB,Pega Certified Business Architect,Certification,https://lightcast.io/open-skills/skills/ESBCBB49ED18923B67DB
ES93CAB050F0C53D485C,Pega Certified Decisioning Consultant,Certification,https://lightcast.io/open-skills/skills/ES93CAB050F0C53D485C
ES40E210D4C123C455F4,Pega Certified Lead System Architect,Certification,https://lightcast.io/open-skills/skills/ES40E210D4C123C455F4
ES1F07D3E54F8EFBF32F,Pega Certified Senior System Architect,Certification,https://lightcast.io/open-skills/skills/ES1F07D3E54F8EFBF32F
ESE05C5E29A313001990,Pega Certified System Architect,Certification,https://lightcast.io/open-skills/skills/ESE05C5E29A313001990
ESA991187480F044AA40,Perinatal Nursing Certification,Certification,https://lightcast.io/open-skills/skills/ESA991187480F044AA40
ES12168021DF61DEDF67,Permit To Work (PTW),Certification,https://lightcast.io/open-skills/skills/ES12168021DF61DEDF67
ESB9FC4B9F570EE84BA6,Personal Care Assistant (PCA) Certification,Certification,https://lightcast.io/open-skills/skills/ESB9FC4B9F570EE84BA6
KS127Q06JK256MP3343Q,Personal Financial Specialist (PFS),Certification,https://lightcast.io/open-skills/skills/KS127Q06JK256MP3343Q
KS127Q55YTSYGXMM7PY0,Personal Property Specialist,Certification,https://lightcast.io/open-skills/skills/KS127Q55YTSYGXMM7PY0
KS127Q66TPBT6QC3W1XF,Personal Trainer Certification,Certification,https://lightcast.io/open-skills/skills/KS127Q66TPBT6QC3W1XF
ES9FF07054B489DADA04,Pesticide Applicator License,Certification,https://lightcast.io/open-skills/skills/ES9FF07054B489DADA04
ESEA1C5170298068F28D,Pet First Aid/CPR Certification,Certification,https://lightcast.io/open-skills/skills/ESEA1C5170298068F28D
KS127N969SXHLG72XRWL,Petroleum Engineering Certification,Certification,https://lightcast.io/open-skills/skills/KS127N969SXHLG72XRWL
KS127R36396Z0B6CZS3C,Pharmaceutical GMP Professional Certification,Certification,https://lightcast.io/open-skills/skills/KS127R36396Z0B6CZS3C
ES7240EE4DE4827F50AE,Pharmacy Intern License,Certification,https://lightcast.io/open-skills/skills/ES7240EE4DE4827F50AE
ES46BDE9AEE08CCE2F82,Phlebotomy Certification,Certification,https://lightcast.io/open-skills/skills/ES46BDE9AEE08CCE2F82
ES2E736869CA38BFB3C3,Phlebotomy Technician (PBT-ASCP),Certification,https://lightcast.io/open-skills/skills/ES2E736869CA38BFB3C3
KS127QY6C8YHFWD1SH66,Physical Fitness Specialist Certification,Certification,https://lightcast.io/open-skills/skills/KS127QY6C8YHFWD1SH66
KS127TN79GZ1P4XQQ94D,Physical Security Professional,Certification,https://lightcast.io/open-skills/skills/KS127TN79GZ1P4XQQ94D
ESCC1CD3ECFC9F296D73,Physical Therapy Assistant License,Certification,https://lightcast.io/open-skills/skills/ESCC1CD3ECFC9F296D73
ES1A540CFBA69349A19D,Physician Assistant - Certified (PA-C),Certification,https://lightcast.io/open-skills/skills/ES1A540CFBA69349A19D
KS127V06W029JPVH500N,Pilates Certification,Certification,https://lightcast.io/open-skills/skills/KS127V06W029JPVH500N
ESEE1885915C1AA38930,Pilates Instructor Certification,Certification,https://lightcast.io/open-skills/skills/ESEE1885915C1AA38930
KS120CP5Z8KXXJG8N1L7,Pilot Licensing And Certification,Certification,https://lightcast.io/open-skills/skills/KS120CP5Z8KXXJG8N1L7
ES728BDFC46823726307,Planning And Scheduling Professional,Certification,https://lightcast.io/open-skills/skills/ES728BDFC46823726307
KS127W968VMBD33BW0PW,Plant Maintenance Technologist Certification,Certification,https://lightcast.io/open-skills/skills/KS127W968VMBD33BW0PW
KS127WZ63VJ50TBHL7FZ,Plumbing Plans Examiner,Certification,https://lightcast.io/open-skills/skills/KS127WZ63VJ50TBHL7FZ
KS127X1635GNQWL7DXJD,Podiatric Medical Assistant Certified,Certification,https://lightcast.io/open-skills/skills/KS127X1635GNQWL7DXJD
ESCD7EB8AA718F42D287,Pole Climbing Certification,Certification,https://lightcast.io/open-skills/skills/ESCD7EB8AA718F42D287
ESBE32CA161491B741FC,Pool Plant Operator Certificate,Certification,https://lightcast.io/open-skills/skills/ESBE32CA161491B741FC
ESF5108E377D3D25BEBC,Portfolio Management Professional,Certification,https://lightcast.io/open-skills/skills/ESF5108E377D3D25BEBC
ESB7EB0310A9D0957366,Post Graduate Certificate In Education (PGCE),Certification,https://lightcast.io/open-skills/skills/ESB7EB0310A9D0957366
KS7G3ZV6CPCTM767Q35H,Practice Management Academy,Certification,https://lightcast.io/open-skills/skills/KS7G3ZV6CPCTM767Q35H
ES814151FC1AC2D1C757,Pragmatic Marketing Certification,Certification,https://lightcast.io/open-skills/skills/ES814151FC1AC2D1C757
ES7D57C7876460916C8E,Preliminary Administrative Services Credential,Certification,https://lightcast.io/open-skills/skills/ES7D57C7876460916C8E
KS127MT5WDWXZNH36BN8,Prestressed Concrete Special Inspector,Certification,https://lightcast.io/open-skills/skills/KS127MT5WDWXZNH36BN8
ESAB48EE55D5059C1D8E,Principal Certified Lotus Professional,Certification,https://lightcast.io/open-skills/skills/ESAB48EE55D5059C1D8E
KS1281B71DYWNJVS0BJ1,Private Pilot Licence,Certification,https://lightcast.io/open-skills/skills/KS1281B71DYWNJVS0BJ1
KS1282G662FPZRMP72D2,Product Certification,Certification,https://lightcast.io/open-skills/skills/KS1282G662FPZRMP72D2
ES5BC8E4EF11FF772B14,Professional Administrative Certification Of Excellence (PACE),Certification,https://lightcast.io/open-skills/skills/ES5BC8E4EF11FF772B14
KS1283372N1HC33T58JB,Professional Bridal Consulting,Certification,https://lightcast.io/open-skills/skills/KS1283372N1HC33T58JB
KS128346G9MKP8GL66KW,Professional Certified Coach,Certification,https://lightcast.io/open-skills/skills/KS128346G9MKP8GL66KW
KS127MK6DBNVV5ZQJVRG,Professional Certified In Materials Handling,Certification,https://lightcast.io/open-skills/skills/KS127MK6DBNVV5ZQJVRG
KS128346ZMSNR22HPYSX,Professional Certified Investigator (Private Detectives And Investigators),Certification,https://lightcast.io/open-skills/skills/KS128346ZMSNR22HPYSX
KS1283570MZP0TR09NQS,Professional Certified Marketer,Certification,https://lightcast.io/open-skills/skills/KS1283570MZP0TR09NQS
KS127M674WQB4F6R4JNK,Professional Community Association Manager (PCAM),Certification,https://lightcast.io/open-skills/skills/KS127M674WQB4F6R4JNK
KS125TN694W6F0831CML,Professional Engineer (PE) License,Certification,https://lightcast.io/open-skills/skills/KS125TN694W6F0831CML
ES4BA228F842F61539DB,Professional Geologist (PG) License,Certification,https://lightcast.io/open-skills/skills/ES4BA228F842F61539DB
KS1283B63GXMBT4NB2JJ,Professional Paralegal,Certification,https://lightcast.io/open-skills/skills/KS1283B63GXMBT4NB2JJ
KS1283B6QCL2YCSJM44H,Professional Project Manager,Certification,https://lightcast.io/open-skills/skills/KS1283B6QCL2YCSJM44H
KS7G1KQ72Z1BXTFFC18F,Professional Recruiter Certification,Certification,https://lightcast.io/open-skills/skills/KS7G1KQ72Z1BXTFFC18F
KS1283C5ZY593JZTQQSP,Professional Registered Parliamentarian,Certification,https://lightcast.io/open-skills/skills/KS1283C5ZY593JZTQQSP
KS1283D62STK5WFJ4SJ1,Professional Researcher Certification,Certification,https://lightcast.io/open-skills/skills/KS1283D62STK5WFJ4SJ1
KS1281H6GY7Q9FQX9B5V,Professional Risk Manager (PRM),Certification,https://lightcast.io/open-skills/skills/KS1281H6GY7Q9FQX9B5V
KS1283G5ZLXC3S6WHVY5,Professional Traffic Operations Engineer,Certification,https://lightcast.io/open-skills/skills/KS1283G5ZLXC3S6WHVY5
KS1283G6PV1YM7WPG6P1,Professional Wetland Scientist,Certification,https://lightcast.io/open-skills/skills/KS1283G6PV1YM7WPG6P1
ES256ECCF1F84805E6A6,Professional in Human Resources,Certification,https://lightcast.io/open-skills/skills/ES256ECCF1F84805E6A6
KS127QZ6MJW5TSLF78W7,Program Management Professional,Certification,https://lightcast.io/open-skills/skills/KS127QZ6MJW5TSLF78W7
KS127MB67RXTZNW3NKHP,Progressive Care Certified Nurse (PCCN),Certification,https://lightcast.io/open-skills/skills/KS127MB67RXTZNW3NKHP
ES81ECF6481E3951272F,Progressive Care Knowledge Professional (PCCN-K),Certification,https://lightcast.io/open-skills/skills/ES81ECF6481E3951272F
ES11883FDFEF685EA637,Project Management Associate Certification,Certification,https://lightcast.io/open-skills/skills/ES11883FDFEF685EA637
ESC64E29ED27CA6392F1,Project Management Certification,Certification,https://lightcast.io/open-skills/skills/ESC64E29ED27CA6392F1
KS127X26G5YQBZRRLCMY,Project Management Professional Certification,Certification,https://lightcast.io/open-skills/skills/KS127X26G5YQBZRRLCMY
ES5C62DB5F8F6E8FA05A,Property Administrator Certification,Certification,https://lightcast.io/open-skills/skills/ES5C62DB5F8F6E8FA05A
ES83ACC647E52F6F8AB5,Property And Casualty Insurance License,Certification,https://lightcast.io/open-skills/skills/ES83ACC647E52F6F8AB5
ES887D92BEB25B3858BE,Property Management Financial Proficiency Certificate,Certification,https://lightcast.io/open-skills/skills/ES887D92BEB25B3858BE
KS1213Y5VQK7HPYYP0B7,Prosthetist Certification,Certification,https://lightcast.io/open-skills/skills/KS1213Y5VQK7HPYYP0B7
ES36C9E79C668D4BB461,Psychiatric-Mental Health Clinical Nurse Specialist (PMHCNS-BC),Certification,https://lightcast.io/open-skills/skills/ES36C9E79C668D4BB461
ES8B2BDC8E81A637394F,Psychiatric-Mental Health Nurse (PMH-BC),Certification,https://lightcast.io/open-skills/skills/ES8B2BDC8E81A637394F
KS126D378QCN9478VMVW,Psychiatric-Mental Health Nurse Practitioner (PMHNP-BC),Certification,https://lightcast.io/open-skills/skills/KS126D378QCN9478VMVW
KS1288G6X10BNFKGMBD5,Qualification In Cytometry,Certification,https://lightcast.io/open-skills/skills/KS1288G6X10BNFKGMBD5
KS1288M6T73652FZ25M0,Qualification In Immunohistochemistry,Certification,https://lightcast.io/open-skills/skills/KS1288M6T73652FZ25M0
ES67C6047C159178CE7D,Qualification In Internal Audit Leadership (QIAL),Certification,https://lightcast.io/open-skills/skills/ES67C6047C159178CE7D
KS128886PK1TL981RMB6,Qualified Applicator Certificate (QAC),Certification,https://lightcast.io/open-skills/skills/KS128886PK1TL981RMB6
KS1288F75KNQ2RCDDN2M,Qualified Clinical Social Worker (QCSW),Certification,https://lightcast.io/open-skills/skills/KS1288F75KNQ2RCDDN2M
KS128986J9V7MGJ8S4M5,Qualified Environmental Professional,Certification,https://lightcast.io/open-skills/skills/KS128986J9V7MGJ8S4M5
KS1288M6RZCV30HTN7MD,Qualified Institutional Buyer,Certification,https://lightcast.io/open-skills/skills/KS1288M6RZCV30HTN7MD
KS1288R6QCPY2W2K4XYV,Qualified Pension Administrator,Certification,https://lightcast.io/open-skills/skills/KS1288R6QCPY2W2K4XYV
KS1288T665X0RT2WBWYR,Qualified Plan Financial Consultant,Certification,https://lightcast.io/open-skills/skills/KS1288T665X0RT2WBWYR
KS682N16Z20FCZ79KRQ5,Qualified Rigger,Certification,https://lightcast.io/open-skills/skills/KS682N16Z20FCZ79KRQ5
KS128986JPZTMFZYDW7T,Qualified Security Assessor,Certification,https://lightcast.io/open-skills/skills/KS128986JPZTMFZYDW7T
ES3297B0A8975C1A7291,Qualified Water Efficient Landscaper (QWEL),Certification,https://lightcast.io/open-skills/skills/ES3297B0A8975C1A7291
KS1289B6JH61FF6FDYB1,Quality Certification,Certification,https://lightcast.io/open-skills/skills/KS1289B6JH61FF6FDYB1
KS1289C75B4081X1TDLX,Quality Inspector Certification,Certification,https://lightcast.io/open-skills/skills/KS1289C75B4081X1TDLX
KS1288Q74JJW65RWY0C9,Quality Management System Auditor,Certification,https://lightcast.io/open-skills/skills/KS1288Q74JJW65RWY0C9
ESFC9F6E63F6B45E0F88,QuickBooks Certification,Certification,https://lightcast.io/open-skills/skills/ESFC9F6E63F6B45E0F88
KS4405T61MJ7FMN8PXWW,RSA Certified Administrator,Certification,https://lightcast.io/open-skills/skills/KS4405T61MJ7FMN8PXWW
KS4405R7056RTTN1CZSM,RSA Certified Instructor,Certification,https://lightcast.io/open-skills/skills/KS4405R7056RTTN1CZSM
KS4405S6B0Q03J7D28HQ,RSA Certified Security Professional,Certification,https://lightcast.io/open-skills/skills/KS4405S6B0Q03J7D28HQ
KS4405S6ZJTFHHFPDJJL,RSA Certified Systems Engineer,Certification,https://lightcast.io/open-skills/skills/KS4405S6ZJTFHHFPDJJL
ESFF3A9A1CF3FEA72722,Rabbinic Ordination,Certification,https://lightcast.io/open-skills/skills/ESFF3A9A1CF3FEA72722
ES17E594A87B1AB07AD4,Radar Operator Certification,Certification,https://lightcast.io/open-skills/skills/ES17E594A87B1AB07AD4
ES363CEE5CAD7A6014DD,Radiology Certification,Certification,https://lightcast.io/open-skills/skills/ES363CEE5CAD7A6014DD
KS7G4C769HNG53C3WRNX,Radiology Certified Coder,Certification,https://lightcast.io/open-skills/skills/KS7G4C769HNG53C3WRNX
KS128CD6NC6HX1TC9LX0,Radon Measurement Specialist,Certification,https://lightcast.io/open-skills/skills/KS128CD6NC6HX1TC9LX0
KS128CD79RDSN2BPD4K4,Radon Measurement Technician,Certification,https://lightcast.io/open-skills/skills/KS128CD79RDSN2BPD4K4
KS128CF64FXPQSVSSDLG,Radon Mitigation Specialist,Certification,https://lightcast.io/open-skills/skills/KS128CF64FXPQSVSSDLG
ESD0642341D039921FCE,Reactor Operator License,Certification,https://lightcast.io/open-skills/skills/ESD0642341D039921FCE
ES948A7330FC010198D8,Real Estate Broker License,Certification,https://lightcast.io/open-skills/skills/ES948A7330FC010198D8
ES3B26D552D20A8007FE,Real Estate Salesperson License,Certification,https://lightcast.io/open-skills/skills/ES3B26D552D20A8007FE
ES2139863DDD72D63642,Real Property Administrator,Certification,https://lightcast.io/open-skills/skills/ES2139863DDD72D63642
KS4402V77ZJBBD88KDBS,Red Hat Certification,Certification,https://lightcast.io/open-skills/skills/KS4402V77ZJBBD88KDBS
ES84167C45DFB6B9B04A,Red Hat Certified Architect (RHCA),Certification,https://lightcast.io/open-skills/skills/ES84167C45DFB6B9B04A
KS4402Y5XVZJR1YHRZCG,Red Hat Certified Datacenter Specialist -RHCDS,Certification,https://lightcast.io/open-skills/skills/KS4402Y5XVZJR1YHRZCG
KS128G55VSN24BN22WN7,Red Hat Certified Engineer (RHCE),Certification,https://lightcast.io/open-skills/skills/KS128G55VSN24BN22WN7
KS128G55W0BWP4R3XG94,Red Hat Certified Security Specialist - RHCSS,Certification,https://lightcast.io/open-skills/skills/KS128G55W0BWP4R3XG94
ESBA4C2C1CA5144BF1C6,Red Hat Certified System Administrator (RHCSA),Certification,https://lightcast.io/open-skills/skills/ESBA4C2C1CA5144BF1C6
KS128G56NYR491X3FKHK,Red Hat Certified Technician,Certification,https://lightcast.io/open-skills/skills/KS128G56NYR491X3FKHK
KS4402Y6HQ5WPMP058XY,Red Hat Certified Virtualization Administrator - RHCVA,Certification,https://lightcast.io/open-skills/skills/KS4402Y6HQ5WPMP058XY
ESA80562D2A2D687ED3F,Red Seal Certification,Certification,https://lightcast.io/open-skills/skills/ESA80562D2A2D687ED3F
ES4BBAF4F85C91914AAA,Reflexology Certification,Certification,https://lightcast.io/open-skills/skills/ES4BBAF4F85C91914AAA
ES3639C8F0871278DFB8,Registered Art Therapist (ATR),Certification,https://lightcast.io/open-skills/skills/ES3639C8F0871278DFB8
ESC68B37F4F0EA37CC44,Registered Behavior Technician (RBT),Certification,https://lightcast.io/open-skills/skills/ESC68B37F4F0EA37CC44
KS128DG69NWW17RJNHXD,Registered Biological Photographer,Certification,https://lightcast.io/open-skills/skills/KS128DG69NWW17RJNHXD
KS128DJ6R49F01HSPFHX,Registered Cardiac Electrophysiology Specialist (RCES),Certification,https://lightcast.io/open-skills/skills/KS128DJ6R49F01HSPFHX
KS128GW6ZV5TQ3B0XHHT,Registered Cardiac Sonographer (RCS),Certification,https://lightcast.io/open-skills/skills/KS128GW6ZV5TQ3B0XHHT
KS128GX61WDDSZVQYJTJ,Registered Cardiovascular Invasive Specialist (RCIS),Certification,https://lightcast.io/open-skills/skills/KS128GX61WDDSZVQYJTJ
KS128GX6HDDB089VM0Q0,Registered Clinical Exercise Physiologist (RCEP),Certification,https://lightcast.io/open-skills/skills/KS128GX6HDDB089VM0Q0
ES5E1BEE0082FFC64698,Registered Congenital Cardiac Sonographer (RCCS),Certification,https://lightcast.io/open-skills/skills/ES5E1BEE0082FFC64698
KS128GX75QH6029K2KGS,Registered Dental Assistant,Certification,https://lightcast.io/open-skills/skills/KS128GX75QH6029K2KGS
KS128DP71HGVRG8SH5D0,Registered Diagnostic Cardiac Sonographer (RDCS),Certification,https://lightcast.io/open-skills/skills/KS128DP71HGVRG8SH5D0
KS128DV5Y9GNB3C49PP3,Registered Diagnostic Medical Sonographer (RDMS),Certification,https://lightcast.io/open-skills/skills/KS128DV5Y9GNB3C49PP3
KS128GY5WZNGGHNFJBWM,Registered Dietitian (RD/RDN),Certification,https://lightcast.io/open-skills/skills/KS128GY5WZNGGHNFJBWM
KS128GY6F2Q68HZS8YQD,Registered Electroencephalographic Technologist,Certification,https://lightcast.io/open-skills/skills/KS128GY6F2Q68HZS8YQD
KS128FM685LHHH37SFWV,Registered Employee Benefits Consultant,Certification,https://lightcast.io/open-skills/skills/KS128FM685LHHH37SFWV
KS128HH682X4P7QFL80D,Registered Environmental Health Specialist/Registered Sanitarian,Certification,https://lightcast.io/open-skills/skills/KS128HH682X4P7QFL80D
KS128GY6QFVB5JCGS8HJ,Registered Environmental Laboratory Technologist,Certification,https://lightcast.io/open-skills/skills/KS128GY6QFVB5JCGS8HJ
KS128GY6ZPWKL4PNSDJG,Registered Environmental Manager,Certification,https://lightcast.io/open-skills/skills/KS128GY6ZPWKL4PNSDJG
KS128GZ67LXZZTKXNF07,Registered Environmental Professional,Certification,https://lightcast.io/open-skills/skills/KS128GZ67LXZZTKXNF07
KS128GZ77LK5RQ6GW8YF,Registered Environmental Property Assessor,Certification,https://lightcast.io/open-skills/skills/KS128GZ77LK5RQ6GW8YF
KS128H063HMMZTTT1HYK,Registered Environmental Service Director,Certification,https://lightcast.io/open-skills/skills/KS128H063HMMZTTT1HYK
KS128H0658W4HH4039QY,Registered Evoked Potential Technologist,Certification,https://lightcast.io/open-skills/skills/KS128H0658W4HH4039QY
KS128H06LB3S6LM7WT9Q,Registered Executive Housekeeper,Certification,https://lightcast.io/open-skills/skills/KS128H06LB3S6LM7WT9Q
KS128H06LL8RMXJC9TWF,Registered Financial Associate,Certification,https://lightcast.io/open-skills/skills/KS128H06LL8RMXJC9TWF
KS128H06X1FYS1YFZRWC,Registered Financial Planner,Certification,https://lightcast.io/open-skills/skills/KS128H06X1FYS1YFZRWC
KS128H06YLNLWH3PSQ3X,Registered Hazardous Substances Professional,Certification,https://lightcast.io/open-skills/skills/KS128H06YLNLWH3PSQ3X
KS128H167JJYDBGCLF8S,Registered Hazardous Substances Specialist,Certification,https://lightcast.io/open-skills/skills/KS128H167JJYDBGCLF8S
KS128H16BFGMG1SJBW12,Registered Health Information Administrator (RHIA),Certification,https://lightcast.io/open-skills/skills/KS128H16BFGMG1SJBW12
KS128H16XWYKPBHBW785,Registered Health Information Technician (RHIT),Certification,https://lightcast.io/open-skills/skills/KS128H16XWYKPBHBW785
KS128H17678JXJ4148VR,Registered Health Underwriter,Certification,https://lightcast.io/open-skills/skills/KS128H17678JXJ4148VR
KS128H1793NSX3GPLKSR,Registered Hypnotherapist,Certification,https://lightcast.io/open-skills/skills/KS128H1793NSX3GPLKSR
KS128H265YWZ6DJV9ZF4,Registered Investment Advisor,Certification,https://lightcast.io/open-skills/skills/KS128H265YWZ6DJV9ZF4
KS128H2670M5PWB7QHVC,Registered Jeweler,Certification,https://lightcast.io/open-skills/skills/KS128H2670M5PWB7QHVC
KS128H277W15JTDTNGNY,Registered Kinesiotherapist,Certification,https://lightcast.io/open-skills/skills/KS128H277W15JTDTNGNY
KS4403T6WG5XKHRYQVHY,Registered Laundry And Linen Director,Certification,https://lightcast.io/open-skills/skills/KS4403T6WG5XKHRYQVHY
ES6C19134DCE200E5994,Registered Medical Assistant (RMA),Certification,https://lightcast.io/open-skills/skills/ES6C19134DCE200E5994
KS128H279G36D4C6FKK2,Registered Medical Transcriptionist,Certification,https://lightcast.io/open-skills/skills/KS128H279G36D4C6FKK2
ESC5E05A245226B1F815,Registered Musculoskeletal Sonographer (RMSKS),Certification,https://lightcast.io/open-skills/skills/ESC5E05A245226B1F815
ES1A6A37647A97B60B7E,Registered Nurse (RN),Certification,https://lightcast.io/open-skills/skills/ES1A6A37647A97B60B7E
KS128H368VK2866Z7WT1,Registered Ophthalmic Ultrasound Biometrist,Certification,https://lightcast.io/open-skills/skills/KS128H368VK2866Z7WT1
KS128H36NZB4KG1V3F7L,Registered Organization Development Consultant,Certification,https://lightcast.io/open-skills/skills/KS128H36NZB4KG1V3F7L
KS128H36ZL8TC8FY72N2,Registered Orthopedic Technologist,Certification,https://lightcast.io/open-skills/skills/KS128H36ZL8TC8FY72N2
ESFD2AE7DEC9188F0664,Registered Pharmacist (RPh),Certification,https://lightcast.io/open-skills/skills/ESFD2AE7DEC9188F0664
KS4405D6K174C38NFWLW,Registered Phlebology Sonographer (RPhS),Certification,https://lightcast.io/open-skills/skills/KS4405D6K174C38NFWLW
KS1287Z67M5KBW5DSW4C,Registered Physician In Vascular Interpretation (RPVI),Certification,https://lightcast.io/open-skills/skills/KS1287Z67M5KBW5DSW4C
KS128H375L16PV47R3H3,Registered Piano Technician,Certification,https://lightcast.io/open-skills/skills/KS128H375L16PV47R3H3
KS128H46LFDNSQW4BPWY,Registered Polysomnographic Technologist,Certification,https://lightcast.io/open-skills/skills/KS128H46LFDNSQW4BPWY
KS7G7WQ6QNHXGL0QBP76,Registered Practical Nurse,Certification,https://lightcast.io/open-skills/skills/KS7G7WQ6QNHXGL0QBP76
KS128H46Q55TKD8KH22Y,Registered Professional Accountant,Certification,https://lightcast.io/open-skills/skills/KS128H46Q55TKD8KH22Y
KS128H6613VJW5Y5MQMP,Registered Professional Landman,Certification,https://lightcast.io/open-skills/skills/KS128H6613VJW5Y5MQMP
KS128H7664QCW4NDCDQL,Registered Professional Liability Underwriter,Certification,https://lightcast.io/open-skills/skills/KS128H7664QCW4NDCDQL
KS7G54H6QTCKQDKP6VTF,Registered Professional Recruiter,Certification,https://lightcast.io/open-skills/skills/KS7G54H6QTCKQDKP6VTF
KS128H76GZTLN093V81D,Registered Professional Reporter,Certification,https://lightcast.io/open-skills/skills/KS128H76GZTLN093V81D
KS128H76J907F7HPLL4F,Registered Pulmonary Function Technologist,Certification,https://lightcast.io/open-skills/skills/KS128H76J907F7HPLL4F
ES21A36CBDEDD4E3324A,Registered Radiologist Assistant (RRA),Certification,https://lightcast.io/open-skills/skills/ES21A36CBDEDD4E3324A
KS128H86BWJY8474640Y,Registered Representative (Securities),Certification,https://lightcast.io/open-skills/skills/KS128H86BWJY8474640Y
KS128H86G1VS67JXY9L4,Registered Respiratory Therapist (RRT),Certification,https://lightcast.io/open-skills/skills/KS128H86G1VS67JXY9L4
KS128H86PPCCWN22T8FJ,Registered Roof Observer,Certification,https://lightcast.io/open-skills/skills/KS128H86PPCCWN22T8FJ
KS7G3X86DYPPWWDZQ0KC,Registered Sleep Technologist,Certification,https://lightcast.io/open-skills/skills/KS7G3X86DYPPWWDZQ0KC
ESAE137A49F7CB14E06F,Registered Tax Return Preparer (RTRP),Certification,https://lightcast.io/open-skills/skills/ESAE137A49F7CB14E06F
KS128BJ6J98HQ43MKG47,Registered Technologist,Certification,https://lightcast.io/open-skills/skills/KS128BJ6J98HQ43MKG47
KS128H96Q2G4BXCJY3BJ,Registered Vascular Specialist (RVS),Certification,https://lightcast.io/open-skills/skills/KS128H96Q2G4BXCJY3BJ
KS128H96YC1TJG27GCR2,Registered Vascular Technologist (RVT),Certification,https://lightcast.io/open-skills/skills/KS128H96YC1TJG27GCR2
ES326C98A42B4A199E66,Regulatory Affairs Certification (RAC),Certification,https://lightcast.io/open-skills/skills/ES326C98A42B4A199E66
KS128DL708SX7J85PKQ7,Reinforced Concrete Special Inspector,Certification,https://lightcast.io/open-skills/skills/KS128DL708SX7J85PKQ7
ES84A49CDFA592CFF71E,Release of Information (ROI),Certification,https://lightcast.io/open-skills/skills/ES84A49CDFA592CFF71E
ES3295F0B44B7F43F4CA,Rescue Diver Certification,Certification,https://lightcast.io/open-skills/skills/ES3295F0B44B7F43F4CA
KS128DF6WS9JXCTWT572,Residential Building Inspector,Certification,https://lightcast.io/open-skills/skills/KS128DF6WS9JXCTWT572
KS128DM6193LSSN2XNH7,Residential Child And Youth Care Professional,Certification,https://lightcast.io/open-skills/skills/KS128DM6193LSSN2XNH7
KS4401367GXND660CVWN,Residential Combination Inspector,Certification,https://lightcast.io/open-skills/skills/KS4401367GXND660CVWN
KS128HH68W34ZT2S7KL4,Residential Electrical Inspector,Certification,https://lightcast.io/open-skills/skills/KS128HH68W34ZT2S7KL4
KS440126VXZJX1YGP34T,Residential Electronics Systems Integrator,Certification,https://lightcast.io/open-skills/skills/KS440126VXZJX1YGP34T
KS4401377WLT6XLNF1WP,Residential Mechanical Inspector,Certification,https://lightcast.io/open-skills/skills/KS4401377WLT6XLNF1WP
KS440156744LPL8YTT2H,Residential Plumbing Inspector,Certification,https://lightcast.io/open-skills/skills/KS440156744LPL8YTT2H
KS440156CDLMZ394CKGD,Residential Solar Water Site Assessor,Certification,https://lightcast.io/open-skills/skills/KS440156CDLMZ394CKGD
ESF7572ADF9C24209099,Respirator Fit Test Certification,Certification,https://lightcast.io/open-skills/skills/ESF7572ADF9C24209099
ESBBCEB3CA902A323184,Respiratory Care Practitioner,Certification,https://lightcast.io/open-skills/skills/ESBBCEB3CA902A323184
ESCBEE65CF283872CCEC,Responsible Beverage Service (RBS) Certification,Certification,https://lightcast.io/open-skills/skills/ESCBEE65CF283872CCEC
ES76957CB5DB9B29E112,Responsible Service of Alcohol (RSA) Certification,Certification,https://lightcast.io/open-skills/skills/ES76957CB5DB9B29E112
ES2911F28B9A3C03FAD1,Retail Industry Fundamentals Specialist,Certification,https://lightcast.io/open-skills/skills/ES2911F28B9A3C03FAD1
ES3840B7D3459399B334,Rheumatology Nursing Certification,Certification,https://lightcast.io/open-skills/skills/ES3840B7D3459399B334
ES216EBB9B6BFCAE7212,SACA Certified Industry 4.0 Associate Advanced Operations,Certification,https://lightcast.io/open-skills/skills/ES216EBB9B6BFCAE7212
ESCBE85D84E36E1F5F8A,SACA Certified Industry 4.0 Associate Basic Operations,Certification,https://lightcast.io/open-skills/skills/ESCBE85D84E36E1F5F8A
ESAA6E714EB2368690D1,SACA Certified Industry 4.0 Associate Robot System Operations,Certification,https://lightcast.io/open-skills/skills/ESAA6E714EB2368690D1
ES9DB30E425E1632C62E,SACA Certified Industry 4.0 IIoT Net Data,Certification,https://lightcast.io/open-skills/skills/ES9DB30E425E1632C62E
ES838A79FE147C5F1E46,SAFe Program Consultant (SPC) Certification,Certification,https://lightcast.io/open-skills/skills/ES838A79FE147C5F1E46
ES963A90E35E9BB57337,SAFe Release Train Engineer (RTE),Certification,https://lightcast.io/open-skills/skills/ES963A90E35E9BB57337
ES77718B1E151C5E1BF2,SAFe Transformation,Certification,https://lightcast.io/open-skills/skills/ES77718B1E151C5E1BF2
ES61C6F6B3D76AA0B19F,SAFe for Teams,Certification,https://lightcast.io/open-skills/skills/ES61C6F6B3D76AA0B19F
ES84C6ABB676C2084B48,SAP ABAP Certification,Certification,https://lightcast.io/open-skills/skills/ES84C6ABB676C2084B48
ESEDA4462EF88A95B260,SAP Certification,Certification,https://lightcast.io/open-skills/skills/ESEDA4462EF88A95B260
ESF74BF5326899C1875F,SAP Certified Application Associate,Certification,https://lightcast.io/open-skills/skills/ESF74BF5326899C1875F
ESD6B80DEF607FE6B548,SAP Certified Application Professional,Certification,https://lightcast.io/open-skills/skills/ESD6B80DEF607FE6B548
ES46C53E0749DF8FD994,SAP Certified Application Specialist,Certification,https://lightcast.io/open-skills/skills/ES46C53E0749DF8FD994
ES6E3CAED526006C4E30,SAP Certified Associate,Certification,https://lightcast.io/open-skills/skills/ES6E3CAED526006C4E30
ES530E8C90D00A861D10,SAP Certified Development Associate,Certification,https://lightcast.io/open-skills/skills/ES530E8C90D00A861D10
ES53F13F3182BF7D0966,SAP Certified Development Professional,Certification,https://lightcast.io/open-skills/skills/ES53F13F3182BF7D0966
ES58323E519904DFFB1D,SAP Certified Development Specialist,Certification,https://lightcast.io/open-skills/skills/ES58323E519904DFFB1D
ES57B69451D1B17E1669,SAP Certified Integration Associate,Certification,https://lightcast.io/open-skills/skills/ES57B69451D1B17E1669
ES695497A4CA917C8785,SAP Certified Product Support Specialist,Certification,https://lightcast.io/open-skills/skills/ES695497A4CA917C8785
ES289D012AD6EE48B5A3,SAP Certified Professional,Certification,https://lightcast.io/open-skills/skills/ES289D012AD6EE48B5A3
ES9FF2DEF2F2C5503ED5,SAP Certified Specialist,Certification,https://lightcast.io/open-skills/skills/ES9FF2DEF2F2C5503ED5
ES4461D78E8F52C9E937,SAP Certified Technology Associate,Certification,https://lightcast.io/open-skills/skills/ES4461D78E8F52C9E937
ESEF3CB23FD80B865886,SAP Certified Technology Consultant,Certification,https://lightcast.io/open-skills/skills/ESEF3CB23FD80B865886
ES6E80210855F5CC4A4C,SAP Certified Technology Professional,Certification,https://lightcast.io/open-skills/skills/ES6E80210855F5CC4A4C
ES12F6CDC11C5178DD2F,SAP Certified Technology Specialist,Certification,https://lightcast.io/open-skills/skills/ES12F6CDC11C5178DD2F
ESDCA84DA427F63B11AC,SAP Sybase Certification,Certification,https://lightcast.io/open-skills/skills/ESDCA84DA427F63B11AC
ES2264353C882008877D,SAS Certification,Certification,https://lightcast.io/open-skills/skills/ES2264353C882008877D
ES59F3A583CA430D11DF,SAS Certified Advanced Analytics Professional,Certification,https://lightcast.io/open-skills/skills/ES59F3A583CA430D11DF
KS4409G70N9Z3SHQRXG3,SAS Certified Advanced Programmer,Certification,https://lightcast.io/open-skills/skills/KS4409G70N9Z3SHQRXG3
ES2C3091C0822586C8F3,SAS Certified Associate,Certification,https://lightcast.io/open-skills/skills/ES2C3091C0822586C8F3
ES547A7F7DBCC64C0C2A,SAS Certified Associate: Programming Fundamentals,Certification,https://lightcast.io/open-skills/skills/ES547A7F7DBCC64C0C2A
ESCFFAE6A21A32CD1A1E,SAS Certified Clinical Trials Programmer,Certification,https://lightcast.io/open-skills/skills/ESCFFAE6A21A32CD1A1E
ES681AC9FD41840F90DC,SAS Certified Data Integration Developer,Certification,https://lightcast.io/open-skills/skills/ES681AC9FD41840F90DC
ES19D9993D820A1C3AAC,SAS Certified Data Quality Steward,Certification,https://lightcast.io/open-skills/skills/ES19D9993D820A1C3AAC
ES7A591FD31E9CDCD53F,SAS Certified Data Scientist,Certification,https://lightcast.io/open-skills/skills/ES7A591FD31E9CDCD53F
ES410BD1A9C73117AD4E,SAS Certified ModelOps Specialist,Certification,https://lightcast.io/open-skills/skills/ES410BD1A9C73117AD4E
ES2D4ECDC1BDF739A769,SAS Certified Platform Administrator,Certification,https://lightcast.io/open-skills/skills/ES2D4ECDC1BDF739A769
ES25A1F175B4D96222D6,SAS Certified Predictive Modeler,Certification,https://lightcast.io/open-skills/skills/ES25A1F175B4D96222D6
ESD117D10D746157592A,SAS Certified Professional,Certification,https://lightcast.io/open-skills/skills/ESD117D10D746157592A
ESEB1B1F6D48299E281C,SAS Certified Professional: AI & Machine Learning,Certification,https://lightcast.io/open-skills/skills/ESEB1B1F6D48299E281C
ESB18EE9C9832FEA10BD,SAS Certified Professional: Advanced Programming,Certification,https://lightcast.io/open-skills/skills/ESB18EE9C9832FEA10BD
ES780CCFCB64FEEF0193,SAS Certified Professional: Data Curation,Certification,https://lightcast.io/open-skills/skills/ES780CCFCB64FEEF0193
ESFF6D58472B515104EA,SAS Certified Specialist,Certification,https://lightcast.io/open-skills/skills/ESFF6D58472B515104EA
ES6AA1CA4AD60D2C1EE6,SAS Certified Specialist: Administration Of SAS Viya 3.5,Certification,https://lightcast.io/open-skills/skills/ES6AA1CA4AD60D2C1EE6
ES807C8DB0984332EB2E,SAS Certified Specialist: Advanced Predictive Modeling,Certification,https://lightcast.io/open-skills/skills/ES807C8DB0984332EB2E
ES6D89A561DFD5651560,SAS Certified Specialist: Base Programming,Certification,https://lightcast.io/open-skills/skills/ES6D89A561DFD5651560
ES848FE2C7FBB4323167,SAS Certified Specialist: Forecasting And Optimization,Certification,https://lightcast.io/open-skills/skills/ES848FE2C7FBB4323167
ES1E86D50CF9C62BBD92,SAS Certified Specialist: Machine Learning,Certification,https://lightcast.io/open-skills/skills/ES1E86D50CF9C62BBD92
ESFF15C8D16FB0262E1A,SAS Certified Specialist: Natural Language Processing And Computer Vision,Certification,https://lightcast.io/open-skills/skills/ESFF15C8D16FB0262E1A
ESE049F880CA882108D0,SAS Certified Statistical Business Analyst,Certification,https://lightcast.io/open-skills/skills/ESE049F880CA882108D0
ESA5D769432FD4A28CEA,SAS Certified Visual Modeler,Certification,https://lightcast.io/open-skills/skills/ESA5D769432FD4A28CEA
ES9611026234B53DBE29,SAS Visual Business Analytics Specialist,Certification,https://lightcast.io/open-skills/skills/ES9611026234B53DBE29
ESAFA86F63A88F5D3A83,SAS Viya Programming Associate,Certification,https://lightcast.io/open-skills/skills/ESAFA86F63A88F5D3A83
ES9320CE84B47274F89F,SAS Viya Programming Specialist,Certification,https://lightcast.io/open-skills/skills/ES9320CE84B47274F89F
ESF48B151E39A341C44B,SEO Certification,Certification,https://lightcast.io/open-skills/skills/ESF48B151E39A341C44B
ES835A0013D3786E489B,SHRM-CP (Society for Human Resource Management Certified Professional),Certification,https://lightcast.io/open-skills/skills/ES835A0013D3786E489B
ES6D80AE249F35D3AD96,SHRM-SCP (Society for Human Resource Management Senior Certified Professional),Certification,https://lightcast.io/open-skills/skills/ES6D80AE249F35D3AD96
KS440PB763C8JGJ5J8D8,SNIA Certified Architecture,Certification,https://lightcast.io/open-skills/skills/KS440PB763C8JGJ5J8D8
KS440PC635QJ3YP90M94,SNIA Certified Professional,Certification,https://lightcast.io/open-skills/skills/KS440PC635QJ3YP90M94
KS440PD5ZW2WKGXVB0PF,SNIA Certified Systems Engineer,Certification,https://lightcast.io/open-skills/skills/KS440PD5ZW2WKGXVB0PF
ES8573B4CB9FEE770FC3,SPSS Statistics Certification,Certification,https://lightcast.io/open-skills/skills/ES8573B4CB9FEE770FC3
ESF21C41E6ACE4987AB5,SQF (Safe Quality Food) Practitioner,Certification,https://lightcast.io/open-skills/skills/ESF21C41E6ACE4987AB5
ES9F32146EA7EA698592,STAR Rural Development 515 Certification,Certification,https://lightcast.io/open-skills/skills/ES9F32146EA7EA698592
ES879782ABF0485016E2,SUSE Certified Administrator (SCA),Certification,https://lightcast.io/open-skills/skills/ES879782ABF0485016E2
ES572DB2D4E0DF339991,SUSE Certified Engineer (SCE),Certification,https://lightcast.io/open-skills/skills/ES572DB2D4E0DF339991
ES1F6884EDE6F678A7AC,Safeguarding And Protecting Children,Certification,https://lightcast.io/open-skills/skills/ES1F6884EDE6F678A7AC
KS440786PGS9GC0XK3R4,Safety Trained Supervisor Certification,Certification,https://lightcast.io/open-skills/skills/KS440786PGS9GC0XK3R4
ES4367DA8D71F5E20B98,Sailing Certification,Certification,https://lightcast.io/open-skills/skills/ES4367DA8D71F5E20B98
ES67AF797B96E336DFD4,Salesforce CPQ Specialist,Certification,https://lightcast.io/open-skills/skills/ES67AF797B96E336DFD4
ES8FA2F9CD7545F01825,Salesforce Certification,Certification,https://lightcast.io/open-skills/skills/ES8FA2F9CD7545F01825
ESD187D7966512471014,Salesforce Certified Administrator,Certification,https://lightcast.io/open-skills/skills/ESD187D7966512471014
ES4A726404DC2A80E160,Salesforce Certified Advanced Administrator,Certification,https://lightcast.io/open-skills/skills/ES4A726404DC2A80E160
ES3ECD4691CD4EBF61AD,Salesforce Certified Application Architect,Certification,https://lightcast.io/open-skills/skills/ES3ECD4691CD4EBF61AD
ES95DE11C0EE811C1855,Salesforce Certified B2B Solution Architect,Certification,https://lightcast.io/open-skills/skills/ES95DE11C0EE811C1855
ES8D3550A032F4A76949,Salesforce Certified B2C Commerce Architect,Certification,https://lightcast.io/open-skills/skills/ES8D3550A032F4A76949
ES23304EC06158F646A7,Salesforce Certified B2C Commerce Developer,Certification,https://lightcast.io/open-skills/skills/ES23304EC06158F646A7
ES1193B915A3AD544DD8,Salesforce Certified B2C Solution Architect,Certification,https://lightcast.io/open-skills/skills/ES1193B915A3AD544DD8
ESA3CEE6859014DC3279,Salesforce Certified Business Analyst,Certification,https://lightcast.io/open-skills/skills/ESA3CEE6859014DC3279
ESC6EB046AD621263B61,Salesforce Certified Data Architecture And Management Designer,Certification,https://lightcast.io/open-skills/skills/ESC6EB046AD621263B61
ES81EECD26AEE86F62C1,Salesforce Certified Development Lifecycle And Deployment Designer,Certification,https://lightcast.io/open-skills/skills/ES81EECD26AEE86F62C1
ES7918B4E53FB2E1C4DF,Salesforce Certified Education Cloud Consultant,Certification,https://lightcast.io/open-skills/skills/ES7918B4E53FB2E1C4DF
ES6D1889E1DE4A81D0C8,Salesforce Certified Experience Cloud Consultant,Certification,https://lightcast.io/open-skills/skills/ES6D1889E1DE4A81D0C8
ESDF0740AF981A95C681,Salesforce Certified Field Service Consultant,Certification,https://lightcast.io/open-skills/skills/ESDF0740AF981A95C681
ES5FFF942019E653ECB9,Salesforce Certified Heroku Architect,Certification,https://lightcast.io/open-skills/skills/ES5FFF942019E653ECB9
ES16E5A7E088A50B6BAE,Salesforce Certified Industries CPQ Developer,Certification,https://lightcast.io/open-skills/skills/ES16E5A7E088A50B6BAE
ES2E4E1FDBB56E276318,Salesforce Certified Integration Architecture Designer,Certification,https://lightcast.io/open-skills/skills/ES2E4E1FDBB56E276318
ESBD82D905B0C927D7F5,Salesforce Certified Javascript Developer I,Certification,https://lightcast.io/open-skills/skills/ESBD82D905B0C927D7F5
ESC6C73E2E2BFD89814E,Salesforce Certified Marketing Cloud Administrator,Certification,https://lightcast.io/open-skills/skills/ESC6C73E2E2BFD89814E
ES2CEE66214A3CCF6DEB,Salesforce Certified Marketing Cloud Consultant,Certification,https://lightcast.io/open-skills/skills/ES2CEE66214A3CCF6DEB
ES7BD13CAA5DED4A3301,Salesforce Certified Marketing Cloud Developer,Certification,https://lightcast.io/open-skills/skills/ES7BD13CAA5DED4A3301
ESFA3302BA64AFE21753,Salesforce Certified Marketing Cloud Email Specialist,Certification,https://lightcast.io/open-skills/skills/ESFA3302BA64AFE21753
ES9020E1D39423AD6C5E,Salesforce Certified Marketing Cloud Social Specialist,Certification,https://lightcast.io/open-skills/skills/ES9020E1D39423AD6C5E
ES51CC840D342897BB9A,Salesforce Certified Nonprofit Cloud Consultant,Certification,https://lightcast.io/open-skills/skills/ES51CC840D342897BB9A
ES716946294054D214FF,Salesforce Certified OmniStudio Developer,Certification,https://lightcast.io/open-skills/skills/ES716946294054D214FF
ESC5C007B33332F7839B,Salesforce Certified Pardot Consultant,Certification,https://lightcast.io/open-skills/skills/ESC5C007B33332F7839B
ES54D298253B74955DD5,Salesforce Certified Pardot Specialist,Certification,https://lightcast.io/open-skills/skills/ES54D298253B74955DD5
ES474A30A6B6E6D56392,Salesforce Certified Platform App Builder,Certification,https://lightcast.io/open-skills/skills/ES474A30A6B6E6D56392
ESB6B50FC2C3B12D2D18,Salesforce Certified Platform Developer I,Certification,https://lightcast.io/open-skills/skills/ESB6B50FC2C3B12D2D18
ES5E9ED04EC3BC49CACC,Salesforce Certified Platform Developer II,Certification,https://lightcast.io/open-skills/skills/ES5E9ED04EC3BC49CACC
ES1A3A6C2E7BF378F015,Salesforce Certified Sales Cloud Consultant,Certification,https://lightcast.io/open-skills/skills/ES1A3A6C2E7BF378F015
ES5045E1C8DAF616AFE5,Salesforce Certified Service Cloud Consultant,Certification,https://lightcast.io/open-skills/skills/ES5045E1C8DAF616AFE5
ESEC21125740CD85AC1E,Salesforce Certified Strategy Designer,Certification,https://lightcast.io/open-skills/skills/ESEC21125740CD85AC1E
ES75F3789BCE2BB7CEF2,Salesforce Certified System Architect,Certification,https://lightcast.io/open-skills/skills/ES75F3789BCE2BB7CEF2
ESE0A0025183E608E03F,Salesforce Certified Tableau CRM & Einstein Discovery Consultant,Certification,https://lightcast.io/open-skills/skills/ESE0A0025183E608E03F
ESD9F2DBE1D8433251F1,Salesforce Certified Technical Architect,Certification,https://lightcast.io/open-skills/skills/ESD9F2DBE1D8433251F1
ESE91A59934E27A57D42,Salesforce Certified User Experience (UX) Designer,Certification,https://lightcast.io/open-skills/skills/ESE91A59934E27A57D42
ES346EE16C81E9174E97,School Bus Endorsement,Certification,https://lightcast.io/open-skills/skills/ES346EE16C81E9174E97
KS126VS6X42KP4KNJL30,School Counselor Certification,Certification,https://lightcast.io/open-skills/skills/KS126VS6X42KP4KNJL30
ESD933A9765F65C3C57F,School Nurse Practitioner (SNP-BC),Certification,https://lightcast.io/open-skills/skills/ESD933A9765F65C3C57F
ESC54A199BD2E0FB006F,School Nursing Certification,Certification,https://lightcast.io/open-skills/skills/ESC54A199BD2E0FB006F
KS440BL784N4HLP1LV1C,School Nutrition Specialist,Certification,https://lightcast.io/open-skills/skills/KS440BL784N4HLP1LV1C
ESBF2301C13C6E7431C1,School Psychology License,Certification,https://lightcast.io/open-skills/skills/ESBF2301C13C6E7431C1
ESD738E81C23E7397280,Science Endorsement,Certification,https://lightcast.io/open-skills/skills/ESD738E81C23E7397280
ES94B24043B36C82854D,Scissor Lift Certification,Certification,https://lightcast.io/open-skills/skills/ES94B24043B36C82854D
ES806437526718AC34AB,Secret Clearance,Certification,https://lightcast.io/open-skills/skills/ES806437526718AC34AB
ESC0C99A19CB25E56374,Securities License,Certification,https://lightcast.io/open-skills/skills/ESC0C99A19CB25E56374
KS440DX6DM63Y2Z2M7W7,Security Certified Network Architect,Certification,https://lightcast.io/open-skills/skills/KS440DX6DM63Y2Z2M7W7
KS440C46R92Y3H6VQZRW,Security Certified Network Professional,Certification,https://lightcast.io/open-skills/skills/KS440C46R92Y3H6VQZRW
KS683TN76T77DQDVBZ1B,Security Clearance,Certification,https://lightcast.io/open-skills/skills/KS683TN76T77DQDVBZ1B
ES57364CA02EDD1BF892,Security Guard License,Certification,https://lightcast.io/open-skills/skills/ES57364CA02EDD1BF892
ESB97C2BC2580DE80B78,Security Identification Display Area (SIDA) Badge,Certification,https://lightcast.io/open-skills/skills/ESB97C2BC2580DE80B78
KS121S76179C1789BH30,Senior Certified Electronics Technician,Certification,https://lightcast.io/open-skills/skills/KS121S76179C1789BH30
ESB79F8556843D2B1026,Senior Certified Welding Inspector,Certification,https://lightcast.io/open-skills/skills/ESB79F8556843D2B1026
ES9F5D5BE98D834C86F6,Senior Emergency Medical Services Instructor (SEI),Certification,https://lightcast.io/open-skills/skills/ES9F5D5BE98D834C86F6
KS440G96T5PZPXPFF3TX,Senior Fitness Certification,Certification,https://lightcast.io/open-skills/skills/KS440G96T5PZPXPFF3TX
KS440G972HLNJFDT2SG0,Senior Fitness Instructor,Certification,https://lightcast.io/open-skills/skills/KS440G972HLNJFDT2SG0
KS440VF65B6XRG927Z05,Senior Professional In Human Resources,Certification,https://lightcast.io/open-skills/skills/KS440VF65B6XRG927Z05
ES4AA3B21428E55F63DE,ServSafe Certification,Certification,https://lightcast.io/open-skills/skills/ES4AA3B21428E55F63DE
ESFDABF7FB5559813EA1,ServSafe Instructor/Proctor Certification,Certification,https://lightcast.io/open-skills/skills/ESFDABF7FB5559813EA1
ES8C8C35677157E04CC1,Service And Repair Of Electric And Hybrid Vehicles,Certification,https://lightcast.io/open-skills/skills/ES8C8C35677157E04CC1
ES4C1A9DBF4D08999415,ServiceNow Certified Application Developer,Certification,https://lightcast.io/open-skills/skills/ES4C1A9DBF4D08999415
ES22D47002201F991623,ServiceNow Certified Application Specialist,Certification,https://lightcast.io/open-skills/skills/ES22D47002201F991623
ES61EBA79038B51F3DB1,ServiceNow Certified Implementation Specialist (CIS),Certification,https://lightcast.io/open-skills/skills/ES61EBA79038B51F3DB1
ESCDC55A7C3ADBF4C0B8,ServiceNow Certified Master Architect (CMA),Certification,https://lightcast.io/open-skills/skills/ESCDC55A7C3ADBF4C0B8
ES583C159EB6D1535EEA,ServiceNow Certified System Administrator (CSA),Certification,https://lightcast.io/open-skills/skills/ES583C159EB6D1535EEA
ES724CFC0C1D947BE15E,ServiceNow Certified Technical Architect (CTA),Certification,https://lightcast.io/open-skills/skills/ES724CFC0C1D947BE15E
KS440HT6C5HZZSC292DB,Servsafe Food Production Manager Certification,Certification,https://lightcast.io/open-skills/skills/KS440HT6C5HZZSC292DB
KS440J35XMWFZ4CP6S17,Sexual Assault Nurse Examiner,Certification,https://lightcast.io/open-skills/skills/KS440J35XMWFZ4CP6S17
ES219C1D582D8B3724E2,Sexual Assault Nurse Examiner - Adult/Adolescent (SANE-A),Certification,https://lightcast.io/open-skills/skills/ES219C1D582D8B3724E2
ES644C34A38F1DCEE1DC,Sexual Assault Nurse Examiner - Pediatric (SANE-P),Certification,https://lightcast.io/open-skills/skills/ES644C34A38F1DCEE1DC
KS440JZ6WRF603Q7RG21,Ship Radar Endorsement,Certification,https://lightcast.io/open-skills/skills/KS440JZ6WRF603Q7RG21
ES5FC27F7AD650C26531,Short Sales And Foreclosure Resource (SFR) Certification,Certification,https://lightcast.io/open-skills/skills/ES5FC27F7AD650C26531
KS440KG67BQYS6DK05BP,Siebel 7.7 Certified Consultant,Certification,https://lightcast.io/open-skills/skills/KS440KG67BQYS6DK05BP
KS440KJ5XZFVFCYP67B3,Siebel Certified Business Analyst,Certification,https://lightcast.io/open-skills/skills/KS440KJ5XZFVFCYP67B3
KS122KN7458KR53RS94C,Six Sigma Black Belt,Certification,https://lightcast.io/open-skills/skills/KS122KN7458KR53RS94C
ES5A44AED674AA236F5E,Six Sigma Certification,Certification,https://lightcast.io/open-skills/skills/ES5A44AED674AA236F5E
KS124HM6ZWL986Y3QK0L,Six Sigma Green Belt,Certification,https://lightcast.io/open-skills/skills/KS124HM6ZWL986Y3QK0L
ES59C078E6837F5FD936,Six Sigma Master Black Belt,Certification,https://lightcast.io/open-skills/skills/ES59C078E6837F5FD936
ESDA69A55BFABE92296C,Six Sigma White Belt,Certification,https://lightcast.io/open-skills/skills/ESDA69A55BFABE92296C
ES134D3573F935A48444,Six Sigma Yellow Belt,Certification,https://lightcast.io/open-skills/skills/ES134D3573F935A48444
ES90496AD74D4E2F126D,Smart Meter Installation Code of Practice (SMICoP),Certification,https://lightcast.io/open-skills/skills/ES90496AD74D4E2F126D
ESCCB29D3AEE45AE7083,Smart Meter Installer Core (CMA1),Certification,https://lightcast.io/open-skills/skills/ESCCB29D3AEE45AE7083
KS440PD6FLKJVX0KDBNS,Sniffer Certified Expert,Certification,https://lightcast.io/open-skills/skills/KS440PD6FLKJVX0KDBNS
KS440PD6XYJ99VN07YQM,Sniffer Certified Master,Certification,https://lightcast.io/open-skills/skills/KS440PD6XYJ99VN07YQM
KS440PF65M6VL0TWDT0G,Sniffer Certified Professional,Certification,https://lightcast.io/open-skills/skills/KS440PF65M6VL0TWDT0G
ESFD00AF149A409FF64F,Software AG Certified Adabas Administrator,Certification,https://lightcast.io/open-skills/skills/ESFD00AF149A409FF64F
ES47285C601DBA8E6C72,Software Development Engineer in Test,Certification,https://lightcast.io/open-skills/skills/ES47285C601DBA8E6C72
KS440RF60S17G08SG2D5,Soils Special Inspector,Certification,https://lightcast.io/open-skills/skills/KS440RF60S17G08SG2D5
ES6AF3D4044340A6B9AE,Solidworks Certification,Certification,https://lightcast.io/open-skills/skills/ES6AF3D4044340A6B9AE
ES856655572B9C8C5EAD,SonicWall Network Security Administrator (SNSA),Certification,https://lightcast.io/open-skills/skills/ES856655572B9C8C5EAD
ES3BC6D1ACBD9EF1D078,SonicWall Network Security Professional (SNSP),Certification,https://lightcast.io/open-skills/skills/ES3BC6D1ACBD9EF1D078
ESEB6150574DB086E3B9,Specialist In Blood Banking (SBB-ASCP),Certification,https://lightcast.io/open-skills/skills/ESEB6150574DB086E3B9
ESF27D590DABE7E00826,Specialist In Chemistry (SC-ASCP),Certification,https://lightcast.io/open-skills/skills/ESF27D590DABE7E00826
ES2DC1FF9C48D71021CE,Specialist In Cytology (SCT-ASCP),Certification,https://lightcast.io/open-skills/skills/ES2DC1FF9C48D71021CE
ES5147121952DAE95FFD,Specialist In Cytometry (SCYM-ASCP),Certification,https://lightcast.io/open-skills/skills/ES5147121952DAE95FFD
ES4EDF858B9470C69310,Specialist In Hematology (SH-ASCP),Certification,https://lightcast.io/open-skills/skills/ES4EDF858B9470C69310
ES6929793F55832E9955,Specialist In Laboratory Safety (SLS-ASCP),Certification,https://lightcast.io/open-skills/skills/ES6929793F55832E9955
ES78AD0E6A9FD19A4A3B,Specialist In Microbiology (SM-ASCP),Certification,https://lightcast.io/open-skills/skills/ES78AD0E6A9FD19A4A3B
ES4B4C80EC7AACD4E967,Specialist In Molecular Biology (SMB-ASCP),Certification,https://lightcast.io/open-skills/skills/ES4B4C80EC7AACD4E967
ESA3F4E2AF5BCF1E2ED3,Speech-Language Pathology License,Certification,https://lightcast.io/open-skills/skills/ESA3F4E2AF5BCF1E2ED3
ES39E28A81ABF35E6F33,Spill Response Training,Certification,https://lightcast.io/open-skills/skills/ES39E28A81ABF35E6F33
ES7BDCE3B37E81649C53,Spinning/Indoor Cycling Instructor Certification,Certification,https://lightcast.io/open-skills/skills/ES7BDCE3B37E81649C53
KS440CS69RTCK9C527LX,Sports Certified Specialist,Certification,https://lightcast.io/open-skills/skills/KS440CS69RTCK9C527LX
ES984508E55B7CF68A5A,Spring Professional Certification,Certification,https://lightcast.io/open-skills/skills/ES984508E55B7CF68A5A
ESDD1796D29C74FB45F8,Standards Of Training Certification and Watchkeeping,Certification,https://lightcast.io/open-skills/skills/ESDD1796D29C74FB45F8
ESCACC78D6B41A10C587,State Bar Membership,Certification,https://lightcast.io/open-skills/skills/ESCACC78D6B41A10C587
ES5AFF3CA633A9702698,State Interpreter Certification,Certification,https://lightcast.io/open-skills/skills/ES5AFF3CA633A9702698
ES1E258CC481AE83243B,Stationary Engineer License,Certification,https://lightcast.io/open-skills/skills/ES1E258CC481AE83243B
KS440YY63Z1QHCCKQ7QL,Step Certification,Certification,https://lightcast.io/open-skills/skills/KS440YY63Z1QHCCKQ7QL
ESB8A47B456137BBCB28,Sterile Products (IV) Certification,Certification,https://lightcast.io/open-skills/skills/ESB8A47B456137BBCB28
ESB1325BFBD06F7A4AFB,Storage Networking Industry Association (SNIA) Certification,Certification,https://lightcast.io/open-skills/skills/ESB1325BFBD06F7A4AFB
KS4410177K63SFY1NH6K,Strategic Management Professional,Certification,https://lightcast.io/open-skills/skills/KS4410177K63SFY1NH6K
ESAED446824EC05F58C2,Strategic Workforce Planning Certification,Certification,https://lightcast.io/open-skills/skills/ESAED446824EC05F58C2
ES5C997F0765621F4B89,Stress Management Certification,Certification,https://lightcast.io/open-skills/skills/ES5C997F0765621F4B89
ESC949DBCA8F45785B59,Stroke Certified Registered Nurse (SCRN),Certification,https://lightcast.io/open-skills/skills/ESC949DBCA8F45785B59
ES142F4855322BAEAB73,Structural Engineer License,Certification,https://lightcast.io/open-skills/skills/ES142F4855322BAEAB73
KS4410S73TS3M7GZKM6T,Structural Masonry Special Inspector,Certification,https://lightcast.io/open-skills/skills/KS4410S73TS3M7GZKM6T
KS4410V6X98CTMZBS8DY,Structural Welding Special Inspector,Certification,https://lightcast.io/open-skills/skills/KS4410V6X98CTMZBS8DY
KS441156P73W57QM67RF,Student Pilot Certificates,Certification,https://lightcast.io/open-skills/skills/KS441156P73W57QM67RF
KS440B66T726YGDX45ZP,Sun Certified Business Component Developer,Certification,https://lightcast.io/open-skills/skills/KS440B66T726YGDX45ZP
KS440B76XN5QWTKFVFJ5,Sun Certified Developer For Java Web Services,Certification,https://lightcast.io/open-skills/skills/KS440B76XN5QWTKFVFJ5
KS440C16DRMJQZ0XMQ12,Sun Certified Java Developer (SCJD),Certification,https://lightcast.io/open-skills/skills/KS440C16DRMJQZ0XMQ12
KS440C16P09NBBY72GPP,Sun Certified Java Programmer (SCJP),Certification,https://lightcast.io/open-skills/skills/KS440C16P09NBBY72GPP
KS440C461FQPD6L4T7GS,Sun Certified Network Administrator (SCNA),Certification,https://lightcast.io/open-skills/skills/KS440C461FQPD6L4T7GS
KS125GT624MGM3H684XG,Sun Certified Professional,Certification,https://lightcast.io/open-skills/skills/KS125GT624MGM3H684XG
KS440CY60J9VLRMVWSZF,Sun Certified Web Component Developer (SCWCD),Certification,https://lightcast.io/open-skills/skills/KS440CY60J9VLRMVWSZF
ES369FDEC55A480833A0,Surveying License,Certification,https://lightcast.io/open-skills/skills/ES369FDEC55A480833A0
KS440CT79HVW54TWPQ62,Symantec Certified Security Practitioner,Certification,https://lightcast.io/open-skills/skills/KS440CT79HVW54TWPQ62
KS440CV5YR44FZZJ77TD,Symantec Certified Technology Architect,Certification,https://lightcast.io/open-skills/skills/KS440CV5YR44FZZJ77TD
KS4415H72B6YG1F7MKR9,System Operator Certification,Certification,https://lightcast.io/open-skills/skills/KS4415H72B6YG1F7MKR9
KS4415X6KT5N1JGXWM1P,Systems Security Certified Practitioner,Certification,https://lightcast.io/open-skills/skills/KS4415X6KT5N1JGXWM1P
KS122K86HWFB08VX1NGJ,TEEX Certified Safety And Health Official,Certification,https://lightcast.io/open-skills/skills/KS122K86HWFB08VX1NGJ
ESC50F1DA68A12121621,TESL Certification,Certification,https://lightcast.io/open-skills/skills/ESC50F1DA68A12121621
ESD33409037535A04ED0,TOGAF Certification,Certification,https://lightcast.io/open-skills/skills/ESD33409037535A04ED0
KS7G5RB6G6C8Z9LRSL15,Tandberg Certified Engineer,Certification,https://lightcast.io/open-skills/skills/KS7G5RB6G6C8Z9LRSL15
ES765F31A09D1E7D623B,Tanker And Hazmat Combo X Endorsement,Certification,https://lightcast.io/open-skills/skills/ES765F31A09D1E7D623B
ESF5E62E33C4EB78A4B5,Tanker Endorsement,Certification,https://lightcast.io/open-skills/skills/ESF5E62E33C4EB78A4B5
ESDC893CC4258D59FAE9,Tax Credit Specialist,Certification,https://lightcast.io/open-skills/skills/ESDC893CC4258D59FAE9
ES7A4AB4E196DF3E42C1,Taxi License,Certification,https://lightcast.io/open-skills/skills/ES7A4AB4E196DF3E42C1
ESCE0F21766873986952,Teaching Certificate,Certification,https://lightcast.io/open-skills/skills/ESCE0F21766873986952
KS4418W709S96G1PP7DS,Teaching English As A Foreign Language,Certification,https://lightcast.io/open-skills/skills/KS4418W709S96G1PP7DS
ES7A96D6456F5FD488C6,Techniques of Alcohol Management,Certification,https://lightcast.io/open-skills/skills/ES7A96D6456F5FD488C6
ES1B7230DBB74AF03759,Technologist In Blood Banking (BB-ASCP),Certification,https://lightcast.io/open-skills/skills/ES1B7230DBB74AF03759
ES58EE06DDE61F78616B,Technologist In Chemistry (C-ASCP),Certification,https://lightcast.io/open-skills/skills/ES58EE06DDE61F78616B
ES572180971BCE14881A,Technologist In Cytogenetics (CG-ASCP),Certification,https://lightcast.io/open-skills/skills/ES572180971BCE14881A
ES3C606CCF8256AAC877,Technologist In Hematology (H-ASCP),Certification,https://lightcast.io/open-skills/skills/ES3C606CCF8256AAC877
ESD05749FBDB2EA82093,Technologist In Microbiology (M-ASCP),Certification,https://lightcast.io/open-skills/skills/ESD05749FBDB2EA82093
ESB96B912C8F9310E1AE,Technologist In Molecular Biology (MB-ASCP),Certification,https://lightcast.io/open-skills/skills/ESB96B912C8F9310E1AE
KS4419Z715BJG67M7GF2,Teradata Certified Administrator V2r5,Certification,https://lightcast.io/open-skills/skills/KS4419Z715BJG67M7GF2
KS441B05ZFS6HBFGRQMH,Teradata Certified Application Developer V2r5,Certification,https://lightcast.io/open-skills/skills/KS441B05ZFS6HBFGRQMH
KS441B0625RSJM691B9Y,Teradata Certified Design Architect V2r5,Certification,https://lightcast.io/open-skills/skills/KS441B0625RSJM691B9Y
KS441B069347FTYFD5KS,Teradata Certified Implementation Specialist,Certification,https://lightcast.io/open-skills/skills/KS441B069347FTYFD5KS
KS441B06C382N1BY880T,Teradata Certified Professional,Certification,https://lightcast.io/open-skills/skills/KS441B06C382N1BY880T
KS441B06CM6YGY2LKWKN,Teradata Certified SQL Specialist,Certification,https://lightcast.io/open-skills/skills/KS441B06CM6YGY2LKWKN
KS441FC634BLLWZT4QXF,Test Of English As A Foreign Language (TOEFL),Certification,https://lightcast.io/open-skills/skills/KS441FC634BLLWZT4QXF
KS441FC6YQQDR56JK3V1,Test Of English For International Communication (TOEIC),Certification,https://lightcast.io/open-skills/skills/KS441FC6YQQDR56JK3V1
ESCC352B8A34EB1422A9,Top Secret Clearance,Certification,https://lightcast.io/open-skills/skills/ESCC352B8A34EB1422A9
KS84HIMR36V633XYJN41,Top Secret-Sensitive Compartmented Information (TS/SCI Clearance),Certification,https://lightcast.io/open-skills/skills/KS84HIMR36V633XYJN41
ESCC65C48AAF4AABDE41,Traffic Control Supervisor (TCS) Certification,Certification,https://lightcast.io/open-skills/skills/ESCC65C48AAF4AABDE41
ES36F915219E5347BABA,Training For Intervention Procedures (TIPS) Certification,Certification,https://lightcast.io/open-skills/skills/ES36F915219E5347BABA
KS6874V6Z9H5JMCMPGGJ,Transportation Worker Identification Credential (TWIC) Card,Certification,https://lightcast.io/open-skills/skills/KS6874V6Z9H5JMCMPGGJ
ES422FA3BE238A91F5AA,Trauma Certified Registered Nurse (TCRN),Certification,https://lightcast.io/open-skills/skills/ES422FA3BE238A91F5AA
ES1E9DCD0A926670694E,Trauma Nurse Core Course (TNCC),Certification,https://lightcast.io/open-skills/skills/ES1E9DCD0A926670694E
ES13804472325C0FD093,Triples Endorsement,Certification,https://lightcast.io/open-skills/skills/ES13804472325C0FD093
KS685H167D7J1G9JC8VY,Tropical Further Offshore Emergency Training,Certification,https://lightcast.io/open-skills/skills/KS685H167D7J1G9JC8VY
ES8C1DFB0F194929384E,Typing Certification,Certification,https://lightcast.io/open-skills/skills/ES8C1DFB0F194929384E
ES51036FA04F9E8E5422,USATF Level 1 Certification,Certification,https://lightcast.io/open-skills/skills/ES51036FA04F9E8E5422
ES736661D25986F0ACFE,USCG Assistance Towing Endorsement,Certification,https://lightcast.io/open-skills/skills/ES736661D25986F0ACFE
ESCC6F2898E6BB60B623,USCG Auxiliary Sail Endorsement,Certification,https://lightcast.io/open-skills/skills/ESCC6F2898E6BB60B623
ES324930947E6ED35354,USCG Captain's License,Certification,https://lightcast.io/open-skills/skills/ES324930947E6ED35354
ESF73A9E575921F4F7A2,USCG Master Captain's License,Certification,https://lightcast.io/open-skills/skills/ESF73A9E575921F4F7A2
KS441PG5WCTY92V2BYMP,USDF Certified Instructor,Certification,https://lightcast.io/open-skills/skills/KS441PG5WCTY92V2BYMP
ESAAD305637240EEF965,USGTF Professional Certification,Certification,https://lightcast.io/open-skills/skills/ESAAD305637240EEF965
ES3AE2166A2731288AE5,Underwriting Certification,Certification,https://lightcast.io/open-skills/skills/ES3AE2166A2731288AE5
ES3CB10552BB3B539D9B,Unix Certification,Certification,https://lightcast.io/open-skills/skills/ES3CB10552BB3B539D9B
ESB5BD9C90CA7462FD8B,Utilization Management Certification,Certification,https://lightcast.io/open-skills/skills/ESB5BD9C90CA7462FD8B
ES2B52ED39C1B416B226,VA SAR/LAPP Designation,Certification,https://lightcast.io/open-skills/skills/ES2B52ED39C1B416B226
ES5FD3CD60F3002AD926,VMware Certification,Certification,https://lightcast.io/open-skills/skills/ES5FD3CD60F3002AD926
ESD68957C7E56C883D87,VMware Certified Advanced Professional (VCAP),Certification,https://lightcast.io/open-skills/skills/ESD68957C7E56C883D87
KS7G84465JFFNW83T81L,VMware Certified Associate,Certification,https://lightcast.io/open-skills/skills/KS7G84465JFFNW83T81L
ES6B9243B25217F90033,VMware Certified Associate - Workforce Mobility (VCA-WM),Certification,https://lightcast.io/open-skills/skills/ES6B9243B25217F90033
ESC728C318CF031A3331,VMware Certified Design Expert (VCDX),Certification,https://lightcast.io/open-skills/skills/ESC728C318CF031A3331
ES81F9D5B4DD8606EB67,VMware Certified Implementation Expert (VCIX),Certification,https://lightcast.io/open-skills/skills/ES81F9D5B4DD8606EB67
KS441RM6KVSDS3HJYMF9,VMware Certified Professional (VCP),Certification,https://lightcast.io/open-skills/skills/KS441RM6KVSDS3HJYMF9
ES102629532578EDC1B7,VMware Certified Technical Associate (VCTA),Certification,https://lightcast.io/open-skills/skills/ES102629532578EDC1B7
ESE495A4017EB9404B8C,Valid Driver's License,Certification,https://lightcast.io/open-skills/skills/ESE495A4017EB9404B8C
KS441WG6QDVXKBYML792,Value Methodology Practitioner,Certification,https://lightcast.io/open-skills/skills/KS441WG6QDVXKBYML792
ES3EF97F0EAE80498835,Variable Annuity License,Certification,https://lightcast.io/open-skills/skills/ES3EF97F0EAE80498835
ES5392E88BE38ABA83DD,Veterinary License,Certification,https://lightcast.io/open-skills/skills/ES5392E88BE38ABA83DD
KS441TK6S5LFB1LH3BGN,Virtual Instructor Certification,Certification,https://lightcast.io/open-skills/skills/KS441TK6S5LFB1LH3BGN
KS442556W4NL07RQ57Q5,WOW Certified Web Designer Apprentice,Certification,https://lightcast.io/open-skills/skills/KS442556W4NL07RQ57Q5
ES32A0B18CA4CE68D49F,Warehouse Inventory & Logistics Specialist,Certification,https://lightcast.io/open-skills/skills/ES32A0B18CA4CE68D49F
ES2C293F8370C4CF5F73,Wastewater Operator Certification,Certification,https://lightcast.io/open-skills/skills/ES2C293F8370C4CF5F73
ES671F75B21DAFF50A80,Water Safety Instructor Certification,Certification,https://lightcast.io/open-skills/skills/ES671F75B21DAFF50A80
ESCD23DAD35F1A63C69E,Weighmaster Certification,Certification,https://lightcast.io/open-skills/skills/ESCD23DAD35F1A63C69E
ESD3F84861A53B809A8C,Wicklander-Zulawski Certification,Certification,https://lightcast.io/open-skills/skills/ESD3F84861A53B809A8C
ES4BE15D3FB7F6DCBEB5,Wilderness Emergency Medical Technician (WEMT),Certification,https://lightcast.io/open-skills/skills/ES4BE15D3FB7F6DCBEB5
KS4422B67PR23YK95CZH,Wilderness First Aid,Certification,https://lightcast.io/open-skills/skills/KS4422B67PR23YK95CZH
KS4421W67PFLTS6CMZHW,Wilderness First Responder (WFR),Certification,https://lightcast.io/open-skills/skills/KS4421W67PFLTS6CMZHW
ESD6E9B086C015FF46D8,Wine & Spirit Education Trust (WSET) Certification,Certification,https://lightcast.io/open-skills/skills/ESD6E9B086C015FF46D8
KS441ZP6K3778Y8C25N7,Wireless Certification Programs,Certification,https://lightcast.io/open-skills/skills/KS441ZP6K3778Y8C25N7
ES779C3E39C390B5D657,Wireless Network Technician (WNT),Certification,https://lightcast.io/open-skills/skills/ES779C3E39C390B5D657
KS4424D6M3MLQDKQRX18,Wireless5 Certification,Certification,https://lightcast.io/open-skills/skills/KS4424D6M3MLQDKQRX18
ES208E4DC2505910C5BB,Women's Health Care Nurse Practitioner (WHNP-BC),Certification,https://lightcast.io/open-skills/skills/ES208E4DC2505910C5BB
ESEF8A18C448C6B7A8A3,Work Safely at Heights Certification,Certification,https://lightcast.io/open-skills/skills/ESEF8A18C448C6B7A8A3
KS4424H6FFHWYZCNC7C2,Work-Life Certified Professional,Certification,https://lightcast.io/open-skills/skills/KS4424H6FFHWYZCNC7C2
ES45C4589B9D66FAA177,Working with Children Check (WWCC),Certification,https://lightcast.io/open-skills/skills/ES45C4589B9D66FAA177
ES3F3E75AB798AA25172,Wound Care Certification,Certification,https://lightcast.io/open-skills/skills/ES3F3E75AB798AA25172
KS4427L611FFXP0RWVDR,XML Master Basic,Certification,https://lightcast.io/open-skills/skills/KS4427L611FFXP0RWVDR
KS4427L6058BYYBPVP5R,XML Master Certification,Certification,https://lightcast.io/open-skills/skills/KS4427L6058BYYBPVP5R
ES19AD24FF59C4E8D321,Xsan 2 Administrator,Certification,https://lightcast.io/open-skills/skills/ES19AD24FF59C4E8D321
KS4428V6DWHMTLF0LQ99,Yoga Certification,Certification,https://lightcast.io/open-skills/skills/KS4428V6DWHMTLF0LQ99
ES43C4139D2A2BC51D2C,Youth Ministry Certification,Certification,https://lightcast.io/open-skills/skills/ES43C4139D2A2BC51D2C
KS127SY72GSB8B5LX21W,Zend Certified PHP Engineer,Certification,https://lightcast.io/open-skills/skills/KS127SY72GSB8B5LX21W
ES2E2809C55E340CBAA9,Zend Framework 2 Certification,Certification,https://lightcast.io/open-skills/skills/ES2E2809C55E340CBAA9
ESF6E6C2FEB1B18FBDE8,eLearnSecurity Junior Penetration Tester (eJPT),Certification,https://lightcast.io/open-skills/skills/ESF6E6C2FEB1B18FBDE8
